cliente_id,nombre,apellido,edad,ciudad,estado,pais,email,segmento_cliente,fecha_registro
C00001,Ricardo,López,22,Ciudad de México,CDMX,México,ricardo.lopez1@ejemplo.com,Standard,2022-01-01
C00002,Miguel,Castillo,47,León,GTO,México,miguel.castillo2@ejemplo.com,Premium,2022-01-01
C00003,Jorge,Flores,51,Monterrey,NL,México,jorge.flores3@ejemplo.com,Premium,2022-01-02
C00004,Daniela,Vargas,60,León,GTO,México,daniela.vargas4@ejemplo.com,Frecuente,2022-01-03
C00005,Paola,García,51,Mérida,YUC,México,paola.garcia5@ejemplo.com,Standard,2022-01-03
C00006,Mariana,Ortiz,28,Monterrey,NL,México,mariana.ortiz6@ejemplo.com,Premium,2022-01-03
C00007,Fernanda,Torres,39,Querétaro,QRO,México,fernanda.torres7@ejemplo.com,Standard,2022-01-03
C00008,Héctor,Sánchez,43,Ciudad de México,CDMX,México,hector.sanchez8@ejemplo.com,Standard,2022-01-03
C00009,Andrés,Mendoza,75,León,GTO,México,andres.mendoza9@ejemplo.com,Frecuente,2022-01-03
C00010,Sofía,Martínez,48,Puebla,PUE,México,sofia.martinez10@ejemplo.com,Standard,2022-01-04
C00011,Héctor,Vargas,54,Tijuana,BC,México,hector.vargas11@ejemplo.com,Premium,2022-01-06
C00012,Laura,Pérez,60,Guadalajara,JAL,México,laura.perez12@ejemplo.com,Premium,2022-01-06
C00013,Valeria,Vargas,39,Tijuana,BC,México,valeria.vargas13@ejemplo.com,Premium,2022-01-06
C00014,Alejandro,Ortiz,73,Tijuana,BC,México,alejandro.ortiz14@ejemplo.com,Standard,2022-01-06
C00015,Daniela,Vargas,57,Monterrey,NL,México,daniela.vargas15@ejemplo.com,Standard,2022-01-06
C00016,Alejandro,Vargas,67,Veracruz,VER,México,alejandro.vargas16@ejemplo.com,Standard,2022-01-07
C00017,Laura,Cruz,61,Puebla,PUE,México,laura.cruz17@ejemplo.com,Standard,2022-01-08
C00018,Luis,Morales,54,Monterrey,NL,México,luis.morales18@ejemplo.com,Premium,2022-01-08
C00019,Paola,Cruz,19,Mérida,YUC,México,paola.cruz19@ejemplo.com,Premium,2022-01-08
C00020,Jorge,Pérez,51,Puebla,PUE,México,jorge.perez20@ejemplo.com,Premium,2022-01-08
C00021,Gabriela,Castillo,25,Querétaro,QRO,México,gabriela.castillo21@ejemplo.com,Premium,2022-01-09
C00022,Fernanda,Castillo,52,León,GTO,México,fernanda.castillo22@ejemplo.com,Standard,2022-01-09
C00023,Daniela,Torres,58,Ciudad de México,CDMX,México,daniela.torres23@ejemplo.com,Frecuente,2022-01-09
C00024,José,Flores,49,Mérida,YUC,México,jose.flores24@ejemplo.com,Premium,2022-01-09
C00025,Gabriela,Reyes,35,Ciudad de México,CDMX,México,gabriela.reyes25@ejemplo.com,Standard,2022-01-09
C00026,Diego,Castillo,21,Ciudad de México,CDMX,México,diego.castillo26@ejemplo.com,Premium,2022-01-10
C00027,Sofía,Jiménez,56,Guadalajara,JAL,México,sofia.jimenez27@ejemplo.com,Standard,2022-01-10
C00028,Laura,Morales,58,Guadalajara,JAL,México,laura.morales28@ejemplo.com,Premium,2022-01-10
C00029,Andrés,Ortiz,45,Tijuana,BC,México,andres.ortiz29@ejemplo.com,Standard,2022-01-10
C00030,Ana,Sánchez,59,Veracruz,VER,México,ana.sanchez30@ejemplo.com,Premium,2022-01-10
C00031,Carlos,Reyes,63,Chihuahua,CHIH,México,carlos.reyes31@ejemplo.com,Premium,2022-01-10
C00032,Héctor,García,47,Guadalajara,JAL,México,hector.garcia32@ejemplo.com,Standard,2022-01-11
C00033,María,Ruiz,20,Veracruz,VER,México,maria.ruiz33@ejemplo.com,Premium,2022-01-11
C00034,Diego,Flores,68,Cancún,QROO,México,diego.flores34@ejemplo.com,Standard,2022-01-12
C00035,Miguel,Ortiz,45,Mérida,YUC,México,miguel.ortiz35@ejemplo.com,Premium,2022-01-13
C00036,Ana,Gómez,57,Toluca,MEX,México,ana.gomez36@ejemplo.com,Frecuente,2022-01-13
C00037,Alejandro,Gómez,70,Querétaro,QRO,México,alejandro.gomez37@ejemplo.com,Premium,2022-01-13
C00038,Luis,Torres,39,Puebla,PUE,México,luis.torres38@ejemplo.com,Standard,2022-01-13
C00039,Mariana,Jiménez,54,Mérida,YUC,México,mariana.jimenez39@ejemplo.com,Frecuente,2022-01-13
C00040,Ana,Pérez,19,León,GTO,México,ana.perez40@ejemplo.com,Standard,2022-01-14
C00041,María,Ramírez,69,León,GTO,México,maria.ramirez41@ejemplo.com,Premium,2022-01-14
C00042,Ricardo,Mendoza,21,Monterrey,NL,México,ricardo.mendoza42@ejemplo.com,Standard,2022-01-14
C00043,María,Hernández,49,Veracruz,VER,México,maria.hernandez43@ejemplo.com,Premium,2022-01-14
C00044,Valeria,Cruz,38,Puebla,PUE,México,valeria.cruz44@ejemplo.com,Standard,2022-01-15
C00045,Héctor,Flores,20,Toluca,MEX,México,hector.flores45@ejemplo.com,Premium,2022-01-15
C00046,María,Ruiz,44,Puebla,PUE,México,maria.ruiz46@ejemplo.com,Standard,2022-01-15
C00047,Paola,Gómez,72,Ciudad de México,CDMX,México,paola.gomez47@ejemplo.com,Frecuente,2022-01-15
C00048,Jorge,Torres,27,Veracruz,VER,México,jorge.torres48@ejemplo.com,Premium,2022-01-15
C00049,Sofía,López,34,Cancún,QROO,México,sofia.lopez49@ejemplo.com,Premium,2022-01-16
C00050,Alejandro,Torres,28,Monterrey,NL,México,alejandro.torres50@ejemplo.com,Premium,2022-01-17
C00051,José,López,25,Ciudad de México,CDMX,México,jose.lopez51@ejemplo.com,Standard,2022-01-17
C00052,Ricardo,Torres,31,Guadalajara,JAL,México,ricardo.torres52@ejemplo.com,Premium,2022-01-18
C00053,Mariana,Ortiz,51,Monterrey,NL,México,mariana.ortiz53@ejemplo.com,Standard,2022-01-18
C00054,Alejandro,Pérez,63,Veracruz,VER,México,alejandro.perez54@ejemplo.com,Standard,2022-01-19
C00055,Miguel,Pérez,58,Monterrey,NL,México,miguel.perez55@ejemplo.com,Frecuente,2022-01-19
C00056,Alejandro,López,62,Guadalajara,JAL,México,alejandro.lopez56@ejemplo.com,Premium,2022-01-19
C00057,Alejandro,Morales,59,Chihuahua,CHIH,México,alejandro.morales57@ejemplo.com,Premium,2022-01-21
C00058,Héctor,Ramírez,40,Chihuahua,CHIH,México,hector.ramirez58@ejemplo.com,Premium,2022-01-21
C00059,Sofía,Flores,70,Monterrey,NL,México,sofia.flores59@ejemplo.com,Standard,2022-01-21
C00060,Jorge,Martínez,27,Cancún,QROO,México,jorge.martinez60@ejemplo.com,Premium,2022-01-21
C00061,Luis,Rodríguez,58,Mérida,YUC,México,luis.rodriguez61@ejemplo.com,Premium,2022-01-22
C00062,Jorge,Martínez,24,Mérida,YUC,México,jorge.martinez62@ejemplo.com,Premium,2022-01-24
C00063,Jorge,Ruiz,62,Puebla,PUE,México,jorge.ruiz63@ejemplo.com,Standard,2022-01-24
C00064,Jorge,Ruiz,23,Toluca,MEX,México,jorge.ruiz64@ejemplo.com,Frecuente,2022-01-24
C00065,Luis,Reyes,30,Chihuahua,CHIH,México,luis.reyes65@ejemplo.com,Premium,2022-01-25
C00066,Daniela,Martínez,40,León,GTO,México,daniela.martinez66@ejemplo.com,Premium,2022-01-25
C00067,Luis,Ortiz,58,Chihuahua,CHIH,México,luis.ortiz67@ejemplo.com,Premium,2022-01-25
C00068,Miguel,Flores,20,Guadalajara,JAL,México,miguel.flores68@ejemplo.com,Premium,2022-01-25
C00069,Miguel,López,32,Cancún,QROO,México,miguel.lopez69@ejemplo.com,Frecuente,2022-01-26
C00070,Mariana,Torres,37,Veracruz,VER,México,mariana.torres70@ejemplo.com,Standard,2022-01-27
C00071,Alejandro,Castillo,60,Mérida,YUC,México,alejandro.castillo71@ejemplo.com,Standard,2022-01-27
C00072,Valeria,Sánchez,73,Veracruz,VER,México,valeria.sanchez72@ejemplo.com,Frecuente,2022-01-28
C00073,Ricardo,Hernández,53,Tijuana,BC,México,ricardo.hernandez73@ejemplo.com,Standard,2022-01-29
C00074,Paola,Ruiz,47,Chihuahua,CHIH,México,paola.ruiz74@ejemplo.com,Premium,2022-01-29
C00075,Diego,Ortiz,37,Veracruz,VER,México,diego.ortiz75@ejemplo.com,Standard,2022-01-30
C00076,María,Sánchez,65,Cancún,QROO,México,maria.sanchez76@ejemplo.com,Premium,2022-01-30
C00077,Carlos,Ramírez,24,León,GTO,México,carlos.ramirez77@ejemplo.com,Premium,2022-01-31
C00078,Miguel,Ruiz,25,Mérida,YUC,México,miguel.ruiz78@ejemplo.com,Frecuente,2022-01-31
C00079,Héctor,Jiménez,29,Puebla,PUE,México,hector.jimenez79@ejemplo.com,Premium,2022-01-31
C00080,Luis,Ortiz,33,Mérida,YUC,México,luis.ortiz80@ejemplo.com,Standard,2022-01-31
C00081,Carlos,Rodríguez,44,Veracruz,VER,México,carlos.rodriguez81@ejemplo.com,Premium,2022-01-31
C00082,Luis,Castillo,72,Ciudad de México,CDMX,México,luis.castillo82@ejemplo.com,Premium,2022-02-01
C00083,Miguel,Castillo,55,Monterrey,NL,México,miguel.castillo83@ejemplo.com,Standard,2022-02-01
C00084,José,Sánchez,40,Querétaro,QRO,México,jose.sanchez84@ejemplo.com,Standard,2022-02-02
C00085,Luis,Sánchez,30,Tijuana,BC,México,luis.sanchez85@ejemplo.com,Standard,2022-02-02
C00086,Carlos,López,55,Cancún,QROO,México,carlos.lopez86@ejemplo.com,Premium,2022-02-03
C00087,Héctor,Ramírez,32,Tijuana,BC,México,hector.ramirez87@ejemplo.com,Premium,2022-02-03
C00088,Ana,Hernández,74,Cancún,QROO,México,ana.hernandez88@ejemplo.com,Standard,2022-02-04
C00089,Diego,Pérez,45,Guadalajara,JAL,México,diego.perez89@ejemplo.com,Standard,2022-02-04
C00090,Luis,Castillo,49,Puebla,PUE,México,luis.castillo90@ejemplo.com,Standard,2022-02-05
C00091,Gabriela,Sánchez,70,León,GTO,México,gabriela.sanchez91@ejemplo.com,Standard,2022-02-05
C00092,María,Jiménez,35,Querétaro,QRO,México,maria.jimenez92@ejemplo.com,Frecuente,2022-02-05
C00093,Miguel,Ramírez,45,León,GTO,México,miguel.ramirez93@ejemplo.com,Standard,2022-02-06
C00094,Mariana,Castillo,48,Cancún,QROO,México,mariana.castillo94@ejemplo.com,Premium,2022-02-06
C00095,José,Cruz,33,Puebla,PUE,México,jose.cruz95@ejemplo.com,Standard,2022-02-07
C00096,Ricardo,Cruz,21,Querétaro,QRO,México,ricardo.cruz96@ejemplo.com,Standard,2022-02-07
C00097,Jorge,Jiménez,34,Veracruz,VER,México,jorge.jimenez97@ejemplo.com,Frecuente,2022-02-07
C00098,Carlos,Sánchez,24,Veracruz,VER,México,carlos.sanchez98@ejemplo.com,Premium,2022-02-07
C00099,Alejandro,Torres,57,Ciudad de México,CDMX,México,alejandro.torres99@ejemplo.com,Standard,2022-02-07
C00100,Sofía,Jiménez,18,León,GTO,México,sofia.jimenez100@ejemplo.com,Premium,2022-02-08
C00101,Valeria,Cruz,36,Querétaro,QRO,México,valeria.cruz101@ejemplo.com,Standard,2022-02-08
C00102,Luis,Castillo,69,Ciudad de México,CDMX,México,luis.castillo102@ejemplo.com,Frecuente,2022-02-09
C00103,Ana,Ruiz,50,Cancún,QROO,México,ana.ruiz103@ejemplo.com,Frecuente,2022-02-09
C00104,Fernanda,Pérez,56,Ciudad de México,CDMX,México,fernanda.perez104@ejemplo.com,Premium,2022-02-09
C00105,Diego,Gómez,56,Puebla,PUE,México,diego.gomez105@ejemplo.com,Premium,2022-02-10
C00106,Jorge,Ramírez,35,León,GTO,México,jorge.ramirez106@ejemplo.com,Standard,2022-02-10
C00107,Paola,Ortiz,54,Toluca,MEX,México,paola.ortiz107@ejemplo.com,Standard,2022-02-10
C00108,Mariana,Rodríguez,30,Tijuana,BC,México,mariana.rodriguez108@ejemplo.com,Frecuente,2022-02-10
C00109,Carlos,Flores,54,Toluca,MEX,México,carlos.flores109@ejemplo.com,Premium,2022-02-10
C00110,Sofía,Cruz,57,Chihuahua,CHIH,México,sofia.cruz110@ejemplo.com,Frecuente,2022-02-10
C00111,Luis,Flores,68,Querétaro,QRO,México,luis.flores111@ejemplo.com,Standard,2022-02-10
C00112,Daniela,García,71,Monterrey,NL,México,daniela.garcia112@ejemplo.com,Premium,2022-02-11
C00113,Mariana,Reyes,19,Cancún,QROO,México,mariana.reyes113@ejemplo.com,Premium,2022-02-12
C00114,Miguel,Flores,35,Ciudad de México,CDMX,México,miguel.flores114@ejemplo.com,Standard,2022-02-12
C00115,Ana,Morales,49,Chihuahua,CHIH,México,ana.morales115@ejemplo.com,Premium,2022-02-12
C00116,Sofía,Flores,36,Tijuana,BC,México,sofia.flores116@ejemplo.com,Standard,2022-02-12
C00117,Sofía,Jiménez,53,Toluca,MEX,México,sofia.jimenez117@ejemplo.com,Standard,2022-02-12
C00118,Fernanda,Torres,67,León,GTO,México,fernanda.torres118@ejemplo.com,Standard,2022-02-12
C00119,Gabriela,Flores,32,Querétaro,QRO,México,gabriela.flores119@ejemplo.com,Premium,2022-02-13
C00120,Miguel,Reyes,69,Veracruz,VER,México,miguel.reyes120@ejemplo.com,Frecuente,2022-02-14
C00121,Héctor,Ramírez,69,Toluca,MEX,México,hector.ramirez121@ejemplo.com,Standard,2022-02-14
C00122,Jorge,Sánchez,71,Chihuahua,CHIH,México,jorge.sanchez122@ejemplo.com,Standard,2022-02-15
C00123,Jorge,Morales,22,Guadalajara,JAL,México,jorge.morales123@ejemplo.com,Standard,2022-02-15
C00124,Daniela,Sánchez,35,Querétaro,QRO,México,daniela.sanchez124@ejemplo.com,Standard,2022-02-15
C00125,Diego,Mendoza,25,Veracruz,VER,México,diego.mendoza125@ejemplo.com,Frecuente,2022-02-15
C00126,Andrés,López,24,Toluca,MEX,México,andres.lopez126@ejemplo.com,Standard,2022-02-16
C00127,Ana,Pérez,21,Querétaro,QRO,México,ana.perez127@ejemplo.com,Standard,2022-02-17
C00128,Luis,Rodríguez,43,Ciudad de México,CDMX,México,luis.rodriguez128@ejemplo.com,Premium,2022-02-19
C00129,Daniela,Castillo,23,Puebla,PUE,México,daniela.castillo129@ejemplo.com,Premium,2022-02-19
C00130,Jorge,Mendoza,35,Mérida,YUC,México,jorge.mendoza130@ejemplo.com,Standard,2022-02-20
C00131,Carlos,García,74,Cancún,QROO,México,carlos.garcia131@ejemplo.com,Premium,2022-02-20
C00132,María,Flores,69,Veracruz,VER,México,maria.flores132@ejemplo.com,Standard,2022-02-20
C00133,Fernanda,Jiménez,72,Guadalajara,JAL,México,fernanda.jimenez133@ejemplo.com,Frecuente,2022-02-21
C00134,Miguel,Torres,20,Tijuana,BC,México,miguel.torres134@ejemplo.com,Premium,2022-02-21
C00135,Andrés,Martínez,56,Puebla,PUE,México,andres.martinez135@ejemplo.com,Premium,2022-02-21
C00136,Laura,Hernández,54,Veracruz,VER,México,laura.hernandez136@ejemplo.com,Standard,2022-02-21
C00137,Fernanda,Hernández,25,Guadalajara,JAL,México,fernanda.hernandez137@ejemplo.com,Premium,2022-02-22
C00138,Daniela,García,70,Monterrey,NL,México,daniela.garcia138@ejemplo.com,Standard,2022-02-22
C00139,Laura,Castillo,41,Puebla,PUE,México,laura.castillo139@ejemplo.com,Standard,2022-02-22
C00140,Mariana,Flores,74,Guadalajara,JAL,México,mariana.flores140@ejemplo.com,Standard,2022-02-22
C00141,María,Hernández,24,Cancún,QROO,México,maria.hernandez141@ejemplo.com,Standard,2022-02-23
C00142,Miguel,García,55,Mérida,YUC,México,miguel.garcia142@ejemplo.com,Standard,2022-02-23
C00143,Daniela,Pérez,25,Mérida,YUC,México,daniela.perez143@ejemplo.com,Premium,2022-02-24
C00144,Valeria,López,73,Chihuahua,CHIH,México,valeria.lopez144@ejemplo.com,Premium,2022-02-24
C00145,Jorge,Castillo,53,Querétaro,QRO,México,jorge.castillo145@ejemplo.com,Premium,2022-02-24
C00146,Paola,Gómez,22,Puebla,PUE,México,paola.gomez146@ejemplo.com,Frecuente,2022-02-24
C00147,Fernanda,Mendoza,30,Tijuana,BC,México,fernanda.mendoza147@ejemplo.com,Premium,2022-02-24
C00148,Héctor,Flores,38,Toluca,MEX,México,hector.flores148@ejemplo.com,Premium,2022-02-25
C00149,María,Ramírez,18,Mérida,YUC,México,maria.ramirez149@ejemplo.com,Premium,2022-02-25
C00150,Luis,Jiménez,18,Monterrey,NL,México,luis.jimenez150@ejemplo.com,Premium,2022-02-25
C00151,Ricardo,Torres,71,León,GTO,México,ricardo.torres151@ejemplo.com,Premium,2022-02-26
C00152,Jorge,Castillo,74,León,GTO,México,jorge.castillo152@ejemplo.com,Standard,2022-02-28
C00153,Sofía,Hernández,49,Monterrey,NL,México,sofia.hernandez153@ejemplo.com,Premium,2022-02-28
C00154,Daniela,Gómez,70,Mérida,YUC,México,daniela.gomez154@ejemplo.com,Standard,2022-03-01
C00155,Héctor,Gómez,56,Mérida,YUC,México,hector.gomez155@ejemplo.com,Premium,2022-03-01
C00156,Gabriela,Rodríguez,19,Monterrey,NL,México,gabriela.rodriguez156@ejemplo.com,Standard,2022-03-01
C00157,Alejandro,Rodríguez,59,Ciudad de México,CDMX,México,alejandro.rodriguez157@ejemplo.com,Premium,2022-03-01
C00158,Diego,López,19,León,GTO,México,diego.lopez158@ejemplo.com,Standard,2022-03-01
C00159,Diego,Mendoza,65,Cancún,QROO,México,diego.mendoza159@ejemplo.com,Frecuente,2022-03-01
C00160,Alejandro,Morales,39,León,GTO,México,alejandro.morales160@ejemplo.com,Premium,2022-03-02
C00161,María,Cruz,26,Tijuana,BC,México,maria.cruz161@ejemplo.com,Frecuente,2022-03-02
C00162,Miguel,Sánchez,32,Mérida,YUC,México,miguel.sanchez162@ejemplo.com,Premium,2022-03-03
C00163,Sofía,Pérez,57,Veracruz,VER,México,sofia.perez163@ejemplo.com,Standard,2022-03-03
C00164,Héctor,Ramírez,67,Monterrey,NL,México,hector.ramirez164@ejemplo.com,Standard,2022-03-03
C00165,María,Pérez,51,Cancún,QROO,México,maria.perez165@ejemplo.com,Premium,2022-03-03
C00166,Laura,Pérez,27,Guadalajara,JAL,México,laura.perez166@ejemplo.com,Premium,2022-03-03
C00167,Andrés,Hernández,70,Ciudad de México,CDMX,México,andres.hernandez167@ejemplo.com,Premium,2022-03-04
C00168,Ricardo,Reyes,63,Veracruz,VER,México,ricardo.reyes168@ejemplo.com,Standard,2022-03-04
C00169,María,Ruiz,41,Guadalajara,JAL,México,maria.ruiz169@ejemplo.com,Premium,2022-03-05
C00170,Miguel,Mendoza,50,Cancún,QROO,México,miguel.mendoza170@ejemplo.com,Frecuente,2022-03-05
C00171,Jorge,Reyes,73,Mérida,YUC,México,jorge.reyes171@ejemplo.com,Premium,2022-03-05
C00172,José,Pérez,39,Toluca,MEX,México,jose.perez172@ejemplo.com,Frecuente,2022-03-05
C00173,Gabriela,Flores,19,Mérida,YUC,México,gabriela.flores173@ejemplo.com,Premium,2022-03-05
C00174,Carlos,Ortiz,26,León,GTO,México,carlos.ortiz174@ejemplo.com,Standard,2022-03-06
C00175,Ana,Jiménez,52,Chihuahua,CHIH,México,ana.jimenez175@ejemplo.com,Premium,2022-03-07
C00176,Ricardo,Pérez,75,Toluca,MEX,México,ricardo.perez176@ejemplo.com,Premium,2022-03-07
C00177,Ana,Morales,60,León,GTO,México,ana.morales177@ejemplo.com,Premium,2022-03-07
C00178,Fernanda,Mendoza,53,Guadalajara,JAL,México,fernanda.mendoza178@ejemplo.com,Standard,2022-03-08
C00179,Laura,Cruz,36,Monterrey,NL,México,laura.cruz179@ejemplo.com,Premium,2022-03-08
C00180,José,García,43,Querétaro,QRO,México,jose.garcia180@ejemplo.com,Standard,2022-03-09
C00181,Gabriela,Cruz,20,Cancún,QROO,México,gabriela.cruz181@ejemplo.com,Frecuente,2022-03-09
C00182,Paola,Pérez,39,León,GTO,México,paola.perez182@ejemplo.com,Premium,2022-03-10
C00183,Jorge,Martínez,54,Toluca,MEX,México,jorge.martinez183@ejemplo.com,Premium,2022-03-10
C00184,Gabriela,Ortiz,70,Guadalajara,JAL,México,gabriela.ortiz184@ejemplo.com,Premium,2022-03-10
C00185,Paola,Cruz,71,Monterrey,NL,México,paola.cruz185@ejemplo.com,Premium,2022-03-10
C00186,Daniela,López,65,Guadalajara,JAL,México,daniela.lopez186@ejemplo.com,Standard,2022-03-11
C00187,Gabriela,Gómez,19,Mérida,YUC,México,gabriela.gomez187@ejemplo.com,Standard,2022-03-11
C00188,Diego,Hernández,65,Cancún,QROO,México,diego.hernandez188@ejemplo.com,Premium,2022-03-11
C00189,Héctor,Rodríguez,30,Guadalajara,JAL,México,hector.rodriguez189@ejemplo.com,Premium,2022-03-11
C00190,Sofía,Jiménez,53,Chihuahua,CHIH,México,sofia.jimenez190@ejemplo.com,Standard,2022-03-12
C00191,Andrés,Martínez,72,Puebla,PUE,México,andres.martinez191@ejemplo.com,Premium,2022-03-12
C00192,Alejandro,Ramírez,69,Cancún,QROO,México,alejandro.ramirez192@ejemplo.com,Standard,2022-03-12
C00193,Fernanda,Martínez,56,Toluca,MEX,México,fernanda.martinez193@ejemplo.com,Frecuente,2022-03-13
C00194,Laura,Vargas,35,Ciudad de México,CDMX,México,laura.vargas194@ejemplo.com,Premium,2022-03-13
C00195,María,Mendoza,48,Chihuahua,CHIH,México,maria.mendoza195@ejemplo.com,Standard,2022-03-13
C00196,José,Torres,58,Veracruz,VER,México,jose.torres196@ejemplo.com,Standard,2022-03-14
C00197,Alejandro,Torres,47,Veracruz,VER,México,alejandro.torres197@ejemplo.com,Standard,2022-03-14
C00198,Alejandro,Cruz,41,Guadalajara,JAL,México,alejandro.cruz198@ejemplo.com,Standard,2022-03-15
C00199,Valeria,Jiménez,41,Tijuana,BC,México,valeria.jimenez199@ejemplo.com,Standard,2022-03-15
C00200,Mariana,Ruiz,52,Monterrey,NL,México,mariana.ruiz200@ejemplo.com,Standard,2022-03-15
C00201,José,Castillo,20,Querétaro,QRO,México,jose.castillo201@ejemplo.com,Standard,2022-03-15
C00202,José,Ramírez,75,Veracruz,VER,México,jose.ramirez202@ejemplo.com,Standard,2022-03-15
C00203,Héctor,Cruz,23,Toluca,MEX,México,hector.cruz203@ejemplo.com,Standard,2022-03-16
C00204,Daniela,García,75,Toluca,MEX,México,daniela.garcia204@ejemplo.com,Standard,2022-03-16
C00205,Luis,Vargas,20,Querétaro,QRO,México,luis.vargas205@ejemplo.com,Premium,2022-03-17
C00206,Fernanda,Martínez,47,Veracruz,VER,México,fernanda.martinez206@ejemplo.com,Frecuente,2022-03-17
C00207,Andrés,Ruiz,42,Veracruz,VER,México,andres.ruiz207@ejemplo.com,Premium,2022-03-17
C00208,Paola,Torres,51,Toluca,MEX,México,paola.torres208@ejemplo.com,Premium,2022-03-18
C00209,Fernanda,Morales,43,Toluca,MEX,México,fernanda.morales209@ejemplo.com,Premium,2022-03-18
C00210,Miguel,Cruz,70,Cancún,QROO,México,miguel.cruz210@ejemplo.com,Premium,2022-03-18
C00211,Diego,Castillo,18,Guadalajara,JAL,México,diego.castillo211@ejemplo.com,Standard,2022-03-18
C00212,Diego,Gómez,75,Puebla,PUE,México,diego.gomez212@ejemplo.com,Premium,2022-03-18
C00213,Fernanda,Ruiz,57,Toluca,MEX,México,fernanda.ruiz213@ejemplo.com,Standard,2022-03-18
C00214,Jorge,Sánchez,63,Puebla,PUE,México,jorge.sanchez214@ejemplo.com,Standard,2022-03-18
C00215,Héctor,Cruz,26,Monterrey,NL,México,hector.cruz215@ejemplo.com,Premium,2022-03-19
C00216,Ana,García,21,Veracruz,VER,México,ana.garcia216@ejemplo.com,Premium,2022-03-19
C00217,Paola,Ramírez,41,Querétaro,QRO,México,paola.ramirez217@ejemplo.com,Standard,2022-03-19
C00218,Daniela,Flores,36,Chihuahua,CHIH,México,daniela.flores218@ejemplo.com,Standard,2022-03-20
C00219,Laura,Vargas,63,Puebla,PUE,México,laura.vargas219@ejemplo.com,Premium,2022-03-20
C00220,María,Cruz,70,Tijuana,BC,México,maria.cruz220@ejemplo.com,Premium,2022-03-21
C00221,Carlos,López,42,Tijuana,BC,México,carlos.lopez221@ejemplo.com,Premium,2022-03-22
C00222,Gabriela,Sánchez,62,Tijuana,BC,México,gabriela.sanchez222@ejemplo.com,Premium,2022-03-22
C00223,Alejandro,Pérez,21,Querétaro,QRO,México,alejandro.perez223@ejemplo.com,Premium,2022-03-22
C00224,Héctor,Torres,61,Puebla,PUE,México,hector.torres224@ejemplo.com,Frecuente,2022-03-22
C00225,Luis,Ortiz,23,Toluca,MEX,México,luis.ortiz225@ejemplo.com,Premium,2022-03-24
C00226,Fernanda,Ortiz,56,Puebla,PUE,México,fernanda.ortiz226@ejemplo.com,Premium,2022-03-24
C00227,Carlos,López,40,Querétaro,QRO,México,carlos.lopez227@ejemplo.com,Frecuente,2022-03-24
C00228,Paola,Mendoza,42,Chihuahua,CHIH,México,paola.mendoza228@ejemplo.com,Standard,2022-03-25
C00229,Laura,Reyes,34,Querétaro,QRO,México,laura.reyes229@ejemplo.com,Premium,2022-03-25
C00230,Sofía,Rodríguez,41,Ciudad de México,CDMX,México,sofia.rodriguez230@ejemplo.com,Standard,2022-03-25
C00231,Diego,Martínez,68,Ciudad de México,CDMX,México,diego.martinez231@ejemplo.com,Frecuente,2022-03-25
C00232,Fernanda,Mendoza,64,Querétaro,QRO,México,fernanda.mendoza232@ejemplo.com,Premium,2022-03-26
C00233,Sofía,Sánchez,37,Cancún,QROO,México,sofia.sanchez233@ejemplo.com,Premium,2022-03-26
C00234,Ricardo,Torres,35,Veracruz,VER,México,ricardo.torres234@ejemplo.com,Frecuente,2022-03-27
C00235,María,Cruz,47,Guadalajara,JAL,México,maria.cruz235@ejemplo.com,Standard,2022-03-27
C00236,Gabriela,Ortiz,57,Mérida,YUC,México,gabriela.ortiz236@ejemplo.com,Frecuente,2022-03-27
C00237,Valeria,Mendoza,28,Puebla,PUE,México,valeria.mendoza237@ejemplo.com,Premium,2022-03-27
C00238,Héctor,Reyes,60,Querétaro,QRO,México,hector.reyes238@ejemplo.com,Frecuente,2022-03-27
C00239,Alejandro,Pérez,73,Querétaro,QRO,México,alejandro.perez239@ejemplo.com,Premium,2022-03-28
C00240,Alejandro,Flores,66,Puebla,PUE,México,alejandro.flores240@ejemplo.com,Standard,2022-03-28
C00241,María,Vargas,49,Ciudad de México,CDMX,México,maria.vargas241@ejemplo.com,Frecuente,2022-03-28
C00242,Gabriela,Torres,36,Ciudad de México,CDMX,México,gabriela.torres242@ejemplo.com,Premium,2022-03-28
C00243,Alejandro,Ramírez,36,Mérida,YUC,México,alejandro.ramirez243@ejemplo.com,Premium,2022-03-28
C00244,Mariana,López,61,Monterrey,NL,México,mariana.lopez244@ejemplo.com,Standard,2022-03-29
C00245,María,Rodríguez,44,Puebla,PUE,México,maria.rodriguez245@ejemplo.com,Frecuente,2022-03-29
C00246,Ana,Pérez,24,Guadalajara,JAL,México,ana.perez246@ejemplo.com,Premium,2022-03-29
C00247,Valeria,García,57,Ciudad de México,CDMX,México,valeria.garcia247@ejemplo.com,Frecuente,2022-03-29
C00248,Alejandro,Ramírez,26,Guadalajara,JAL,México,alejandro.ramirez248@ejemplo.com,Premium,2022-03-29
C00249,Alejandro,Ortiz,75,Tijuana,BC,México,alejandro.ortiz249@ejemplo.com,Premium,2022-03-29
C00250,Valeria,Ramírez,42,Guadalajara,JAL,México,valeria.ramirez250@ejemplo.com,Premium,2022-03-30
C00251,Diego,Ramírez,37,Monterrey,NL,México,diego.ramirez251@ejemplo.com,Frecuente,2022-03-30
C00252,José,Martínez,21,Puebla,PUE,México,jose.martinez252@ejemplo.com,Premium,2022-03-30
C00253,Andrés,Torres,27,Puebla,PUE,México,andres.torres253@ejemplo.com,Standard,2022-03-31
C00254,Valeria,Pérez,72,Ciudad de México,CDMX,México,valeria.perez254@ejemplo.com,Premium,2022-03-31
C00255,Carlos,Rodríguez,49,Guadalajara,JAL,México,carlos.rodriguez255@ejemplo.com,Frecuente,2022-04-01
C00256,Carlos,Castillo,70,Veracruz,VER,México,carlos.castillo256@ejemplo.com,Standard,2022-04-01
C00257,Laura,Ortiz,73,León,GTO,México,laura.ortiz257@ejemplo.com,Premium,2022-04-02
C00258,Sofía,Mendoza,20,Guadalajara,JAL,México,sofia.mendoza258@ejemplo.com,Premium,2022-04-03
C00259,Daniela,Flores,40,Puebla,PUE,México,daniela.flores259@ejemplo.com,Premium,2022-04-04
C00260,Ana,Jiménez,66,Tijuana,BC,México,ana.jimenez260@ejemplo.com,Premium,2022-04-04
C00261,Mariana,Sánchez,46,Chihuahua,CHIH,México,mariana.sanchez261@ejemplo.com,Standard,2022-04-04
C00262,Laura,García,47,Chihuahua,CHIH,México,laura.garcia262@ejemplo.com,Standard,2022-04-04
C00263,Valeria,Mendoza,51,Toluca,MEX,México,valeria.mendoza263@ejemplo.com,Premium,2022-04-05
C00264,Fernanda,Sánchez,58,Guadalajara,JAL,México,fernanda.sanchez264@ejemplo.com,Standard,2022-04-05
C00265,Héctor,Vargas,72,Querétaro,QRO,México,hector.vargas265@ejemplo.com,Standard,2022-04-05
C00266,Gabriela,Castillo,69,Querétaro,QRO,México,gabriela.castillo266@ejemplo.com,Premium,2022-04-05
C00267,Luis,López,54,Cancún,QROO,México,luis.lopez267@ejemplo.com,Premium,2022-04-06
C00268,Jorge,Gómez,51,Chihuahua,CHIH,México,jorge.gomez268@ejemplo.com,Premium,2022-04-06
C00269,Daniela,Hernández,38,Puebla,PUE,México,daniela.hernandez269@ejemplo.com,Standard,2022-04-06
C00270,Luis,Ruiz,24,Mérida,YUC,México,luis.ruiz270@ejemplo.com,Premium,2022-04-07
C00271,Ricardo,Jiménez,59,Puebla,PUE,México,ricardo.jimenez271@ejemplo.com,Standard,2022-04-07
C00272,José,Flores,18,Monterrey,NL,México,jose.flores272@ejemplo.com,Premium,2022-04-08
C00273,Ana,Flores,58,Puebla,PUE,México,ana.flores273@ejemplo.com,Standard,2022-04-08
C00274,Fernanda,Reyes,46,León,GTO,México,fernanda.reyes274@ejemplo.com,Premium,2022-04-09
C00275,Jorge,Castillo,63,Querétaro,QRO,México,jorge.castillo275@ejemplo.com,Standard,2022-04-09
C00276,Ana,Martínez,73,León,GTO,México,ana.martinez276@ejemplo.com,Premium,2022-04-09
C00277,Ana,Ruiz,50,León,GTO,México,ana.ruiz277@ejemplo.com,Premium,2022-04-09
C00278,Héctor,Castillo,51,Tijuana,BC,México,hector.castillo278@ejemplo.com,Premium,2022-04-10
C00279,María,López,46,Veracruz,VER,México,maria.lopez279@ejemplo.com,Standard,2022-04-10
C00280,Ricardo,Cruz,39,Ciudad de México,CDMX,México,ricardo.cruz280@ejemplo.com,Standard,2022-04-10
C00281,Andrés,Morales,23,Chihuahua,CHIH,México,andres.morales281@ejemplo.com,Premium,2022-04-11
C00282,Andrés,Torres,19,Ciudad de México,CDMX,México,andres.torres282@ejemplo.com,Standard,2022-04-11
C00283,Héctor,Martínez,59,Tijuana,BC,México,hector.martinez283@ejemplo.com,Standard,2022-04-11
C00284,Paola,Ramírez,71,Toluca,MEX,México,paola.ramirez284@ejemplo.com,Standard,2022-04-11
C00285,Mariana,Ramírez,21,León,GTO,México,mariana.ramirez285@ejemplo.com,Standard,2022-04-11
C00286,Valeria,López,36,Puebla,PUE,México,valeria.lopez286@ejemplo.com,Premium,2022-04-12
C00287,Sofía,Morales,53,Chihuahua,CHIH,México,sofia.morales287@ejemplo.com,Standard,2022-04-12
C00288,Gabriela,Mendoza,58,Guadalajara,JAL,México,gabriela.mendoza288@ejemplo.com,Standard,2022-04-13
C00289,Sofía,García,60,León,GTO,México,sofia.garcia289@ejemplo.com,Standard,2022-04-13
C00290,Sofía,López,58,Mérida,YUC,México,sofia.lopez290@ejemplo.com,Premium,2022-04-13
C00291,Héctor,López,22,Monterrey,NL,México,hector.lopez291@ejemplo.com,Standard,2022-04-13
C00292,Gabriela,Cruz,32,Veracruz,VER,México,gabriela.cruz292@ejemplo.com,Premium,2022-04-13
C00293,Carlos,Reyes,45,Toluca,MEX,México,carlos.reyes293@ejemplo.com,Standard,2022-04-14
C00294,Andrés,Ruiz,21,Ciudad de México,CDMX,México,andres.ruiz294@ejemplo.com,Premium,2022-04-14
C00295,Alejandro,Ortiz,37,Guadalajara,JAL,México,alejandro.ortiz295@ejemplo.com,Premium,2022-04-14
C00296,Paola,Gómez,40,Ciudad de México,CDMX,México,paola.gomez296@ejemplo.com,Standard,2022-04-14
C00297,Miguel,Ramírez,74,Tijuana,BC,México,miguel.ramirez297@ejemplo.com,Frecuente,2022-04-14
C00298,Daniela,Ruiz,36,Querétaro,QRO,México,daniela.ruiz298@ejemplo.com,Premium,2022-04-15
C00299,Ricardo,Ortiz,74,León,GTO,México,ricardo.ortiz299@ejemplo.com,Standard,2022-04-15
C00300,Héctor,García,58,León,GTO,México,hector.garcia300@ejemplo.com,Standard,2022-04-15
C00301,Laura,Reyes,58,Ciudad de México,CDMX,México,laura.reyes301@ejemplo.com,Frecuente,2022-04-16
C00302,Mariana,Vargas,65,Querétaro,QRO,México,mariana.vargas302@ejemplo.com,Standard,2022-04-16
C00303,Ricardo,Rodríguez,66,Toluca,MEX,México,ricardo.rodriguez303@ejemplo.com,Premium,2022-04-18
C00304,José,Reyes,30,Chihuahua,CHIH,México,jose.reyes304@ejemplo.com,Premium,2022-04-18
C00305,Ana,Jiménez,42,Puebla,PUE,México,ana.jimenez305@ejemplo.com,Standard,2022-04-19
C00306,Héctor,Gómez,48,Ciudad de México,CDMX,México,hector.gomez306@ejemplo.com,Premium,2022-04-20
C00307,María,Vargas,74,Guadalajara,JAL,México,maria.vargas307@ejemplo.com,Frecuente,2022-04-21
C00308,Andrés,Castillo,20,Tijuana,BC,México,andres.castillo308@ejemplo.com,Frecuente,2022-04-21
C00309,Laura,Rodríguez,45,Querétaro,QRO,México,laura.rodriguez309@ejemplo.com,Frecuente,2022-04-21
C00310,Fernanda,Reyes,30,Tijuana,BC,México,fernanda.reyes310@ejemplo.com,Premium,2022-04-22
C00311,Alejandro,Hernández,29,Guadalajara,JAL,México,alejandro.hernandez311@ejemplo.com,Standard,2022-04-23
C00312,Alejandro,Martínez,62,Tijuana,BC,México,alejandro.martinez312@ejemplo.com,Standard,2022-04-23
C00313,Ana,Pérez,29,Puebla,PUE,México,ana.perez313@ejemplo.com,Premium,2022-04-23
C00314,María,López,64,Querétaro,QRO,México,maria.lopez314@ejemplo.com,Premium,2022-04-24
C00315,José,Flores,75,Ciudad de México,CDMX,México,jose.flores315@ejemplo.com,Premium,2022-04-24
C00316,Valeria,Ramírez,63,Toluca,MEX,México,valeria.ramirez316@ejemplo.com,Premium,2022-04-24
C00317,Luis,López,27,Querétaro,QRO,México,luis.lopez317@ejemplo.com,Frecuente,2022-04-24
C00318,Diego,Gómez,26,Puebla,PUE,México,diego.gomez318@ejemplo.com,Frecuente,2022-04-24
C00319,Paola,Reyes,43,Chihuahua,CHIH,México,paola.reyes319@ejemplo.com,Premium,2022-04-25
C00320,Ana,López,49,León,GTO,México,ana.lopez320@ejemplo.com,Standard,2022-04-25
C00321,Carlos,Jiménez,63,Guadalajara,JAL,México,carlos.jimenez321@ejemplo.com,Premium,2022-04-25
C00322,Héctor,Jiménez,42,Guadalajara,JAL,México,hector.jimenez322@ejemplo.com,Premium,2022-04-25
C00323,Daniela,Gómez,27,Ciudad de México,CDMX,México,daniela.gomez323@ejemplo.com,Premium,2022-04-25
C00324,María,Mendoza,75,Mérida,YUC,México,maria.mendoza324@ejemplo.com,Standard,2022-04-25
C00325,Alejandro,Flores,70,Tijuana,BC,México,alejandro.flores325@ejemplo.com,Standard,2022-04-26
C00326,María,Rodríguez,55,Tijuana,BC,México,maria.rodriguez326@ejemplo.com,Frecuente,2022-04-26
C00327,Valeria,Ruiz,58,Mérida,YUC,México,valeria.ruiz327@ejemplo.com,Frecuente,2022-04-26
C00328,Ana,Pérez,72,Mérida,YUC,México,ana.perez328@ejemplo.com,Premium,2022-04-26
C00329,Ricardo,Torres,45,Ciudad de México,CDMX,México,ricardo.torres329@ejemplo.com,Standard,2022-04-26
C00330,Fernanda,Torres,26,Guadalajara,JAL,México,fernanda.torres330@ejemplo.com,Premium,2022-04-27
C00331,Valeria,López,53,Toluca,MEX,México,valeria.lopez331@ejemplo.com,Premium,2022-04-27
C00332,Héctor,Morales,44,Veracruz,VER,México,hector.morales332@ejemplo.com,Standard,2022-04-28
C00333,María,Flores,64,Chihuahua,CHIH,México,maria.flores333@ejemplo.com,Premium,2022-04-28
C00334,Gabriela,Hernández,62,Chihuahua,CHIH,México,gabriela.hernandez334@ejemplo.com,Premium,2022-04-28
C00335,Jorge,García,45,Querétaro,QRO,México,jorge.garcia335@ejemplo.com,Premium,2022-04-28
C00336,Laura,Morales,39,Toluca,MEX,México,laura.morales336@ejemplo.com,Premium,2022-04-29
C00337,Andrés,Castillo,42,Chihuahua,CHIH,México,andres.castillo337@ejemplo.com,Frecuente,2022-04-29
C00338,Valeria,Rodríguez,54,Chihuahua,CHIH,México,valeria.rodriguez338@ejemplo.com,Premium,2022-04-29
C00339,María,Ruiz,54,Guadalajara,JAL,México,maria.ruiz339@ejemplo.com,Standard,2022-04-30
C00340,Fernanda,López,47,Guadalajara,JAL,México,fernanda.lopez340@ejemplo.com,Frecuente,2022-04-30
C00341,Carlos,Torres,48,Tijuana,BC,México,carlos.torres341@ejemplo.com,Standard,2022-05-01
C00342,Jorge,Morales,75,Mérida,YUC,México,jorge.morales342@ejemplo.com,Premium,2022-05-02
C00343,Valeria,Cruz,32,Veracruz,VER,México,valeria.cruz343@ejemplo.com,Frecuente,2022-05-02
C00344,José,Torres,28,Puebla,PUE,México,jose.torres344@ejemplo.com,Premium,2022-05-02
C00345,Sofía,Morales,64,Toluca,MEX,México,sofia.morales345@ejemplo.com,Premium,2022-05-02
C00346,María,Cruz,72,Chihuahua,CHIH,México,maria.cruz346@ejemplo.com,Standard,2022-05-03
C00347,Fernanda,Mendoza,53,Veracruz,VER,México,fernanda.mendoza347@ejemplo.com,Premium,2022-05-03
C00348,Fernanda,Martínez,41,Monterrey,NL,México,fernanda.martinez348@ejemplo.com,Standard,2022-05-03
C00349,Carlos,Morales,38,Monterrey,NL,México,carlos.morales349@ejemplo.com,Premium,2022-05-03
C00350,Valeria,Sánchez,45,Monterrey,NL,México,valeria.sanchez350@ejemplo.com,Standard,2022-05-03
C00351,Ana,Ruiz,21,León,GTO,México,ana.ruiz351@ejemplo.com,Standard,2022-05-04
C00352,Luis,Martínez,48,León,GTO,México,luis.martinez352@ejemplo.com,Frecuente,2022-05-04
C00353,Diego,Castillo,33,Tijuana,BC,México,diego.castillo353@ejemplo.com,Premium,2022-05-04
C00354,Fernanda,Sánchez,33,Guadalajara,JAL,México,fernanda.sanchez354@ejemplo.com,Premium,2022-05-04
C00355,Paola,Torres,50,Mérida,YUC,México,paola.torres355@ejemplo.com,Frecuente,2022-05-05
C00356,Héctor,Martínez,73,León,GTO,México,hector.martinez356@ejemplo.com,Standard,2022-05-06
C00357,Daniela,Martínez,29,Querétaro,QRO,México,daniela.martinez357@ejemplo.com,Premium,2022-05-06
C00358,Andrés,Flores,70,Puebla,PUE,México,andres.flores358@ejemplo.com,Premium,2022-05-06
C00359,Laura,Jiménez,48,Cancún,QROO,México,laura.jimenez359@ejemplo.com,Standard,2022-05-07
C00360,Carlos,Flores,74,Cancún,QROO,México,carlos.flores360@ejemplo.com,Standard,2022-05-07
C00361,Daniela,Pérez,40,Cancún,QROO,México,daniela.perez361@ejemplo.com,Standard,2022-05-08
C00362,Héctor,Vargas,75,Chihuahua,CHIH,México,hector.vargas362@ejemplo.com,Frecuente,2022-05-09
C00363,Valeria,Ramírez,56,Puebla,PUE,México,valeria.ramirez363@ejemplo.com,Premium,2022-05-10
C00364,Gabriela,Hernández,56,Cancún,QROO,México,gabriela.hernandez364@ejemplo.com,Premium,2022-05-11
C00365,Sofía,Ramírez,50,Chihuahua,CHIH,México,sofia.ramirez365@ejemplo.com,Standard,2022-05-11
C00366,Ricardo,Martínez,44,Monterrey,NL,México,ricardo.martinez366@ejemplo.com,Frecuente,2022-05-12
C00367,Laura,Castillo,48,Puebla,PUE,México,laura.castillo367@ejemplo.com,Premium,2022-05-12
C00368,Valeria,Vargas,67,Ciudad de México,CDMX,México,valeria.vargas368@ejemplo.com,Standard,2022-05-13
C00369,Daniela,López,63,Tijuana,BC,México,daniela.lopez369@ejemplo.com,Premium,2022-05-13
C00370,Sofía,Reyes,19,Ciudad de México,CDMX,México,sofia.reyes370@ejemplo.com,Premium,2022-05-13
C00371,Paola,Rodríguez,58,León,GTO,México,paola.rodriguez371@ejemplo.com,Frecuente,2022-05-13
C00372,Andrés,Ruiz,66,Guadalajara,JAL,México,andres.ruiz372@ejemplo.com,Premium,2022-05-13
C00373,María,López,61,León,GTO,México,maria.lopez373@ejemplo.com,Premium,2022-05-14
C00374,Ana,Martínez,46,Mérida,YUC,México,ana.martinez374@ejemplo.com,Standard,2022-05-15
C00375,Andrés,Morales,37,Veracruz,VER,México,andres.morales375@ejemplo.com,Premium,2022-05-15
C00376,Daniela,Flores,57,Tijuana,BC,México,daniela.flores376@ejemplo.com,Premium,2022-05-16
C00377,Ricardo,Gómez,56,Tijuana,BC,México,ricardo.gomez377@ejemplo.com,Standard,2022-05-17
C00378,Sofía,Ruiz,39,Monterrey,NL,México,sofia.ruiz378@ejemplo.com,Premium,2022-05-17
C00379,Fernanda,López,41,Mérida,YUC,México,fernanda.lopez379@ejemplo.com,Standard,2022-05-17
C00380,Luis,Ramírez,39,Monterrey,NL,México,luis.ramirez380@ejemplo.com,Premium,2022-05-18
C00381,Ricardo,Morales,20,Guadalajara,JAL,México,ricardo.morales381@ejemplo.com,Premium,2022-05-18
C00382,Alejandro,Torres,19,Veracruz,VER,México,alejandro.torres382@ejemplo.com,Standard,2022-05-18
C00383,María,Castillo,22,León,GTO,México,maria.castillo383@ejemplo.com,Premium,2022-05-18
C00384,María,Vargas,42,Guadalajara,JAL,México,maria.vargas384@ejemplo.com,Frecuente,2022-05-20
C00385,Laura,Morales,47,Cancún,QROO,México,laura.morales385@ejemplo.com,Frecuente,2022-05-21
C00386,Gabriela,Rodríguez,41,Puebla,PUE,México,gabriela.rodriguez386@ejemplo.com,Frecuente,2022-05-21
C00387,Ana,Sánchez,73,Monterrey,NL,México,ana.sanchez387@ejemplo.com,Premium,2022-05-21
C00388,Mariana,Vargas,31,Querétaro,QRO,México,mariana.vargas388@ejemplo.com,Premium,2022-05-22
C00389,Fernanda,Rodríguez,40,Toluca,MEX,México,fernanda.rodriguez389@ejemplo.com,Frecuente,2022-05-22
C00390,Gabriela,Ruiz,32,Ciudad de México,CDMX,México,gabriela.ruiz390@ejemplo.com,Standard,2022-05-22
C00391,Ricardo,Rodríguez,35,Tijuana,BC,México,ricardo.rodriguez391@ejemplo.com,Standard,2022-05-23
C00392,Ricardo,Jiménez,51,Veracruz,VER,México,ricardo.jimenez392@ejemplo.com,Frecuente,2022-05-24
C00393,Héctor,Vargas,35,Tijuana,BC,México,hector.vargas393@ejemplo.com,Premium,2022-05-24
C00394,Héctor,Pérez,36,Guadalajara,JAL,México,hector.perez394@ejemplo.com,Premium,2022-05-24
C00395,Luis,García,56,Querétaro,QRO,México,luis.garcia395@ejemplo.com,Standard,2022-05-25
C00396,Miguel,López,66,León,GTO,México,miguel.lopez396@ejemplo.com,Standard,2022-05-25
C00397,Alejandro,Morales,30,Veracruz,VER,México,,Premium,2022-05-25
C00398,María,Ortiz,24,Cancún,QROO,México,maria.ortiz398@ejemplo.com,Standard,2022-05-25
C00399,Alejandro,Castillo,31,Ciudad de México,CDMX,México,alejandro.castillo399@ejemplo.com,Standard,2022-05-27
C00400,Gabriela,Flores,51,Toluca,MEX,México,gabriela.flores400@ejemplo.com,Premium,2022-05-27
C00401,Gabriela,Jiménez,73,Toluca,MEX,México,gabriela.jimenez401@ejemplo.com,Premium,2022-05-27
C00402,Daniela,García,27,Cancún,QROO,México,daniela.garcia402@ejemplo.com,Standard,2022-05-27
C00403,Daniela,Vargas,20,Chihuahua,CHIH,México,daniela.vargas403@ejemplo.com,Standard,2022-05-27
C00404,Luis,Sánchez,48,Toluca,MEX,México,luis.sanchez404@ejemplo.com,Frecuente,2022-05-28
C00405,Miguel,Cruz,75,Monterrey,NL,México,miguel.cruz405@ejemplo.com,Premium,2022-05-28
C00406,María,Sánchez,50,Querétaro,QRO,México,maria.sanchez406@ejemplo.com,Frecuente,2022-05-28
C00407,Andrés,García,71,Mérida,YUC,México,andres.garcia407@ejemplo.com,Standard,2022-05-28
C00408,Héctor,Gómez,55,Querétaro,QRO,México,hector.gomez408@ejemplo.com,Standard,2022-05-30
C00409,Valeria,Hernández,19,Cancún,QROO,México,valeria.hernandez409@ejemplo.com,Premium,2022-05-30
C00410,Andrés,Sánchez,42,León,GTO,México,andres.sanchez410@ejemplo.com,Premium,2022-05-30
C00411,Miguel,Torres,62,Guadalajara,JAL,México,miguel.torres411@ejemplo.com,Standard,2022-05-30
C00412,Fernanda,Martínez,47,Mérida,YUC,México,fernanda.martinez412@ejemplo.com,Premium,2022-05-31
C00413,Luis,Jiménez,29,Ciudad de México,CDMX,México,luis.jimenez413@ejemplo.com,Premium,2022-05-31
C00414,Gabriela,Reyes,28,Mérida,YUC,México,gabriela.reyes414@ejemplo.com,Frecuente,2022-06-01
C00415,Carlos,López,56,Querétaro,QRO,México,carlos.lopez415@ejemplo.com,Premium,2022-06-01
C00416,Ana,Mendoza,44,Monterrey,NL,México,ana.mendoza416@ejemplo.com,Frecuente,2022-06-01
C00417,María,Sánchez,51,Veracruz,VER,México,maria.sanchez417@ejemplo.com,Standard,2022-06-01
C00418,Ricardo,Reyes,39,Puebla,PUE,México,ricardo.reyes418@ejemplo.com,Frecuente,2022-06-02
C00419,Valeria,Morales,37,Ciudad de México,CDMX,México,valeria.morales419@ejemplo.com,Premium,2022-06-02
C00420,Jorge,Reyes,56,Tijuana,BC,México,jorge.reyes420@ejemplo.com,Standard,2022-06-02
C00421,Héctor,Ruiz,18,Toluca,MEX,México,hector.ruiz421@ejemplo.com,Standard,2022-06-02
C00422,Mariana,Gómez,43,Ciudad de México,CDMX,México,mariana.gomez422@ejemplo.com,Frecuente,2022-06-02
C00423,Laura,Ruiz,39,Querétaro,QRO,México,laura.ruiz423@ejemplo.com,Premium,2022-06-03
C00424,Ana,Castillo,63,Querétaro,QRO,México,ana.castillo424@ejemplo.com,Premium,2022-06-03
C00425,Carlos,Rodríguez,60,Chihuahua,CHIH,México,carlos.rodriguez425@ejemplo.com,Frecuente,2022-06-03
C00426,Ana,Jiménez,42,Ciudad de México,CDMX,México,ana.jimenez426@ejemplo.com,Premium,2022-06-03
C00427,Héctor,Ortiz,33,Ciudad de México,CDMX,México,hector.ortiz427@ejemplo.com,Standard,2022-06-03
C00428,Diego,Mendoza,31,Mérida,YUC,México,diego.mendoza428@ejemplo.com,Premium,2022-06-03
C00429,Miguel,López,30,Monterrey,NL,México,miguel.lopez429@ejemplo.com,Premium,2022-06-03
C00430,Gabriela,Pérez,33,León,GTO,México,gabriela.perez430@ejemplo.com,Standard,2022-06-04
C00431,Mariana,Ramírez,62,Puebla,PUE,México,mariana.ramirez431@ejemplo.com,Standard,2022-06-04
C00432,Ana,Pérez,20,Mérida,YUC,México,ana.perez432@ejemplo.com,Standard,2022-06-04
C00433,Carlos,Castillo,19,Ciudad de México,CDMX,México,carlos.castillo433@ejemplo.com,Standard,2022-06-04
C00434,Luis,Hernández,49,León,GTO,México,luis.hernandez434@ejemplo.com,Standard,2022-06-05
C00435,Luis,Torres,30,Mérida,YUC,México,luis.torres435@ejemplo.com,Frecuente,2022-06-05
C00436,Mariana,Martínez,66,Ciudad de México,CDMX,México,mariana.martinez436@ejemplo.com,Premium,2022-06-06
C00437,José,López,61,Puebla,PUE,México,jose.lopez437@ejemplo.com,Premium,2022-06-06
C00438,Miguel,García,62,Ciudad de México,CDMX,México,miguel.garcia438@ejemplo.com,Premium,2022-06-07
C00439,José,Reyes,44,Ciudad de México,CDMX,México,jose.reyes439@ejemplo.com,Standard,2022-06-07
C00440,Valeria,Rodríguez,43,León,GTO,México,valeria.rodriguez440@ejemplo.com,Premium,2022-06-07
C00441,Luis,Gómez,42,Querétaro,QRO,México,luis.gomez441@ejemplo.com,Standard,2022-06-08
C00442,Luis,Rodríguez,29,Toluca,MEX,México,luis.rodriguez442@ejemplo.com,Premium,2022-06-08
C00443,Alejandro,López,50,Puebla,PUE,México,alejandro.lopez443@ejemplo.com,Standard,2022-06-08
C00444,Héctor,Ramírez,68,León,GTO,México,hector.ramirez444@ejemplo.com,Frecuente,2022-06-09
C00445,Sofía,Ruiz,32,Cancún,QROO,México,sofia.ruiz445@ejemplo.com,Standard,2022-06-09
C00446,María,Reyes,21,Cancún,QROO,México,,Standard,2022-06-09
C00447,Daniela,Pérez,50,Toluca,MEX,México,daniela.perez447@ejemplo.com,Premium,2022-06-09
C00448,José,Rodríguez,41,León,GTO,México,jose.rodriguez448@ejemplo.com,Standard,2022-06-10
C00449,José,Pérez,64,León,GTO,México,jose.perez449@ejemplo.com,Premium,2022-06-10
C00450,Ricardo,Gómez,67,León,GTO,México,ricardo.gomez450@ejemplo.com,Frecuente,2022-06-10
C00451,Sofía,Ortiz,73,Querétaro,QRO,México,sofia.ortiz451@ejemplo.com,Premium,2022-06-10
C00452,Andrés,Pérez,40,León,GTO,México,andres.perez452@ejemplo.com,Premium,2022-06-10
C00453,Héctor,Mendoza,70,Chihuahua,CHIH,México,hector.mendoza453@ejemplo.com,Premium,2022-06-10
C00454,Paola,Rodríguez,24,León,GTO,México,paola.rodriguez454@ejemplo.com,Standard,2022-06-11
C00455,Carlos,Reyes,39,Cancún,QROO,México,carlos.reyes455@ejemplo.com,Frecuente,2022-06-11
C00456,Diego,Martínez,33,Ciudad de México,CDMX,México,diego.martinez456@ejemplo.com,Premium,2022-06-11
C00457,Ricardo,Hernández,71,Querétaro,QRO,México,ricardo.hernandez457@ejemplo.com,Premium,2022-06-11
C00458,María,Sánchez,52,Ciudad de México,CDMX,México,maria.sanchez458@ejemplo.com,Premium,2022-06-11
C00459,Luis,Reyes,39,Guadalajara,JAL,México,luis.reyes459@ejemplo.com,Frecuente,2022-06-11
C00460,Gabriela,Castillo,26,Tijuana,BC,México,gabriela.castillo460@ejemplo.com,Frecuente,2022-06-11
C00461,Gabriela,Jiménez,63,Querétaro,QRO,México,gabriela.jimenez461@ejemplo.com,Premium,2022-06-12
C00462,Miguel,Cruz,55,Mérida,YUC,México,miguel.cruz462@ejemplo.com,Standard,2022-06-12
C00463,Andrés,Martínez,67,Chihuahua,CHIH,México,andres.martinez463@ejemplo.com,Standard,2022-06-13
C00464,Sofía,Mendoza,43,Toluca,MEX,México,sofia.mendoza464@ejemplo.com,Standard,2022-06-13
C00465,Ricardo,Castillo,26,Querétaro,QRO,México,ricardo.castillo465@ejemplo.com,Standard,2022-06-14
C00466,Valeria,Pérez,37,Tijuana,BC,México,valeria.perez466@ejemplo.com,Standard,2022-06-14
C00467,Miguel,López,53,León,GTO,México,miguel.lopez467@ejemplo.com,Standard,2022-06-14
C00468,Carlos,Pérez,31,Puebla,PUE,México,carlos.perez468@ejemplo.com,Premium,2022-06-15
C00469,Valeria,Ortiz,22,Chihuahua,CHIH,México,valeria.ortiz469@ejemplo.com,Premium,2022-06-15
C00470,Sofía,Morales,65,Toluca,MEX,México,sofia.morales470@ejemplo.com,Premium,2022-06-15
C00471,Valeria,Ramírez,48,León,GTO,México,valeria.ramirez471@ejemplo.com,Premium,2022-06-16
C00472,Fernanda,Torres,41,Monterrey,NL,México,fernanda.torres472@ejemplo.com,Premium,2022-06-16
C00473,Paola,Morales,50,Cancún,QROO,México,paola.morales473@ejemplo.com,Frecuente,2022-06-16
C00474,Ricardo,Sánchez,60,Toluca,MEX,México,ricardo.sanchez474@ejemplo.com,Frecuente,2022-06-16
C00475,Laura,Hernández,18,Ciudad de México,CDMX,México,laura.hernandez475@ejemplo.com,Premium,2022-06-17
C00476,Luis,Rodríguez,43,Monterrey,NL,México,luis.rodriguez476@ejemplo.com,Premium,2022-06-17
C00477,Sofía,Morales,32,Mérida,YUC,México,sofia.morales477@ejemplo.com,Standard,2022-06-18
C00478,Andrés,Pérez,23,Tijuana,BC,México,andres.perez478@ejemplo.com,Standard,2022-06-18
C00479,Laura,Torres,20,León,GTO,México,laura.torres479@ejemplo.com,Premium,2022-06-18
C00480,Valeria,Ramírez,43,Tijuana,BC,México,valeria.ramirez480@ejemplo.com,Standard,2022-06-18
C00481,Mariana,García,49,Veracruz,VER,México,mariana.garcia481@ejemplo.com,Premium,2022-06-18
C00482,Laura,Rodríguez,47,Puebla,PUE,México,laura.rodriguez482@ejemplo.com,Premium,2022-06-18
C00483,Carlos,Jiménez,63,Tijuana,BC,México,carlos.jimenez483@ejemplo.com,Standard,2022-06-18
C00484,Héctor,García,44,Ciudad de México,CDMX,México,hector.garcia484@ejemplo.com,Standard,2022-06-19
C00485,Luis,Rodríguez,52,Monterrey,NL,México,luis.rodriguez485@ejemplo.com,Premium,2022-06-19
C00486,Ricardo,López,65,Monterrey,NL,México,ricardo.lopez486@ejemplo.com,Standard,2022-06-19
C00487,Ana,Mendoza,56,Toluca,MEX,México,ana.mendoza487@ejemplo.com,Frecuente,2022-06-19
C00488,Paola,García,70,Tijuana,BC,México,paola.garcia488@ejemplo.com,Premium,2022-06-20
C00489,Gabriela,Jiménez,30,Monterrey,NL,México,gabriela.jimenez489@ejemplo.com,Standard,2022-06-20
C00490,María,Gómez,63,Puebla,PUE,México,maria.gomez490@ejemplo.com,Premium,2022-06-21
C00491,Fernanda,Ruiz,58,Mérida,YUC,México,fernanda.ruiz491@ejemplo.com,Standard,2022-06-21
C00492,Paola,Vargas,51,Toluca,MEX,México,paola.vargas492@ejemplo.com,Premium,2022-06-22
C00493,Ricardo,Martínez,18,Veracruz,VER,México,ricardo.martinez493@ejemplo.com,Premium,2022-06-22
C00494,Ana,Flores,49,Ciudad de México,CDMX,México,ana.flores494@ejemplo.com,Premium,2022-06-22
C00495,Paola,Pérez,67,Chihuahua,CHIH,México,paola.perez495@ejemplo.com,Standard,2022-06-23
C00496,Ricardo,Castillo,55,Tijuana,BC,México,ricardo.castillo496@ejemplo.com,Premium,2022-06-23
C00497,Paola,Flores,18,Toluca,MEX,México,paola.flores497@ejemplo.com,Frecuente,2022-06-24
C00498,Fernanda,Rodríguez,34,Ciudad de México,CDMX,México,fernanda.rodriguez498@ejemplo.com,Premium,2022-06-24
C00499,Mariana,Vargas,51,Cancún,QROO,México,mariana.vargas499@ejemplo.com,Frecuente,2022-06-24
C00500,Miguel,Cruz,65,Veracruz,VER,México,miguel.cruz500@ejemplo.com,Standard,2022-06-24
C00501,Alejandro,Reyes,43,Ciudad de México,CDMX,México,alejandro.reyes501@ejemplo.com,Premium,2022-06-24
C00502,Ana,Gómez,67,Toluca,MEX,México,ana.gomez502@ejemplo.com,Standard,2022-06-25
C00503,Miguel,Vargas,64,Guadalajara,JAL,México,miguel.vargas503@ejemplo.com,Standard,2022-06-25
C00504,Andrés,Reyes,33,Veracruz,VER,México,andres.reyes504@ejemplo.com,Standard,2022-06-25
C00505,Luis,Hernández,29,León,GTO,México,luis.hernandez505@ejemplo.com,Premium,2022-06-25
C00506,Héctor,García,70,Chihuahua,CHIH,México,hector.garcia506@ejemplo.com,Standard,2022-06-25
C00507,Diego,Martínez,52,Chihuahua,CHIH,México,diego.martinez507@ejemplo.com,Standard,2022-06-26
C00508,Laura,Cruz,67,Puebla,PUE,México,laura.cruz508@ejemplo.com,Premium,2022-06-26
C00509,Valeria,Pérez,71,Tijuana,BC,México,valeria.perez509@ejemplo.com,Standard,2022-06-27
C00510,Gabriela,Ortiz,42,León,GTO,México,gabriela.ortiz510@ejemplo.com,Premium,2022-06-27
C00511,José,Ramírez,20,Monterrey,NL,México,jose.ramirez511@ejemplo.com,Standard,2022-06-27
C00512,Paola,Ruiz,70,Puebla,PUE,México,paola.ruiz512@ejemplo.com,Standard,2022-06-27
C00513,Alejandro,Jiménez,51,Guadalajara,JAL,México,alejandro.jimenez513@ejemplo.com,Frecuente,2022-06-27
C00514,Gabriela,Torres,24,Chihuahua,CHIH,México,gabriela.torres514@ejemplo.com,Premium,2022-06-28
C00515,Luis,Hernández,48,Monterrey,NL,México,luis.hernandez515@ejemplo.com,Premium,2022-06-28
C00516,Daniela,Pérez,19,Tijuana,BC,México,daniela.perez516@ejemplo.com,Premium,2022-06-28
C00517,Luis,Cruz,34,Querétaro,QRO,México,luis.cruz517@ejemplo.com,Standard,2022-06-28
C00518,Daniela,Pérez,38,Tijuana,BC,México,daniela.perez518@ejemplo.com,Premium,2022-06-28
C00519,Valeria,Flores,44,Toluca,MEX,México,valeria.flores519@ejemplo.com,Premium,2022-06-28
C00520,Luis,Sánchez,50,Chihuahua,CHIH,México,luis.sanchez520@ejemplo.com,Premium,2022-06-29
C00521,José,Jiménez,66,Mérida,YUC,México,jose.jimenez521@ejemplo.com,Frecuente,2022-06-29
C00522,Daniela,Vargas,38,Chihuahua,CHIH,México,daniela.vargas522@ejemplo.com,Premium,2022-06-30
C00523,Paola,López,60,Guadalajara,JAL,México,paola.lopez523@ejemplo.com,Standard,2022-06-30
C00524,Alejandro,Ramírez,72,Veracruz,VER,México,alejandro.ramirez524@ejemplo.com,Premium,2022-06-30
C00525,Jorge,Pérez,61,Guadalajara,JAL,México,jorge.perez525@ejemplo.com,Premium,2022-06-30
C00526,Diego,Sánchez,32,Ciudad de México,CDMX,México,diego.sanchez526@ejemplo.com,Premium,2022-06-30
C00527,Valeria,Ruiz,57,Ciudad de México,CDMX,México,valeria.ruiz527@ejemplo.com,Premium,2022-06-30
C00528,Carlos,Ruiz,34,Monterrey,NL,México,carlos.ruiz528@ejemplo.com,Standard,2022-07-01
C00529,Miguel,Cruz,45,Chihuahua,CHIH,México,miguel.cruz529@ejemplo.com,Premium,2022-07-01
C00530,Laura,Hernández,54,Puebla,PUE,México,laura.hernandez530@ejemplo.com,Premium,2022-07-01
C00531,Valeria,García,35,Toluca,MEX,México,valeria.garcia531@ejemplo.com,Premium,2022-07-02
C00532,Alejandro,Martínez,18,Querétaro,QRO,México,alejandro.martinez532@ejemplo.com,Premium,2022-07-02
C00533,Luis,Morales,66,Guadalajara,JAL,México,luis.morales533@ejemplo.com,Premium,2022-07-02
C00534,José,López,60,Querétaro,QRO,México,jose.lopez534@ejemplo.com,Premium,2022-07-02
C00535,Laura,Ruiz,25,Monterrey,NL,México,laura.ruiz535@ejemplo.com,Premium,2022-07-03
C00536,Daniela,Ruiz,39,Puebla,PUE,México,daniela.ruiz536@ejemplo.com,Standard,2022-07-03
C00537,Laura,Rodríguez,33,Mérida,YUC,México,laura.rodriguez537@ejemplo.com,Frecuente,2022-07-04
C00538,Héctor,Mendoza,74,Toluca,MEX,México,hector.mendoza538@ejemplo.com,Standard,2022-07-04
C00539,Héctor,Rodríguez,72,Cancún,QROO,México,hector.rodriguez539@ejemplo.com,Premium,2022-07-04
C00540,Mariana,Gómez,58,Monterrey,NL,México,mariana.gomez540@ejemplo.com,Frecuente,2022-07-04
C00541,Sofía,Gómez,43,León,GTO,México,sofia.gomez541@ejemplo.com,Frecuente,2022-07-05
C00542,Ricardo,Jiménez,21,León,GTO,México,ricardo.jimenez542@ejemplo.com,Standard,2022-07-05
C00543,Sofía,Vargas,32,Monterrey,NL,México,sofia.vargas543@ejemplo.com,Premium,2022-07-05
C00544,Paola,Ruiz,23,Chihuahua,CHIH,México,paola.ruiz544@ejemplo.com,Standard,2022-07-05
C00545,Ana,Ramírez,63,Chihuahua,CHIH,México,ana.ramirez545@ejemplo.com,Frecuente,2022-07-08
C00546,Gabriela,Cruz,23,Cancún,QROO,México,gabriela.cruz546@ejemplo.com,Standard,2022-07-08
C00547,Ricardo,Ruiz,57,Puebla,PUE,México,ricardo.ruiz547@ejemplo.com,Standard,2022-07-08
C00548,Miguel,Ruiz,73,Tijuana,BC,México,miguel.ruiz548@ejemplo.com,Standard,2022-07-08
C00549,Ana,Pérez,35,Querétaro,QRO,México,ana.perez549@ejemplo.com,Frecuente,2022-07-08
C00550,Paola,Hernández,57,Monterrey,NL,México,paola.hernandez550@ejemplo.com,Premium,2022-07-08
C00551,Jorge,Jiménez,68,Puebla,PUE,México,jorge.jimenez551@ejemplo.com,Premium,2022-07-08
C00552,María,Ortiz,42,Guadalajara,JAL,México,maria.ortiz552@ejemplo.com,Frecuente,2022-07-09
C00553,Daniela,Mendoza,44,Guadalajara,JAL,México,daniela.mendoza553@ejemplo.com,Premium,2022-07-09
C00554,Jorge,Ramírez,29,León,GTO,México,jorge.ramirez554@ejemplo.com,Premium,2022-07-09
C00555,Valeria,Mendoza,42,Guadalajara,JAL,México,valeria.mendoza555@ejemplo.com,Premium,2022-07-10
C00556,Luis,Morales,68,Querétaro,QRO,México,luis.morales556@ejemplo.com,Premium,2022-07-10
C00557,Diego,Morales,56,Querétaro,QRO,México,diego.morales557@ejemplo.com,Premium,2022-07-10
C00558,Sofía,Sánchez,29,Ciudad de México,CDMX,México,sofia.sanchez558@ejemplo.com,Standard,2022-07-10
C00559,Luis,Ramírez,48,Toluca,MEX,México,luis.ramirez559@ejemplo.com,Premium,2022-07-10
C00560,Diego,Morales,58,Veracruz,VER,México,diego.morales560@ejemplo.com,Standard,2022-07-12
C00561,Fernanda,Ortiz,22,Cancún,QROO,México,fernanda.ortiz561@ejemplo.com,Premium,2022-07-12
C00562,Diego,Jiménez,62,León,GTO,México,diego.jimenez562@ejemplo.com,Frecuente,2022-07-12
C00563,Paola,López,29,Monterrey,NL,México,paola.lopez563@ejemplo.com,Standard,2022-07-13
C00564,Diego,López,35,Chihuahua,CHIH,México,diego.lopez564@ejemplo.com,Frecuente,2022-07-13
C00565,Laura,Jiménez,42,Toluca,MEX,México,laura.jimenez565@ejemplo.com,Premium,2022-07-13
C00566,Jorge,Jiménez,47,Querétaro,QRO,México,jorge.jimenez566@ejemplo.com,Premium,2022-07-13
C00567,Ana,Sánchez,71,León,GTO,México,ana.sanchez567@ejemplo.com,Standard,2022-07-13
C00568,María,Hernández,30,Veracruz,VER,México,maria.hernandez568@ejemplo.com,Frecuente,2022-07-13
C00569,Carlos,Mendoza,32,Cancún,QROO,México,carlos.mendoza569@ejemplo.com,Premium,2022-07-14
C00570,Ana,Sánchez,39,Monterrey,NL,México,ana.sanchez570@ejemplo.com,Standard,2022-07-14
C00571,Paola,Ortiz,67,Puebla,PUE,México,paola.ortiz571@ejemplo.com,Standard,2022-07-15
C00572,Daniela,Rodríguez,73,Monterrey,NL,México,daniela.rodriguez572@ejemplo.com,Premium,2022-07-16
C00573,Ana,Sánchez,44,Puebla,PUE,México,ana.sanchez573@ejemplo.com,Standard,2022-07-16
C00574,Daniela,Ortiz,58,Chihuahua,CHIH,México,daniela.ortiz574@ejemplo.com,Premium,2022-07-16
C00575,Andrés,Torres,71,Monterrey,NL,México,andres.torres575@ejemplo.com,Premium,2022-07-16
C00576,Luis,Ramírez,67,Chihuahua,CHIH,México,luis.ramirez576@ejemplo.com,Frecuente,2022-07-16
C00577,Valeria,Ruiz,57,Puebla,PUE,México,valeria.ruiz577@ejemplo.com,Standard,2022-07-17
C00578,Alejandro,López,49,Querétaro,QRO,México,alejandro.lopez578@ejemplo.com,Standard,2022-07-17
C00579,Fernanda,Flores,75,Mérida,YUC,México,fernanda.flores579@ejemplo.com,Standard,2022-07-18
C00580,María,Torres,31,Guadalajara,JAL,México,maria.torres580@ejemplo.com,Frecuente,2022-07-19
C00581,Luis,Morales,39,Monterrey,NL,México,luis.morales581@ejemplo.com,Premium,2022-07-19
C00582,Héctor,López,59,Puebla,PUE,México,hector.lopez582@ejemplo.com,Premium,2022-07-19
C00583,Andrés,Torres,19,Ciudad de México,CDMX,México,andres.torres583@ejemplo.com,Premium,2022-07-20
C00584,Laura,Pérez,47,Toluca,MEX,México,laura.perez584@ejemplo.com,Standard,2022-07-20
C00585,Fernanda,Flores,67,Mérida,YUC,México,fernanda.flores585@ejemplo.com,Standard,2022-07-21
C00586,Andrés,Ruiz,28,Chihuahua,CHIH,México,andres.ruiz586@ejemplo.com,Standard,2022-07-21
C00587,Ana,Hernández,64,Chihuahua,CHIH,México,ana.hernandez587@ejemplo.com,Premium,2022-07-21
C00588,Mariana,Vargas,41,Tijuana,BC,México,mariana.vargas588@ejemplo.com,Premium,2022-07-21
C00589,Héctor,Mendoza,67,Toluca,MEX,México,hector.mendoza589@ejemplo.com,Frecuente,2022-07-21
C00590,Héctor,Ortiz,54,Ciudad de México,CDMX,México,hector.ortiz590@ejemplo.com,Frecuente,2022-07-21
C00591,Laura,Jiménez,27,Querétaro,QRO,México,laura.jimenez591@ejemplo.com,Premium,2022-07-22
C00592,Valeria,Ramírez,60,Cancún,QROO,México,valeria.ramirez592@ejemplo.com,Standard,2022-07-22
C00593,Luis,García,21,Querétaro,QRO,México,luis.garcia593@ejemplo.com,Standard,2022-07-22
C00594,Jorge,Jiménez,32,León,GTO,México,jorge.jimenez594@ejemplo.com,Standard,2022-07-22
C00595,Gabriela,Torres,69,Chihuahua,CHIH,México,gabriela.torres595@ejemplo.com,Premium,2022-07-22
C00596,María,Castillo,68,Querétaro,QRO,México,maria.castillo596@ejemplo.com,Standard,2022-07-22
C00597,Luis,López,20,Puebla,PUE,México,luis.lopez597@ejemplo.com,Premium,2022-07-23
C00598,Daniela,García,40,Mérida,YUC,México,daniela.garcia598@ejemplo.com,Premium,2022-07-23
C00599,Paola,Cruz,23,Chihuahua,CHIH,México,paola.cruz599@ejemplo.com,Standard,2022-07-24
C00600,Paola,Reyes,33,Veracruz,VER,México,paola.reyes600@ejemplo.com,Premium,2022-07-24
C00601,Carlos,Morales,74,Toluca,MEX,México,carlos.morales601@ejemplo.com,Premium,2022-07-24
C00602,Mariana,Ramírez,29,Monterrey,NL,México,mariana.ramirez602@ejemplo.com,Premium,2022-07-24
C00603,Miguel,Reyes,55,Monterrey,NL,México,miguel.reyes603@ejemplo.com,Premium,2022-07-25
C00604,Fernanda,Torres,64,Mérida,YUC,México,fernanda.torres604@ejemplo.com,Standard,2022-07-25
C00605,Jorge,Ortiz,69,Tijuana,BC,México,jorge.ortiz605@ejemplo.com,Premium,2022-07-26
C00606,Laura,Morales,38,Cancún,QROO,México,laura.morales606@ejemplo.com,Standard,2022-07-27
C00607,Fernanda,Flores,58,Veracruz,VER,México,fernanda.flores607@ejemplo.com,Frecuente,2022-07-27
C00608,Valeria,López,46,Mérida,YUC,México,valeria.lopez608@ejemplo.com,Premium,2022-07-27
C00609,Jorge,Sánchez,24,Tijuana,BC,México,jorge.sanchez609@ejemplo.com,Standard,2022-07-27
C00610,Diego,Martínez,30,Chihuahua,CHIH,México,diego.martinez610@ejemplo.com,Premium,2022-07-27
C00611,Sofía,Hernández,61,Querétaro,QRO,México,sofia.hernandez611@ejemplo.com,Premium,2022-07-27
C00612,Ana,Torres,57,Cancún,QROO,México,ana.torres612@ejemplo.com,Premium,2022-07-28
C00613,Jorge,Martínez,48,Guadalajara,JAL,México,jorge.martinez613@ejemplo.com,Premium,2022-07-28
C00614,Carlos,Jiménez,63,Mérida,YUC,México,carlos.jimenez614@ejemplo.com,Premium,2022-07-28
C00615,Valeria,Ramírez,58,Querétaro,QRO,México,valeria.ramirez615@ejemplo.com,Premium,2022-07-29
C00616,Andrés,García,37,Guadalajara,JAL,México,andres.garcia616@ejemplo.com,Frecuente,2022-07-30
C00617,Paola,Jiménez,35,Monterrey,NL,México,paola.jimenez617@ejemplo.com,Standard,2022-07-30
C00618,Ricardo,Sánchez,72,León,GTO,México,ricardo.sanchez618@ejemplo.com,Frecuente,2022-07-30
C00619,Alejandro,Jiménez,74,Monterrey,NL,México,alejandro.jimenez619@ejemplo.com,Standard,2022-07-30
C00620,Ricardo,García,19,Guadalajara,JAL,México,ricardo.garcia620@ejemplo.com,Standard,2022-07-30
C00621,Miguel,Hernández,63,Ciudad de México,CDMX,México,miguel.hernandez621@ejemplo.com,Premium,2022-07-30
C00622,Miguel,Pérez,25,Ciudad de México,CDMX,México,miguel.perez622@ejemplo.com,Standard,2022-07-30
C00623,Ana,Jiménez,67,Querétaro,QRO,México,ana.jimenez623@ejemplo.com,Premium,2022-07-31
C00624,Gabriela,García,52,Querétaro,QRO,México,gabriela.garcia624@ejemplo.com,Frecuente,2022-08-01
C00625,Ana,Jiménez,57,Cancún,QROO,México,ana.jimenez625@ejemplo.com,Frecuente,2022-08-02
C00626,Daniela,López,58,Mérida,YUC,México,daniela.lopez626@ejemplo.com,Premium,2022-08-02
C00627,José,García,53,Mérida,YUC,México,jose.garcia627@ejemplo.com,Standard,2022-08-03
C00628,Miguel,Torres,32,Veracruz,VER,México,miguel.torres628@ejemplo.com,Standard,2022-08-03
C00629,José,Vargas,64,Monterrey,NL,México,jose.vargas629@ejemplo.com,Standard,2022-08-03
C00630,Miguel,López,50,León,GTO,México,miguel.lopez630@ejemplo.com,Premium,2022-08-04
C00631,Fernanda,Rodríguez,49,Ciudad de México,CDMX,México,fernanda.rodriguez631@ejemplo.com,Standard,2022-08-04
C00632,Valeria,Hernández,36,Chihuahua,CHIH,México,valeria.hernandez632@ejemplo.com,Standard,2022-08-04
C00633,Luis,Flores,18,Tijuana,BC,México,luis.flores633@ejemplo.com,Premium,2022-08-04
C00634,Sofía,Martínez,50,Tijuana,BC,México,sofia.martinez634@ejemplo.com,Standard,2022-08-05
C00635,Paola,Reyes,38,Guadalajara,JAL,México,paola.reyes635@ejemplo.com,Premium,2022-08-05
C00636,Valeria,Mendoza,56,Mérida,YUC,México,valeria.mendoza636@ejemplo.com,Frecuente,2022-08-05
C00637,Sofía,Martínez,39,Tijuana,BC,México,sofia.martinez637@ejemplo.com,Premium,2022-08-05
C00638,José,Pérez,74,Veracruz,VER,México,jose.perez638@ejemplo.com,Premium,2022-08-05
C00639,Diego,Ortiz,57,Monterrey,NL,México,diego.ortiz639@ejemplo.com,Premium,2022-08-06
C00640,Alejandro,López,44,Querétaro,QRO,México,alejandro.lopez640@ejemplo.com,Frecuente,2022-08-06
C00641,Paola,Gómez,59,Chihuahua,CHIH,México,paola.gomez641@ejemplo.com,Standard,2022-08-06
C00642,Sofía,Reyes,55,Toluca,MEX,México,sofia.reyes642@ejemplo.com,Premium,2022-08-06
C00643,Daniela,Ortiz,53,Toluca,MEX,México,daniela.ortiz643@ejemplo.com,Premium,2022-08-06
C00644,Daniela,Torres,51,Mérida,YUC,México,daniela.torres644@ejemplo.com,Standard,2022-08-06
C00645,Jorge,Ruiz,72,Chihuahua,CHIH,México,jorge.ruiz645@ejemplo.com,Premium,2022-08-07
C00646,Laura,Ruiz,36,Monterrey,NL,México,laura.ruiz646@ejemplo.com,Premium,2022-08-07
C00647,Gabriela,Hernández,43,Toluca,MEX,México,gabriela.hernandez647@ejemplo.com,Frecuente,2022-08-07
C00648,Mariana,Martínez,32,Mérida,YUC,México,mariana.martinez648@ejemplo.com,Premium,2022-08-07
C00649,Mariana,López,51,Tijuana,BC,México,mariana.lopez649@ejemplo.com,Standard,2022-08-08
C00650,Mariana,Rodríguez,75,Monterrey,NL,México,mariana.rodriguez650@ejemplo.com,Premium,2022-08-08
C00651,Alejandro,Flores,53,Mérida,YUC,México,alejandro.flores651@ejemplo.com,Standard,2022-08-08
C00652,Andrés,Rodríguez,29,Ciudad de México,CDMX,México,andres.rodriguez652@ejemplo.com,Standard,2022-08-08
C00653,Laura,Mendoza,71,León,GTO,México,laura.mendoza653@ejemplo.com,Premium,2022-08-08
C00654,Fernanda,Torres,63,Monterrey,NL,México,fernanda.torres654@ejemplo.com,Standard,2022-08-09
C00655,Ana,García,43,Tijuana,BC,México,ana.garcia655@ejemplo.com,Frecuente,2022-08-10
C00656,Ana,Mendoza,26,Monterrey,NL,México,ana.mendoza656@ejemplo.com,Standard,2022-08-11
C00657,Héctor,Ortiz,41,Querétaro,QRO,México,hector.ortiz657@ejemplo.com,Premium,2022-08-11
C00658,Héctor,Pérez,64,Tijuana,BC,México,hector.perez658@ejemplo.com,Premium,2022-08-11
C00659,Luis,Rodríguez,51,Monterrey,NL,México,luis.rodriguez659@ejemplo.com,Frecuente,2022-08-11
C00660,Andrés,López,28,Chihuahua,CHIH,México,andres.lopez660@ejemplo.com,Premium,2022-08-11
C00661,Diego,Ramírez,27,Toluca,MEX,México,diego.ramirez661@ejemplo.com,Premium,2022-08-11
C00662,Ana,Ortiz,74,Tijuana,BC,México,ana.ortiz662@ejemplo.com,Premium,2022-08-11
C00663,Gabriela,García,43,Ciudad de México,CDMX,México,gabriela.garcia663@ejemplo.com,Frecuente,2022-08-12
C00664,Fernanda,Morales,57,Chihuahua,CHIH,México,fernanda.morales664@ejemplo.com,Premium,2022-08-12
C00665,Luis,García,38,León,GTO,México,luis.garcia665@ejemplo.com,Premium,2022-08-13
C00666,Fernanda,Castillo,23,Mérida,YUC,México,fernanda.castillo666@ejemplo.com,Standard,2022-08-13
C00667,Ana,Pérez,41,Cancún,QROO,México,ana.perez667@ejemplo.com,Premium,2022-08-13
C00668,Héctor,Sánchez,58,Ciudad de México,CDMX,México,hector.sanchez668@ejemplo.com,Premium,2022-08-13
C00669,Paola,Pérez,37,Querétaro,QRO,México,paola.perez669@ejemplo.com,Standard,2022-08-13
C00670,Daniela,Hernández,53,Monterrey,NL,México,daniela.hernandez670@ejemplo.com,Premium,2022-08-14
C00671,María,García,43,Cancún,QROO,México,maria.garcia671@ejemplo.com,Frecuente,2022-08-14
C00672,Jorge,Ortiz,37,Veracruz,VER,México,jorge.ortiz672@ejemplo.com,Premium,2022-08-15
C00673,Mariana,López,32,Mérida,YUC,México,mariana.lopez673@ejemplo.com,Frecuente,2022-08-15
C00674,Jorge,Vargas,33,Cancún,QROO,México,jorge.vargas674@ejemplo.com,Standard,2022-08-15
C00675,Fernanda,Morales,32,León,GTO,México,fernanda.morales675@ejemplo.com,Premium,2022-08-16
C00676,Sofía,Vargas,59,Veracruz,VER,México,sofia.vargas676@ejemplo.com,Premium,2022-08-16
C00677,Luis,García,37,Ciudad de México,CDMX,México,luis.garcia677@ejemplo.com,Standard,2022-08-16
C00678,María,Cruz,60,Puebla,PUE,México,maria.cruz678@ejemplo.com,Premium,2022-08-16
C00679,Jorge,Castillo,36,Puebla,PUE,México,jorge.castillo679@ejemplo.com,Premium,2022-08-17
C00680,Miguel,García,36,León,GTO,México,miguel.garcia680@ejemplo.com,Frecuente,2022-08-17
C00681,Ricardo,Ruiz,71,Querétaro,QRO,México,ricardo.ruiz681@ejemplo.com,Standard,2022-08-17
C00682,Paola,López,68,Toluca,MEX,México,paola.lopez682@ejemplo.com,Frecuente,2022-08-17
C00683,María,Vargas,41,Querétaro,QRO,México,maria.vargas683@ejemplo.com,Premium,2022-08-17
C00684,José,Martínez,33,Veracruz,VER,México,jose.martinez684@ejemplo.com,Premium,2022-08-18
C00685,Luis,Torres,59,Toluca,MEX,México,luis.torres685@ejemplo.com,Standard,2022-08-18
C00686,José,Ruiz,22,Ciudad de México,CDMX,México,jose.ruiz686@ejemplo.com,Premium,2022-08-19
C00687,Paola,Morales,44,Veracruz,VER,México,paola.morales687@ejemplo.com,Premium,2022-08-20
C00688,Ana,Ramírez,52,Veracruz,VER,México,ana.ramirez688@ejemplo.com,Premium,2022-08-20
C00689,Paola,Cruz,57,Ciudad de México,CDMX,México,paola.cruz689@ejemplo.com,Premium,2022-08-21
C00690,Ana,García,24,Tijuana,BC,México,ana.garcia690@ejemplo.com,Standard,2022-08-21
C00691,María,Hernández,18,Veracruz,VER,México,maria.hernandez691@ejemplo.com,Premium,2022-08-21
C00692,Valeria,Reyes,34,Chihuahua,CHIH,México,valeria.reyes692@ejemplo.com,Frecuente,2022-08-22
C00693,Gabriela,Vargas,24,Querétaro,QRO,México,gabriela.vargas693@ejemplo.com,Premium,2022-08-22
C00694,Ana,Morales,47,Mérida,YUC,México,ana.morales694@ejemplo.com,Premium,2022-08-23
C00695,Valeria,Ortiz,71,Ciudad de México,CDMX,México,valeria.ortiz695@ejemplo.com,Premium,2022-08-23
C00696,Laura,Morales,34,Mérida,YUC,México,laura.morales696@ejemplo.com,Standard,2022-08-23
C00697,Laura,Rodríguez,44,Cancún,QROO,México,laura.rodriguez697@ejemplo.com,Frecuente,2022-08-24
C00698,Paola,Vargas,30,Tijuana,BC,México,paola.vargas698@ejemplo.com,Frecuente,2022-08-24
C00699,Andrés,Ortiz,20,Puebla,PUE,México,andres.ortiz699@ejemplo.com,Premium,2022-08-24
C00700,María,Castillo,58,Toluca,MEX,México,maria.castillo700@ejemplo.com,Premium,2022-08-25
C00701,Jorge,Gómez,32,Querétaro,QRO,México,jorge.gomez701@ejemplo.com,Frecuente,2022-08-26
C00702,María,Mendoza,49,Puebla,PUE,México,maria.mendoza702@ejemplo.com,Premium,2022-08-26
C00703,Sofía,Pérez,57,Tijuana,BC,México,sofia.perez703@ejemplo.com,Standard,2022-08-26
C00704,José,Ortiz,66,Querétaro,QRO,México,jose.ortiz704@ejemplo.com,Premium,2022-08-26
C00705,Carlos,Flores,28,Puebla,PUE,México,carlos.flores705@ejemplo.com,Premium,2022-08-26
C00706,Héctor,Vargas,51,Mérida,YUC,México,hector.vargas706@ejemplo.com,Premium,2022-08-26
C00707,José,Torres,70,Chihuahua,CHIH,México,jose.torres707@ejemplo.com,Premium,2022-08-26
C00708,Carlos,Vargas,46,León,GTO,México,carlos.vargas708@ejemplo.com,Frecuente,2022-08-26
C00709,Luis,Ortiz,20,Monterrey,NL,México,luis.ortiz709@ejemplo.com,Standard,2022-08-27
C00710,Paola,Mendoza,33,Querétaro,QRO,México,paola.mendoza710@ejemplo.com,Frecuente,2022-08-27
C00711,Sofía,García,64,Mérida,YUC,México,sofia.garcia711@ejemplo.com,Standard,2022-08-27
C00712,Alejandro,Mendoza,63,León,GTO,México,alejandro.mendoza712@ejemplo.com,Premium,2022-08-27
C00713,Fernanda,Torres,36,Toluca,MEX,México,fernanda.torres713@ejemplo.com,Standard,2022-08-27
C00714,Daniela,Ramírez,29,Querétaro,QRO,México,daniela.ramirez714@ejemplo.com,Premium,2022-08-27
C00715,Mariana,López,34,Puebla,PUE,México,mariana.lopez715@ejemplo.com,Frecuente,2022-08-28
C00716,José,Pérez,32,Cancún,QROO,México,jose.perez716@ejemplo.com,Premium,2022-08-28
C00717,Ricardo,Vargas,60,Guadalajara,JAL,México,ricardo.vargas717@ejemplo.com,Frecuente,2022-08-29
C00718,Andrés,Hernández,66,León,GTO,México,andres.hernandez718@ejemplo.com,Standard,2022-08-29
C00719,Miguel,García,20,Chihuahua,CHIH,México,miguel.garcia719@ejemplo.com,Standard,2022-08-29
C00720,Fernanda,Cruz,60,León,GTO,México,fernanda.cruz720@ejemplo.com,Standard,2022-08-30
C00721,Mariana,Pérez,61,Querétaro,QRO,México,mariana.perez721@ejemplo.com,Standard,2022-08-31
C00722,José,Torres,53,Toluca,MEX,México,jose.torres722@ejemplo.com,Standard,2022-08-31
C00723,Daniela,Martínez,68,Mérida,YUC,México,daniela.martinez723@ejemplo.com,Standard,2022-09-01
C00724,Luis,Reyes,20,Mérida,YUC,México,luis.reyes724@ejemplo.com,Premium,2022-09-01
C00725,Ana,Cruz,58,Chihuahua,CHIH,México,ana.cruz725@ejemplo.com,Standard,2022-09-01
C00726,Carlos,Rodríguez,25,Monterrey,NL,México,carlos.rodriguez726@ejemplo.com,Premium,2022-09-02
C00727,Luis,Ortiz,70,Toluca,MEX,México,luis.ortiz727@ejemplo.com,Standard,2022-09-02
C00728,Diego,Mendoza,46,León,GTO,México,diego.mendoza728@ejemplo.com,Standard,2022-09-02
C00729,José,Gómez,23,Mérida,YUC,México,jose.gomez729@ejemplo.com,Premium,2022-09-02
C00730,José,Ruiz,61,Ciudad de México,CDMX,México,jose.ruiz730@ejemplo.com,Standard,2022-09-02
C00731,Héctor,Pérez,61,Toluca,MEX,México,hector.perez731@ejemplo.com,Standard,2022-09-02
C00732,Diego,Jiménez,44,Monterrey,NL,México,diego.jimenez732@ejemplo.com,Standard,2022-09-03
C00733,Héctor,Castillo,36,Chihuahua,CHIH,México,hector.castillo733@ejemplo.com,Standard,2022-09-04
C00734,José,Pérez,19,Toluca,MEX,México,jose.perez734@ejemplo.com,Standard,2022-09-04
C00735,Daniela,Hernández,70,Tijuana,BC,México,daniela.hernandez735@ejemplo.com,Standard,2022-09-06
C00736,Valeria,Ortiz,28,Querétaro,QRO,México,valeria.ortiz736@ejemplo.com,Premium,2022-09-07
C00737,Sofía,Martínez,66,Ciudad de México,CDMX,México,sofia.martinez737@ejemplo.com,Premium,2022-09-07
C00738,Alejandro,Cruz,52,Querétaro,QRO,México,alejandro.cruz738@ejemplo.com,Standard,2022-09-07
C00739,Ana,Martínez,57,Ciudad de México,CDMX,México,ana.martinez739@ejemplo.com,Premium,2022-09-08
C00740,Miguel,López,58,Veracruz,VER,México,miguel.lopez740@ejemplo.com,Premium,2022-09-09
C00741,Paola,Ramírez,67,Cancún,QROO,México,paola.ramirez741@ejemplo.com,Premium,2022-09-09
C00742,Jorge,Rodríguez,19,Monterrey,NL,México,jorge.rodriguez742@ejemplo.com,Premium,2022-09-09
C00743,Gabriela,Gómez,75,Toluca,MEX,México,gabriela.gomez743@ejemplo.com,Frecuente,2022-09-09
C00744,Fernanda,Jiménez,20,Ciudad de México,CDMX,México,fernanda.jimenez744@ejemplo.com,Premium,2022-09-09
C00745,Miguel,Cruz,75,Mérida,YUC,México,miguel.cruz745@ejemplo.com,Premium,2022-09-10
C00746,Miguel,Martínez,33,Guadalajara,JAL,México,miguel.martinez746@ejemplo.com,Frecuente,2022-09-10
C00747,José,Ramírez,67,Ciudad de México,CDMX,México,jose.ramirez747@ejemplo.com,Frecuente,2022-09-10
C00748,Ana,Ramírez,22,Monterrey,NL,México,ana.ramirez748@ejemplo.com,Premium,2022-09-10
C00749,Alejandro,Reyes,44,Puebla,PUE,México,alejandro.reyes749@ejemplo.com,Frecuente,2022-09-11
C00750,Diego,Vargas,49,León,GTO,México,diego.vargas750@ejemplo.com,Premium,2022-09-11
C00751,Gabriela,Flores,73,Chihuahua,CHIH,México,gabriela.flores751@ejemplo.com,Standard,2022-09-12
C00752,Ana,Vargas,25,Toluca,MEX,México,ana.vargas752@ejemplo.com,Premium,2022-09-12
C00753,Diego,García,20,León,GTO,México,diego.garcia753@ejemplo.com,Premium,2022-09-12
C00754,Sofía,García,55,Mérida,YUC,México,sofia.garcia754@ejemplo.com,Premium,2022-09-12
C00755,Diego,Morales,20,Tijuana,BC,México,diego.morales755@ejemplo.com,Standard,2022-09-13
C00756,José,Morales,63,Puebla,PUE,México,jose.morales756@ejemplo.com,Premium,2022-09-13
C00757,Carlos,Sánchez,20,Veracruz,VER,México,carlos.sanchez757@ejemplo.com,Standard,2022-09-13
C00758,Luis,Castillo,74,Mérida,YUC,México,luis.castillo758@ejemplo.com,Standard,2022-09-14
C00759,Luis,Ramírez,48,Mérida,YUC,México,luis.ramirez759@ejemplo.com,Premium,2022-09-14
C00760,Miguel,Cruz,73,Ciudad de México,CDMX,México,miguel.cruz760@ejemplo.com,Frecuente,2022-09-14
C00761,Diego,Castillo,25,Querétaro,QRO,México,diego.castillo761@ejemplo.com,Premium,2022-09-14
C00762,Ricardo,Castillo,33,León,GTO,México,ricardo.castillo762@ejemplo.com,Premium,2022-09-14
C00763,Ricardo,Cruz,44,Querétaro,QRO,México,ricardo.cruz763@ejemplo.com,Premium,2022-09-15
C00764,Laura,Vargas,19,Cancún,QROO,México,laura.vargas764@ejemplo.com,Premium,2022-09-15
C00765,Carlos,Mendoza,23,Toluca,MEX,México,carlos.mendoza765@ejemplo.com,Premium,2022-09-15
C00766,Luis,Ortiz,37,Ciudad de México,CDMX,México,luis.ortiz766@ejemplo.com,Standard,2022-09-15
C00767,Carlos,Jiménez,60,Chihuahua,CHIH,México,carlos.jimenez767@ejemplo.com,Standard,2022-09-16
C00768,Carlos,Sánchez,59,Toluca,MEX,México,carlos.sanchez768@ejemplo.com,Premium,2022-09-16
C00769,Fernanda,García,23,Querétaro,QRO,México,fernanda.garcia769@ejemplo.com,Premium,2022-09-16
C00770,Luis,Castillo,21,Toluca,MEX,México,luis.castillo770@ejemplo.com,Standard,2022-09-17
C00771,Carlos,Reyes,56,Ciudad de México,CDMX,México,carlos.reyes771@ejemplo.com,Premium,2022-09-17
C00772,Ana,Ortiz,38,Puebla,PUE,México,ana.ortiz772@ejemplo.com,Standard,2022-09-18
C00773,José,Vargas,63,Guadalajara,JAL,México,jose.vargas773@ejemplo.com,Frecuente,2022-09-18
C00774,Miguel,Reyes,35,Cancún,QROO,México,miguel.reyes774@ejemplo.com,Premium,2022-09-18
C00775,Fernanda,Sánchez,39,Chihuahua,CHIH,México,fernanda.sanchez775@ejemplo.com,Standard,2022-09-18
C00776,Alejandro,Sánchez,30,Cancún,QROO,México,alejandro.sanchez776@ejemplo.com,Frecuente,2022-09-18
C00777,María,Pérez,33,León,GTO,México,maria.perez777@ejemplo.com,Standard,2022-09-18
C00778,Diego,Gómez,58,Guadalajara,JAL,México,diego.gomez778@ejemplo.com,Frecuente,2022-09-19
C00779,Andrés,García,45,Veracruz,VER,México,andres.garcia779@ejemplo.com,Premium,2022-09-19
C00780,Diego,Mendoza,56,Monterrey,NL,México,diego.mendoza780@ejemplo.com,Standard,2022-09-19
C00781,Ricardo,Castillo,22,Mérida,YUC,México,ricardo.castillo781@ejemplo.com,Premium,2022-09-19
C00782,Diego,Ramírez,49,León,GTO,México,diego.ramirez782@ejemplo.com,Premium,2022-09-19
C00783,Gabriela,Pérez,44,Chihuahua,CHIH,México,gabriela.perez783@ejemplo.com,Frecuente,2022-09-19
C00784,Mariana,Hernández,70,Veracruz,VER,México,mariana.hernandez784@ejemplo.com,Premium,2022-09-19
C00785,Valeria,Cruz,42,Cancún,QROO,México,valeria.cruz785@ejemplo.com,Frecuente,2022-09-19
C00786,Jorge,Jiménez,23,Mérida,YUC,México,jorge.jimenez786@ejemplo.com,Standard,2022-09-20
C00787,Jorge,Martínez,58,Querétaro,QRO,México,jorge.martinez787@ejemplo.com,Frecuente,2022-09-20
C00788,Jorge,Gómez,26,Mérida,YUC,México,jorge.gomez788@ejemplo.com,Frecuente,2022-09-20
C00789,Luis,Rodríguez,70,León,GTO,México,luis.rodriguez789@ejemplo.com,Standard,2022-09-21
C00790,Mariana,Pérez,40,Cancún,QROO,México,mariana.perez790@ejemplo.com,Frecuente,2022-09-21
C00791,Andrés,Torres,63,Cancún,QROO,México,andres.torres791@ejemplo.com,Standard,2022-09-21
C00792,Laura,Pérez,56,Querétaro,QRO,México,laura.perez792@ejemplo.com,Standard,2022-09-22
C00793,María,López,44,Monterrey,NL,México,maria.lopez793@ejemplo.com,Standard,2022-09-22
C00794,Mariana,López,51,Ciudad de México,CDMX,México,mariana.lopez794@ejemplo.com,Premium,2022-09-22
C00795,José,García,28,Querétaro,QRO,México,jose.garcia795@ejemplo.com,Premium,2022-09-22
C00796,Ana,López,22,Tijuana,BC,México,ana.lopez796@ejemplo.com,Premium,2022-09-22
C00797,Gabriela,Hernández,62,Cancún,QROO,México,gabriela.hernandez797@ejemplo.com,Premium,2022-09-22
C00798,Jorge,Vargas,73,Chihuahua,CHIH,México,jorge.vargas798@ejemplo.com,Premium,2022-09-23
C00799,Valeria,Reyes,67,León,GTO,México,valeria.reyes799@ejemplo.com,Standard,2022-09-23
C00800,José,Martínez,35,Toluca,MEX,México,jose.martinez800@ejemplo.com,Standard,2022-09-23
C00801,Diego,Flores,38,Mérida,YUC,México,diego.flores801@ejemplo.com,Standard,2022-09-23
C00802,María,Vargas,38,Veracruz,VER,México,maria.vargas802@ejemplo.com,Frecuente,2022-09-23
C00803,José,García,58,Veracruz,VER,México,jose.garcia803@ejemplo.com,Frecuente,2022-09-24
C00804,Alejandro,Castillo,54,Guadalajara,JAL,México,alejandro.castillo804@ejemplo.com,Frecuente,2022-09-25
C00805,Carlos,Torres,64,Cancún,QROO,México,carlos.torres805@ejemplo.com,Standard,2022-09-25
C00806,Diego,Hernández,72,Mérida,YUC,México,diego.hernandez806@ejemplo.com,Premium,2022-09-25
C00807,José,Morales,40,Veracruz,VER,México,jose.morales807@ejemplo.com,Frecuente,2022-09-26
C00808,Mariana,Rodríguez,56,Cancún,QROO,México,mariana.rodriguez808@ejemplo.com,Premium,2022-09-26
C00809,Fernanda,Rodríguez,47,Ciudad de México,CDMX,México,fernanda.rodriguez809@ejemplo.com,Premium,2022-09-28
C00810,María,Ramírez,73,Monterrey,NL,México,maria.ramirez810@ejemplo.com,Premium,2022-09-30
C00811,Daniela,Hernández,38,Guadalajara,JAL,México,daniela.hernandez811@ejemplo.com,Standard,2022-09-30
C00812,Jorge,Morales,28,Monterrey,NL,México,jorge.morales812@ejemplo.com,Standard,2022-09-30
C00813,Sofía,Flores,39,Guadalajara,JAL,México,sofia.flores813@ejemplo.com,Premium,2022-09-30
C00814,Mariana,Hernández,53,Toluca,MEX,México,mariana.hernandez814@ejemplo.com,Standard,2022-10-01
C00815,Valeria,Sánchez,73,Querétaro,QRO,México,valeria.sanchez815@ejemplo.com,Premium,2022-10-01
C00816,Laura,Sánchez,66,León,GTO,México,laura.sanchez816@ejemplo.com,Premium,2022-10-01
C00817,José,Ortiz,19,Veracruz,VER,México,jose.ortiz817@ejemplo.com,Premium,2022-10-01
C00818,Alejandro,Castillo,47,Cancún,QROO,México,alejandro.castillo818@ejemplo.com,Premium,2022-10-01
C00819,María,Flores,27,Querétaro,QRO,México,maria.flores819@ejemplo.com,Standard,2022-10-02
C00820,Valeria,Cruz,39,Puebla,PUE,México,valeria.cruz820@ejemplo.com,Premium,2022-10-02
C00821,Jorge,Ruiz,72,Toluca,MEX,México,jorge.ruiz821@ejemplo.com,Premium,2022-10-02
C00822,Andrés,García,75,Mérida,YUC,México,andres.garcia822@ejemplo.com,Premium,2022-10-03
C00823,Gabriela,Rodríguez,26,Toluca,MEX,México,gabriela.rodriguez823@ejemplo.com,Standard,2022-10-03
C00824,Diego,Ortiz,26,Ciudad de México,CDMX,México,diego.ortiz824@ejemplo.com,Frecuente,2022-10-03
C00825,Luis,Vargas,58,Guadalajara,JAL,México,luis.vargas825@ejemplo.com,Standard,2022-10-04
C00826,Luis,López,41,Guadalajara,JAL,México,luis.lopez826@ejemplo.com,Standard,2022-10-04
C00827,Ricardo,Ramírez,43,León,GTO,México,ricardo.ramirez827@ejemplo.com,Frecuente,2022-10-04
C00828,Daniela,Sánchez,68,Mérida,YUC,México,daniela.sanchez828@ejemplo.com,Premium,2022-10-04
C00829,Diego,Morales,71,Puebla,PUE,México,diego.morales829@ejemplo.com,Premium,2022-10-04
C00830,Fernanda,Morales,70,Puebla,PUE,México,fernanda.morales830@ejemplo.com,Standard,2022-10-04
C00831,Carlos,García,63,Cancún,QROO,México,carlos.garcia831@ejemplo.com,Premium,2022-10-04
C00832,Ricardo,Gómez,74,Veracruz,VER,México,ricardo.gomez832@ejemplo.com,Standard,2022-10-05
C00833,Héctor,López,59,Veracruz,VER,México,hector.lopez833@ejemplo.com,Standard,2022-10-05
C00834,Ana,Martínez,69,Querétaro,QRO,México,ana.martinez834@ejemplo.com,Premium,2022-10-06
C00835,Sofía,Rodríguez,49,León,GTO,México,sofia.rodriguez835@ejemplo.com,Standard,2022-10-06
C00836,Gabriela,Jiménez,20,Guadalajara,JAL,México,gabriela.jimenez836@ejemplo.com,Premium,2022-10-07
C00837,Gabriela,Gómez,65,Veracruz,VER,México,gabriela.gomez837@ejemplo.com,Premium,2022-10-07
C00838,Miguel,Rodríguez,71,Ciudad de México,CDMX,México,miguel.rodriguez838@ejemplo.com,Frecuente,2022-10-08
C00839,Sofía,Martínez,36,Tijuana,BC,México,sofia.martinez839@ejemplo.com,Standard,2022-10-08
C00840,Andrés,Hernández,42,León,GTO,México,andres.hernandez840@ejemplo.com,Premium,2022-10-08
C00841,Paola,Jiménez,51,Veracruz,VER,México,paola.jimenez841@ejemplo.com,Premium,2022-10-08
C00842,Mariana,Hernández,55,Monterrey,NL,México,mariana.hernandez842@ejemplo.com,Premium,2022-10-09
C00843,Valeria,Jiménez,57,Cancún,QROO,México,valeria.jimenez843@ejemplo.com,Premium,2022-10-09
C00844,Miguel,Gómez,40,Monterrey,NL,México,miguel.gomez844@ejemplo.com,Premium,2022-10-09
C00845,Gabriela,Ortiz,67,Ciudad de México,CDMX,México,gabriela.ortiz845@ejemplo.com,Premium,2022-10-09
C00846,Ricardo,Ortiz,65,Querétaro,QRO,México,ricardo.ortiz846@ejemplo.com,Frecuente,2022-10-10
C00847,Diego,Martínez,72,Mérida,YUC,México,diego.martinez847@ejemplo.com,Frecuente,2022-10-10
C00848,Daniela,Martínez,51,Puebla,PUE,México,daniela.martinez848@ejemplo.com,Standard,2022-10-10
C00849,Jorge,Mendoza,22,Veracruz,VER,México,jorge.mendoza849@ejemplo.com,Standard,2022-10-10
C00850,Laura,Mendoza,67,Cancún,QROO,México,laura.mendoza850@ejemplo.com,Standard,2022-10-10
C00851,Ricardo,Rodríguez,22,Querétaro,QRO,México,ricardo.rodriguez851@ejemplo.com,Standard,2022-10-10
C00852,Valeria,Torres,29,Querétaro,QRO,México,valeria.torres852@ejemplo.com,Frecuente,2022-10-11
C00853,Sofía,Mendoza,34,Querétaro,QRO,México,sofia.mendoza853@ejemplo.com,Standard,2022-10-12
C00854,Daniela,Jiménez,28,Guadalajara,JAL,México,daniela.jimenez854@ejemplo.com,Standard,2022-10-12
C00855,José,García,59,Cancún,QROO,México,jose.garcia855@ejemplo.com,Standard,2022-10-13
C00856,Valeria,Cruz,43,Toluca,MEX,México,valeria.cruz856@ejemplo.com,Standard,2022-10-13
C00857,Fernanda,Torres,30,Querétaro,QRO,México,fernanda.torres857@ejemplo.com,Premium,2022-10-13
C00858,María,Mendoza,18,Querétaro,QRO,México,maria.mendoza858@ejemplo.com,Premium,2022-10-13
C00859,Carlos,Rodríguez,30,Chihuahua,CHIH,México,carlos.rodriguez859@ejemplo.com,Premium,2022-10-15
C00860,Daniela,Torres,58,Cancún,QROO,México,daniela.torres860@ejemplo.com,Premium,2022-10-15
C00861,Luis,Martínez,64,Puebla,PUE,México,luis.martinez861@ejemplo.com,Premium,2022-10-15
C00862,Valeria,Hernández,35,Ciudad de México,CDMX,México,valeria.hernandez862@ejemplo.com,Premium,2022-10-16
C00863,Valeria,Martínez,22,Toluca,MEX,México,valeria.martinez863@ejemplo.com,Premium,2022-10-16
C00864,Ana,Pérez,50,Cancún,QROO,México,ana.perez864@ejemplo.com,Frecuente,2022-10-16
C00865,Alejandro,Cruz,63,Cancún,QROO,México,alejandro.cruz865@ejemplo.com,Premium,2022-10-16
C00866,Valeria,Vargas,22,Puebla,PUE,México,valeria.vargas866@ejemplo.com,Premium,2022-10-16
C00867,Andrés,López,64,Monterrey,NL,México,andres.lopez867@ejemplo.com,Premium,2022-10-16
C00868,Gabriela,Pérez,27,Querétaro,QRO,México,gabriela.perez868@ejemplo.com,Premium,2022-10-17
C00869,Alejandro,Hernández,32,Toluca,MEX,México,alejandro.hernandez869@ejemplo.com,Standard,2022-10-17
C00870,Daniela,Morales,54,Puebla,PUE,México,daniela.morales870@ejemplo.com,Standard,2022-10-17
C00871,Paola,García,20,Mérida,YUC,México,paola.garcia871@ejemplo.com,Premium,2022-10-18
C00872,Fernanda,Reyes,35,Veracruz,VER,México,fernanda.reyes872@ejemplo.com,Standard,2022-10-19
C00873,Andrés,Flores,26,Monterrey,NL,México,andres.flores873@ejemplo.com,Premium,2022-10-19
C00874,Carlos,Cruz,30,Monterrey,NL,México,carlos.cruz874@ejemplo.com,Standard,2022-10-20
C00875,Andrés,Gómez,62,Monterrey,NL,México,andres.gomez875@ejemplo.com,Frecuente,2022-10-20
C00876,Laura,Castillo,31,Chihuahua,CHIH,México,laura.castillo876@ejemplo.com,Frecuente,2022-10-20
C00877,Alejandro,Martínez,20,Mérida,YUC,México,alejandro.martinez877@ejemplo.com,Premium,2022-10-20
C00878,Ana,Mendoza,30,Veracruz,VER,México,ana.mendoza878@ejemplo.com,Standard,2022-10-21
C00879,Daniela,Ortiz,23,Veracruz,VER,México,daniela.ortiz879@ejemplo.com,Standard,2022-10-22
C00880,Miguel,Sánchez,54,Querétaro,QRO,México,miguel.sanchez880@ejemplo.com,Frecuente,2022-10-22
C00881,Ricardo,Reyes,74,Ciudad de México,CDMX,México,ricardo.reyes881@ejemplo.com,Premium,2022-10-22
C00882,Mariana,Rodríguez,27,Puebla,PUE,México,mariana.rodriguez882@ejemplo.com,Standard,2022-10-23
C00883,Héctor,Hernández,60,Mérida,YUC,México,hector.hernandez883@ejemplo.com,Premium,2022-10-24
C00884,Ana,Cruz,39,Tijuana,BC,México,ana.cruz884@ejemplo.com,Premium,2022-10-24
C00885,Diego,Sánchez,22,Ciudad de México,CDMX,México,diego.sanchez885@ejemplo.com,Standard,2022-10-24
C00886,Héctor,Cruz,57,Veracruz,VER,México,hector.cruz886@ejemplo.com,Premium,2022-10-24
C00887,Mariana,Martínez,30,Puebla,PUE,México,mariana.martinez887@ejemplo.com,Premium,2022-10-24
C00888,Ricardo,Morales,47,Cancún,QROO,México,ricardo.morales888@ejemplo.com,Frecuente,2022-10-24
C00889,Daniela,García,47,Veracruz,VER,México,daniela.garcia889@ejemplo.com,Standard,2022-10-25
C00890,Sofía,Jiménez,52,Mérida,YUC,México,sofia.jimenez890@ejemplo.com,Frecuente,2022-10-25
C00891,Andrés,Gómez,25,León,GTO,México,andres.gomez891@ejemplo.com,Standard,2022-10-25
C00892,José,García,32,Ciudad de México,CDMX,México,jose.garcia892@ejemplo.com,Frecuente,2022-10-26
C00893,Diego,Castillo,60,León,GTO,México,diego.castillo893@ejemplo.com,Standard,2022-10-26
C00894,Carlos,Cruz,72,Chihuahua,CHIH,México,carlos.cruz894@ejemplo.com,Premium,2022-10-27
C00895,Luis,Pérez,18,Veracruz,VER,México,luis.perez895@ejemplo.com,Premium,2022-10-27
C00896,Paola,Hernández,42,Guadalajara,JAL,México,paola.hernandez896@ejemplo.com,Frecuente,2022-10-27
C00897,Miguel,Morales,69,Monterrey,NL,México,miguel.morales897@ejemplo.com,Premium,2022-10-27
C00898,Mariana,Flores,34,Ciudad de México,CDMX,México,mariana.flores898@ejemplo.com,Premium,2022-10-27
C00899,Jorge,Vargas,43,Veracruz,VER,México,jorge.vargas899@ejemplo.com,Standard,2022-10-27
C00900,Gabriela,Pérez,70,Puebla,PUE,México,gabriela.perez900@ejemplo.com,Premium,2022-10-28
C00901,Alejandro,Reyes,74,Mérida,YUC,México,alejandro.reyes901@ejemplo.com,Premium,2022-10-28
C00902,Ricardo,Martínez,56,Querétaro,QRO,México,ricardo.martinez902@ejemplo.com,Standard,2022-10-28
C00903,Laura,Martínez,58,León,GTO,México,laura.martinez903@ejemplo.com,Premium,2022-10-28
C00904,Paola,Ramírez,53,Chihuahua,CHIH,México,paola.ramirez904@ejemplo.com,Standard,2022-10-28
C00905,Ricardo,Flores,34,Puebla,PUE,México,ricardo.flores905@ejemplo.com,Premium,2022-10-29
C00906,Diego,Morales,69,Toluca,MEX,México,diego.morales906@ejemplo.com,Standard,2022-10-29
C00907,Fernanda,Ruiz,19,Puebla,PUE,México,fernanda.ruiz907@ejemplo.com,Premium,2022-10-29
C00908,Alejandro,Sánchez,21,Monterrey,NL,México,alejandro.sanchez908@ejemplo.com,Standard,2022-10-29
C00909,Paola,Jiménez,52,Guadalajara,JAL,México,paola.jimenez909@ejemplo.com,Premium,2022-10-30
C00910,Luis,Mendoza,66,Tijuana,BC,México,luis.mendoza910@ejemplo.com,Premium,2022-10-30
C00911,Ricardo,Torres,65,Mérida,YUC,México,ricardo.torres911@ejemplo.com,Standard,2022-10-30
C00912,Carlos,Flores,57,Toluca,MEX,México,carlos.flores912@ejemplo.com,Premium,2022-10-31
C00913,Daniela,Sánchez,39,Chihuahua,CHIH,México,daniela.sanchez913@ejemplo.com,Standard,2022-10-31
C00914,Ricardo,Sánchez,38,Mérida,YUC,México,ricardo.sanchez914@ejemplo.com,Premium,2022-10-31
C00915,Luis,Martínez,42,Tijuana,BC,México,luis.martinez915@ejemplo.com,Premium,2022-11-01
C00916,Miguel,Torres,32,Monterrey,NL,México,miguel.torres916@ejemplo.com,Premium,2022-11-02
C00917,Carlos,Pérez,42,Chihuahua,CHIH,México,carlos.perez917@ejemplo.com,Frecuente,2022-11-02
C00918,Ana,Sánchez,24,Tijuana,BC,México,ana.sanchez918@ejemplo.com,Premium,2022-11-02
C00919,Daniela,Rodríguez,36,Toluca,MEX,México,daniela.rodriguez919@ejemplo.com,Premium,2022-11-03
C00920,Alejandro,Reyes,72,Cancún,QROO,México,alejandro.reyes920@ejemplo.com,Standard,2022-11-04
C00921,Diego,Torres,59,Veracruz,VER,México,diego.torres921@ejemplo.com,Premium,2022-11-04
C00922,Paola,Vargas,26,Veracruz,VER,México,paola.vargas922@ejemplo.com,Standard,2022-11-04
C00923,Daniela,Torres,34,León,GTO,México,daniela.torres923@ejemplo.com,Frecuente,2022-11-04
C00924,Mariana,Rodríguez,33,Cancún,QROO,México,mariana.rodriguez924@ejemplo.com,Standard,2022-11-04
C00925,Alejandro,Martínez,34,Guadalajara,JAL,México,alejandro.martinez925@ejemplo.com,Standard,2022-11-05
C00926,Diego,Rodríguez,58,Ciudad de México,CDMX,México,diego.rodriguez926@ejemplo.com,Premium,2022-11-05
C00927,Andrés,Ortiz,69,Mérida,YUC,México,andres.ortiz927@ejemplo.com,Frecuente,2022-11-05
C00928,Valeria,Morales,59,León,GTO,México,valeria.morales928@ejemplo.com,Standard,2022-11-05
C00929,Diego,García,46,León,GTO,México,diego.garcia929@ejemplo.com,Premium,2022-11-05
C00930,Sofía,Reyes,27,Puebla,PUE,México,sofia.reyes930@ejemplo.com,Frecuente,2022-11-06
C00931,Alejandro,López,26,Mérida,YUC,México,alejandro.lopez931@ejemplo.com,Frecuente,2022-11-07
C00932,Luis,Cruz,65,Chihuahua,CHIH,México,luis.cruz932@ejemplo.com,Premium,2022-11-07
C00933,Carlos,Rodríguez,57,Guadalajara,JAL,México,carlos.rodriguez933@ejemplo.com,Premium,2022-11-07
C00934,Carlos,Ortiz,47,Tijuana,BC,México,carlos.ortiz934@ejemplo.com,Standard,2022-11-07
C00935,Héctor,Gómez,51,Veracruz,VER,México,hector.gomez935@ejemplo.com,Frecuente,2022-11-07
C00936,Sofía,Rodríguez,67,Monterrey,NL,México,sofia.rodriguez936@ejemplo.com,Standard,2022-11-08
C00937,Ricardo,Mendoza,65,Puebla,PUE,México,ricardo.mendoza937@ejemplo.com,Premium,2022-11-09
C00938,Valeria,Flores,23,Querétaro,QRO,México,valeria.flores938@ejemplo.com,Premium,2022-11-09
C00939,Mariana,Vargas,40,León,GTO,México,mariana.vargas939@ejemplo.com,Premium,2022-11-09
C00940,Ricardo,Reyes,20,Puebla,PUE,México,ricardo.reyes940@ejemplo.com,Premium,2022-11-11
C00941,Sofía,Hernández,40,Toluca,MEX,México,sofia.hernandez941@ejemplo.com,Standard,2022-11-11
C00942,Fernanda,Torres,54,Monterrey,NL,México,fernanda.torres942@ejemplo.com,Premium,2022-11-11
C00943,Ricardo,Torres,30,Tijuana,BC,México,ricardo.torres943@ejemplo.com,Premium,2022-11-11
C00944,Daniela,Reyes,26,Mérida,YUC,México,daniela.reyes944@ejemplo.com,Frecuente,2022-11-12
C00945,Sofía,Torres,46,Ciudad de México,CDMX,México,sofia.torres945@ejemplo.com,Premium,2022-11-12
C00946,Diego,Mendoza,48,Toluca,MEX,México,diego.mendoza946@ejemplo.com,Premium,2022-11-12
C00947,Sofía,Ortiz,59,León,GTO,México,sofia.ortiz947@ejemplo.com,Frecuente,2022-11-12
C00948,Alejandro,Castillo,18,Chihuahua,CHIH,México,alejandro.castillo948@ejemplo.com,Premium,2022-11-13
C00949,Alejandro,Mendoza,32,Puebla,PUE,México,alejandro.mendoza949@ejemplo.com,Frecuente,2022-11-14
C00950,Luis,Vargas,63,Tijuana,BC,México,luis.vargas950@ejemplo.com,Premium,2022-11-14
C00951,José,Reyes,57,Chihuahua,CHIH,México,jose.reyes951@ejemplo.com,Premium,2022-11-15
C00952,Héctor,Rodríguez,70,Ciudad de México,CDMX,México,hector.rodriguez952@ejemplo.com,Standard,2022-11-15
C00953,Ricardo,Mendoza,65,Querétaro,QRO,México,ricardo.mendoza953@ejemplo.com,Premium,2022-11-15
C00954,Daniela,Castillo,66,Querétaro,QRO,México,daniela.castillo954@ejemplo.com,Standard,2022-11-15
C00955,Daniela,Reyes,47,Querétaro,QRO,México,daniela.reyes955@ejemplo.com,Premium,2022-11-15
C00956,Andrés,Gómez,73,Querétaro,QRO,México,andres.gomez956@ejemplo.com,Standard,2022-11-15
C00957,Ana,Flores,42,León,GTO,México,ana.flores957@ejemplo.com,Premium,2022-11-15
C00958,Andrés,Ramírez,70,Monterrey,NL,México,andres.ramirez958@ejemplo.com,Standard,2022-11-16
C00959,Jorge,Vargas,40,Chihuahua,CHIH,México,jorge.vargas959@ejemplo.com,Standard,2022-11-16
C00960,Gabriela,Jiménez,43,Chihuahua,CHIH,México,gabriela.jimenez960@ejemplo.com,Standard,2022-11-16
C00961,Ricardo,Ortiz,57,Monterrey,NL,México,ricardo.ortiz961@ejemplo.com,Premium,2022-11-16
C00962,Jorge,Martínez,41,Veracruz,VER,México,jorge.martinez962@ejemplo.com,Standard,2022-11-17
C00963,Héctor,Reyes,26,Puebla,PUE,México,hector.reyes963@ejemplo.com,Standard,2022-11-17
C00964,Sofía,Martínez,69,Ciudad de México,CDMX,México,sofia.martinez964@ejemplo.com,Premium,2022-11-17
C00965,Andrés,Hernández,44,Tijuana,BC,México,andres.hernandez965@ejemplo.com,Standard,2022-11-17
C00966,Laura,Hernández,71,Toluca,MEX,México,laura.hernandez966@ejemplo.com,Premium,2022-11-18
C00967,Andrés,Mendoza,41,Chihuahua,CHIH,México,andres.mendoza967@ejemplo.com,Premium,2022-11-18
C00968,Jorge,Hernández,74,Cancún,QROO,México,jorge.hernandez968@ejemplo.com,Standard,2022-11-18
C00969,Ricardo,Martínez,52,Toluca,MEX,México,ricardo.martinez969@ejemplo.com,Premium,2022-11-18
C00970,Laura,Ruiz,62,Puebla,PUE,México,laura.ruiz970@ejemplo.com,Premium,2022-11-19
C00971,Andrés,García,61,Chihuahua,CHIH,México,andres.garcia971@ejemplo.com,Standard,2022-11-19
C00972,Ana,Mendoza,29,Cancún,QROO,México,ana.mendoza972@ejemplo.com,Standard,2022-11-19
C00973,Fernanda,Ortiz,65,Guadalajara,JAL,México,fernanda.ortiz973@ejemplo.com,Premium,2022-11-19
C00974,Laura,Ruiz,72,Guadalajara,JAL,México,laura.ruiz974@ejemplo.com,Premium,2022-11-19
C00975,Mariana,Cruz,56,Puebla,PUE,México,mariana.cruz975@ejemplo.com,Premium,2022-11-20
C00976,Luis,Rodríguez,72,Ciudad de México,CDMX,México,luis.rodriguez976@ejemplo.com,Standard,2022-11-20
C00977,Alejandro,Torres,67,Puebla,PUE,México,alejandro.torres977@ejemplo.com,Standard,2022-11-20
C00978,Ricardo,Pérez,56,Veracruz,VER,México,ricardo.perez978@ejemplo.com,Standard,2022-11-20
C00979,Ana,Torres,45,Monterrey,NL,México,ana.torres979@ejemplo.com,Standard,2022-11-22
C00980,Jorge,Morales,67,Cancún,QROO,México,jorge.morales980@ejemplo.com,Frecuente,2022-11-22
C00981,Jorge,Flores,28,Veracruz,VER,México,jorge.flores981@ejemplo.com,Premium,2022-11-22
C00982,Paola,López,50,Puebla,PUE,México,paola.lopez982@ejemplo.com,Premium,2022-11-23
C00983,Alejandro,Mendoza,65,León,GTO,México,alejandro.mendoza983@ejemplo.com,Premium,2022-11-23
C00984,Héctor,Vargas,72,Querétaro,QRO,México,hector.vargas984@ejemplo.com,Premium,2022-11-23
C00985,Diego,Ruiz,33,Puebla,PUE,México,diego.ruiz985@ejemplo.com,Premium,2022-11-23
C00986,Carlos,Castillo,23,Veracruz,VER,México,carlos.castillo986@ejemplo.com,Frecuente,2022-11-24
C00987,Alejandro,Cruz,37,Cancún,QROO,México,alejandro.cruz987@ejemplo.com,Premium,2022-11-24
C00988,Luis,López,68,Querétaro,QRO,México,luis.lopez988@ejemplo.com,Premium,2022-11-24
C00989,Gabriela,Gómez,48,Toluca,MEX,México,gabriela.gomez989@ejemplo.com,Standard,2022-11-25
C00990,Valeria,Ruiz,21,Chihuahua,CHIH,México,valeria.ruiz990@ejemplo.com,Frecuente,2022-11-25
C00991,Miguel,Hernández,24,Toluca,MEX,México,miguel.hernandez991@ejemplo.com,Premium,2022-11-25
C00992,Fernanda,García,37,Chihuahua,CHIH,México,fernanda.garcia992@ejemplo.com,Standard,2022-11-25
C00993,Héctor,Mendoza,37,Puebla,PUE,México,hector.mendoza993@ejemplo.com,Frecuente,2022-11-25
C00994,Daniela,Jiménez,25,Tijuana,BC,México,daniela.jimenez994@ejemplo.com,Premium,2022-11-26
C00995,Diego,López,46,Monterrey,NL,México,diego.lopez995@ejemplo.com,Standard,2022-11-26
C00996,Ana,López,45,León,GTO,México,ana.lopez996@ejemplo.com,Premium,2022-11-27
C00997,Gabriela,Castillo,29,Toluca,MEX,México,gabriela.castillo997@ejemplo.com,Premium,2022-11-27
C00998,Mariana,Martínez,31,Cancún,QROO,México,mariana.martinez998@ejemplo.com,Premium,2022-11-28
C00999,Paola,Ramírez,56,Cancún,QROO,México,paola.ramirez999@ejemplo.com,Premium,2022-11-28
C01000,Laura,García,73,Toluca,MEX,México,laura.garcia1000@ejemplo.com,Standard,2022-11-28
C01001,Jorge,Cruz,75,Monterrey,NL,México,jorge.cruz1001@ejemplo.com,Frecuente,2022-11-28
C01002,Héctor,Sánchez,50,Tijuana,BC,México,hector.sanchez1002@ejemplo.com,Premium,2022-11-28
C01003,Jorge,Torres,20,León,GTO,México,jorge.torres1003@ejemplo.com,Standard,2022-11-29
C01004,Valeria,Flores,70,Ciudad de México,CDMX,México,valeria.flores1004@ejemplo.com,Premium,2022-11-29
C01005,Fernanda,Torres,73,Chihuahua,CHIH,México,fernanda.torres1005@ejemplo.com,Premium,2022-11-30
C01006,Ana,Rodríguez,34,Monterrey,NL,México,ana.rodriguez1006@ejemplo.com,Standard,2022-11-30
C01007,Sofía,Gómez,41,Toluca,MEX,México,sofia.gomez1007@ejemplo.com,Premium,2022-12-01
C01008,Andrés,Torres,19,Cancún,QROO,México,andres.torres1008@ejemplo.com,Standard,2022-12-01
C01009,Laura,López,64,Chihuahua,CHIH,México,laura.lopez1009@ejemplo.com,Premium,2022-12-01
C01010,Laura,Ruiz,62,Toluca,MEX,México,laura.ruiz1010@ejemplo.com,Standard,2022-12-01
C01011,María,Flores,19,Mérida,YUC,México,maria.flores1011@ejemplo.com,Premium,2022-12-01
C01012,Paola,Hernández,58,Toluca,MEX,México,paola.hernandez1012@ejemplo.com,Premium,2022-12-01
C01013,Daniela,Martínez,41,Tijuana,BC,México,daniela.martinez1013@ejemplo.com,Standard,2022-12-02
C01014,Valeria,Sánchez,49,Cancún,QROO,México,valeria.sanchez1014@ejemplo.com,Standard,2022-12-03
C01015,Luis,Gómez,30,Chihuahua,CHIH,México,luis.gomez1015@ejemplo.com,Premium,2022-12-03
C01016,Diego,Pérez,65,Guadalajara,JAL,México,diego.perez1016@ejemplo.com,Frecuente,2022-12-03
C01017,Carlos,Ruiz,41,Tijuana,BC,México,carlos.ruiz1017@ejemplo.com,Premium,2022-12-03
C01018,Laura,Ortiz,66,Ciudad de México,CDMX,México,laura.ortiz1018@ejemplo.com,Premium,2022-12-03
C01019,Paola,Sánchez,26,Mérida,YUC,México,paola.sanchez1019@ejemplo.com,Premium,2022-12-03
C01020,Paola,Ramírez,52,Toluca,MEX,México,paola.ramirez1020@ejemplo.com,Standard,2022-12-03
C01021,Sofía,Gómez,35,Ciudad de México,CDMX,México,sofia.gomez1021@ejemplo.com,Standard,2022-12-04
C01022,Sofía,Rodríguez,74,Mérida,YUC,México,sofia.rodriguez1022@ejemplo.com,Frecuente,2022-12-04
C01023,Carlos,Vargas,50,Tijuana,BC,México,carlos.vargas1023@ejemplo.com,Standard,2022-12-05
C01024,Gabriela,Flores,59,Toluca,MEX,México,gabriela.flores1024@ejemplo.com,Premium,2022-12-06
C01025,Fernanda,Reyes,22,Monterrey,NL,México,fernanda.reyes1025@ejemplo.com,Premium,2022-12-06
C01026,Paola,Gómez,57,Guadalajara,JAL,México,paola.gomez1026@ejemplo.com,Premium,2022-12-06
C01027,José,Morales,23,Guadalajara,JAL,México,jose.morales1027@ejemplo.com,Standard,2022-12-06
C01028,Daniela,López,38,Tijuana,BC,México,daniela.lopez1028@ejemplo.com,Premium,2022-12-06
C01029,Luis,Hernández,30,Querétaro,QRO,México,luis.hernandez1029@ejemplo.com,Standard,2022-12-06
C01030,Sofía,Rodríguez,18,Veracruz,VER,México,sofia.rodriguez1030@ejemplo.com,Standard,2022-12-06
C01031,Gabriela,Castillo,52,Querétaro,QRO,México,gabriela.castillo1031@ejemplo.com,Standard,2022-12-07
C01032,Andrés,Jiménez,31,Monterrey,NL,México,andres.jimenez1032@ejemplo.com,Premium,2022-12-07
C01033,Paola,Torres,47,León,GTO,México,paola.torres1033@ejemplo.com,Premium,2022-12-07
C01034,Alejandro,Sánchez,62,Ciudad de México,CDMX,México,alejandro.sanchez1034@ejemplo.com,Frecuente,2022-12-09
C01035,Ana,Gómez,28,Tijuana,BC,México,ana.gomez1035@ejemplo.com,Standard,2022-12-09
C01036,Laura,Sánchez,59,Cancún,QROO,México,laura.sanchez1036@ejemplo.com,Standard,2022-12-09
C01037,Valeria,Pérez,35,Puebla,PUE,México,valeria.perez1037@ejemplo.com,Standard,2022-12-09
C01038,Carlos,Rodríguez,37,Cancún,QROO,México,carlos.rodriguez1038@ejemplo.com,Frecuente,2022-12-10
C01039,José,Torres,51,Querétaro,QRO,México,jose.torres1039@ejemplo.com,Premium,2022-12-10
C01040,Ana,Ramírez,54,Veracruz,VER,México,ana.ramirez1040@ejemplo.com,Frecuente,2022-12-10
C01041,María,Torres,56,Puebla,PUE,México,maria.torres1041@ejemplo.com,Premium,2022-12-10
C01042,María,Pérez,29,Chihuahua,CHIH,México,maria.perez1042@ejemplo.com,Frecuente,2022-12-10
C01043,María,García,51,Cancún,QROO,México,maria.garcia1043@ejemplo.com,Premium,2022-12-11
C01044,Andrés,Castillo,33,León,GTO,México,andres.castillo1044@ejemplo.com,Premium,2022-12-11
C01045,Valeria,Castillo,34,Monterrey,NL,México,valeria.castillo1045@ejemplo.com,Premium,2022-12-11
C01046,Fernanda,Pérez,72,Ciudad de México,CDMX,México,fernanda.perez1046@ejemplo.com,Standard,2022-12-11
C01047,Diego,Gómez,23,León,GTO,México,diego.gomez1047@ejemplo.com,Frecuente,2022-12-11
C01048,Valeria,Vargas,41,Querétaro,QRO,México,valeria.vargas1048@ejemplo.com,Premium,2022-12-11
C01049,Ricardo,Reyes,43,Puebla,PUE,México,ricardo.reyes1049@ejemplo.com,Premium,2022-12-11
C01050,Carlos,García,32,Chihuahua,CHIH,México,carlos.garcia1050@ejemplo.com,Premium,2022-12-12
C01051,José,Ruiz,63,Puebla,PUE,México,jose.ruiz1051@ejemplo.com,Premium,2022-12-12
C01052,Diego,Mendoza,46,Querétaro,QRO,México,diego.mendoza1052@ejemplo.com,Standard,2022-12-12
C01053,María,Mendoza,59,León,GTO,México,maria.mendoza1053@ejemplo.com,Premium,2022-12-13
C01054,Sofía,López,40,Veracruz,VER,México,sofia.lopez1054@ejemplo.com,Frecuente,2022-12-14
C01055,Héctor,Rodríguez,70,Chihuahua,CHIH,México,hector.rodriguez1055@ejemplo.com,Frecuente,2022-12-14
C01056,Gabriela,Sánchez,60,Cancún,QROO,México,gabriela.sanchez1056@ejemplo.com,Premium,2022-12-14
C01057,Miguel,Rodríguez,37,Guadalajara,JAL,México,miguel.rodriguez1057@ejemplo.com,Standard,2022-12-15
C01058,Jorge,Jiménez,73,Guadalajara,JAL,México,jorge.jimenez1058@ejemplo.com,Frecuente,2022-12-16
C01059,Jorge,Ruiz,68,León,GTO,México,jorge.ruiz1059@ejemplo.com,Frecuente,2022-12-16
C01060,María,Cruz,52,Mérida,YUC,México,maria.cruz1060@ejemplo.com,Standard,2022-12-17
C01061,Fernanda,Morales,18,Guadalajara,JAL,México,fernanda.morales1061@ejemplo.com,Premium,2022-12-18
C01062,Paola,López,52,León,GTO,México,paola.lopez1062@ejemplo.com,Premium,2022-12-18
C01063,María,Gómez,58,Veracruz,VER,México,maria.gomez1063@ejemplo.com,Standard,2022-12-18
C01064,Laura,Cruz,39,Ciudad de México,CDMX,México,laura.cruz1064@ejemplo.com,Premium,2022-12-18
C01065,María,Cruz,26,Toluca,MEX,México,maria.cruz1065@ejemplo.com,Standard,2022-12-19
C01066,Sofía,Flores,50,Tijuana,BC,México,sofia.flores1066@ejemplo.com,Standard,2022-12-19
C01067,María,Cruz,64,Tijuana,BC,México,maria.cruz1067@ejemplo.com,Premium,2022-12-20
C01068,Ana,López,36,León,GTO,México,ana.lopez1068@ejemplo.com,Premium,2022-12-20
C01069,Diego,Pérez,44,Monterrey,NL,México,diego.perez1069@ejemplo.com,Premium,2022-12-21
C01070,Mariana,Cruz,18,Guadalajara,JAL,México,mariana.cruz1070@ejemplo.com,Frecuente,2022-12-21
C01071,Diego,Hernández,58,Veracruz,VER,México,diego.hernandez1071@ejemplo.com,Premium,2022-12-22
C01072,Andrés,Ortiz,68,Tijuana,BC,México,andres.ortiz1072@ejemplo.com,Premium,2022-12-22
C01073,Andrés,Gómez,63,Monterrey,NL,México,andres.gomez1073@ejemplo.com,Frecuente,2022-12-22
C01074,Jorge,García,42,León,GTO,México,jorge.garcia1074@ejemplo.com,Standard,2022-12-23
C01075,Alejandro,Castillo,20,Monterrey,NL,México,alejandro.castillo1075@ejemplo.com,Standard,2022-12-23
C01076,Miguel,Torres,46,Toluca,MEX,México,miguel.torres1076@ejemplo.com,Frecuente,2022-12-23
C01077,Carlos,Gómez,72,Ciudad de México,CDMX,México,carlos.gomez1077@ejemplo.com,Premium,2022-12-24
C01078,Ricardo,Hernández,22,Mérida,YUC,México,ricardo.hernandez1078@ejemplo.com,Frecuente,2022-12-24
C01079,Valeria,Morales,30,Tijuana,BC,México,valeria.morales1079@ejemplo.com,Frecuente,2022-12-25
C01080,Jorge,Martínez,66,Veracruz,VER,México,jorge.martinez1080@ejemplo.com,Premium,2022-12-25
C01081,Gabriela,Reyes,50,Mérida,YUC,México,gabriela.reyes1081@ejemplo.com,Premium,2022-12-25
C01082,María,Jiménez,27,Veracruz,VER,México,maria.jimenez1082@ejemplo.com,Premium,2022-12-26
C01083,Ana,Vargas,19,Monterrey,NL,México,ana.vargas1083@ejemplo.com,Standard,2022-12-26
C01084,Alejandro,Flores,41,Querétaro,QRO,México,alejandro.flores1084@ejemplo.com,Standard,2022-12-27
C01085,Daniela,Martínez,52,Toluca,MEX,México,daniela.martinez1085@ejemplo.com,Standard,2022-12-27
C01086,Paola,Ramírez,66,Guadalajara,JAL,México,paola.ramirez1086@ejemplo.com,Frecuente,2022-12-27
C01087,José,Pérez,69,Veracruz,VER,México,jose.perez1087@ejemplo.com,Standard,2022-12-27
C01088,José,Ramírez,44,Toluca,MEX,México,jose.ramirez1088@ejemplo.com,Standard,2022-12-27
C01089,María,Martínez,42,León,GTO,México,maria.martinez1089@ejemplo.com,Standard,2022-12-29
C01090,Andrés,Ramírez,72,Monterrey,NL,México,andres.ramirez1090@ejemplo.com,Standard,2022-12-30
C01091,Ana,Ramírez,63,Toluca,MEX,México,ana.ramirez1091@ejemplo.com,Premium,2022-12-30
C01092,Mariana,García,30,Chihuahua,CHIH,México,mariana.garcia1092@ejemplo.com,Standard,2022-12-31
C01093,Ricardo,Reyes,57,Puebla,PUE,México,ricardo.reyes1093@ejemplo.com,Standard,2022-12-31
C01094,Fernanda,Jiménez,59,Cancún,QROO,México,fernanda.jimenez1094@ejemplo.com,Premium,2022-12-31
C01095,Carlos,Morales,31,Ciudad de México,CDMX,México,carlos.morales1095@ejemplo.com,Standard,2022-12-31
C01096,Jorge,Torres,74,Tijuana,BC,México,jorge.torres1096@ejemplo.com,Standard,2023-01-01
C01097,Daniela,Ortiz,35,Guadalajara,JAL,México,daniela.ortiz1097@ejemplo.com,Premium,2023-01-01
C01098,Alejandro,Vargas,49,Mérida,YUC,México,alejandro.vargas1098@ejemplo.com,Frecuente,2023-01-01
C01099,Paola,Rodríguez,46,Mérida,YUC,México,paola.rodriguez1099@ejemplo.com,Premium,2023-01-02
C01100,Ana,Gómez,58,Mérida,YUC,México,ana.gomez1100@ejemplo.com,Standard,2023-01-02
C01101,Ana,Ruiz,70,León,GTO,México,ana.ruiz1101@ejemplo.com,Standard,2023-01-02
C01102,Gabriela,García,40,Veracruz,VER,México,gabriela.garcia1102@ejemplo.com,Premium,2023-01-02
C01103,Fernanda,Jiménez,40,Monterrey,NL,México,fernanda.jimenez1103@ejemplo.com,Premium,2023-01-02
C01104,Laura,Reyes,61,Monterrey,NL,México,laura.reyes1104@ejemplo.com,Premium,2023-01-03
C01105,Héctor,López,73,Monterrey,NL,México,hector.lopez1105@ejemplo.com,Premium,2023-01-03
C01106,Jorge,Hernández,70,Veracruz,VER,México,jorge.hernandez1106@ejemplo.com,Standard,2023-01-03
C01107,Miguel,Torres,61,Guadalajara,JAL,México,miguel.torres1107@ejemplo.com,Premium,2023-01-04
C01108,Paola,Sánchez,58,Ciudad de México,CDMX,México,paola.sanchez1108@ejemplo.com,Frecuente,2023-01-04
C01109,Jorge,Castillo,62,Guadalajara,JAL,México,jorge.castillo1109@ejemplo.com,Premium,2023-01-04
C01110,Jorge,Vargas,72,Toluca,MEX,México,jorge.vargas1110@ejemplo.com,Premium,2023-01-05
C01111,Gabriela,García,18,Mérida,YUC,México,gabriela.garcia1111@ejemplo.com,Frecuente,2023-01-07
C01112,Fernanda,Ruiz,52,Veracruz,VER,México,fernanda.ruiz1112@ejemplo.com,Standard,2023-01-08
C01113,Fernanda,Ruiz,19,Monterrey,NL,México,fernanda.ruiz1113@ejemplo.com,Standard,2023-01-08
C01114,Jorge,López,51,Tijuana,BC,México,jorge.lopez1114@ejemplo.com,Standard,2023-01-08
C01115,Ricardo,Ramírez,40,Mérida,YUC,México,ricardo.ramirez1115@ejemplo.com,Frecuente,2023-01-09
C01116,Ricardo,López,35,Ciudad de México,CDMX,México,ricardo.lopez1116@ejemplo.com,Premium,2023-01-09
C01117,Héctor,López,69,Veracruz,VER,México,hector.lopez1117@ejemplo.com,Premium,2023-01-10
C01118,Ana,Vargas,59,Toluca,MEX,México,ana.vargas1118@ejemplo.com,Frecuente,2023-01-11
C01119,Luis,García,50,Guadalajara,JAL,México,luis.garcia1119@ejemplo.com,Premium,2023-01-12
C01120,Sofía,Rodríguez,69,Chihuahua,CHIH,México,sofia.rodriguez1120@ejemplo.com,Standard,2023-01-12
C01121,Ana,García,23,Querétaro,QRO,México,ana.garcia1121@ejemplo.com,Standard,2023-01-12
C01122,Valeria,Mendoza,55,Tijuana,BC,México,valeria.mendoza1122@ejemplo.com,Standard,2023-01-12
C01123,Héctor,García,27,Veracruz,VER,México,hector.garcia1123@ejemplo.com,Standard,2023-01-13
C01124,José,Hernández,31,Mérida,YUC,México,jose.hernandez1124@ejemplo.com,Frecuente,2023-01-13
C01125,Diego,Torres,28,Monterrey,NL,México,diego.torres1125@ejemplo.com,Premium,2023-01-13
C01126,Ana,Rodríguez,49,Toluca,MEX,México,ana.rodriguez1126@ejemplo.com,Standard,2023-01-14
C01127,Ricardo,García,54,León,GTO,México,ricardo.garcia1127@ejemplo.com,Standard,2023-01-14
C01128,Gabriela,Sánchez,61,Monterrey,NL,México,gabriela.sanchez1128@ejemplo.com,Premium,2023-01-15
C01129,Carlos,Mendoza,43,León,GTO,México,carlos.mendoza1129@ejemplo.com,Frecuente,2023-01-15
C01130,María,Mendoza,72,Cancún,QROO,México,maria.mendoza1130@ejemplo.com,Standard,2023-01-16
C01131,Laura,Ortiz,39,Puebla,PUE,México,laura.ortiz1131@ejemplo.com,Premium,2023-01-16
C01132,José,Castillo,27,Querétaro,QRO,México,jose.castillo1132@ejemplo.com,Frecuente,2023-01-16
C01133,Alejandro,Torres,20,Chihuahua,CHIH,México,alejandro.torres1133@ejemplo.com,Frecuente,2023-01-16
C01134,José,Vargas,25,Monterrey,NL,México,jose.vargas1134@ejemplo.com,Premium,2023-01-17
C01135,Daniela,Ruiz,43,León,GTO,México,daniela.ruiz1135@ejemplo.com,Standard,2023-01-17
C01136,Ricardo,Sánchez,41,Toluca,MEX,México,ricardo.sanchez1136@ejemplo.com,Premium,2023-01-17
C01137,Diego,Morales,67,Veracruz,VER,México,diego.morales1137@ejemplo.com,Premium,2023-01-17
C01138,Andrés,Sánchez,25,Puebla,PUE,México,andres.sanchez1138@ejemplo.com,Premium,2023-01-18
C01139,Laura,Ramírez,33,Puebla,PUE,México,laura.ramirez1139@ejemplo.com,Frecuente,2023-01-18
C01140,José,Ruiz,74,Veracruz,VER,México,jose.ruiz1140@ejemplo.com,Premium,2023-01-19
C01141,Carlos,Reyes,19,Querétaro,QRO,México,carlos.reyes1141@ejemplo.com,Premium,2023-01-19
C01142,Miguel,Rodríguez,42,Mérida,YUC,México,miguel.rodriguez1142@ejemplo.com,Standard,2023-01-19
C01143,Luis,Cruz,29,Mérida,YUC,México,luis.cruz1143@ejemplo.com,Premium,2023-01-20
C01144,Mariana,Martínez,48,Mérida,YUC,México,mariana.martinez1144@ejemplo.com,Premium,2023-01-20
C01145,Laura,Vargas,74,Cancún,QROO,México,laura.vargas1145@ejemplo.com,Premium,2023-01-20
C01146,Héctor,Flores,31,Querétaro,QRO,México,hector.flores1146@ejemplo.com,Standard,2023-01-21
C01147,Luis,López,39,Tijuana,BC,México,luis.lopez1147@ejemplo.com,Standard,2023-01-21
C01148,Andrés,Ruiz,44,Tijuana,BC,México,andres.ruiz1148@ejemplo.com,Standard,2023-01-21
C01149,Laura,Cruz,64,Cancún,QROO,México,laura.cruz1149@ejemplo.com,Premium,2023-01-21
C01150,Gabriela,López,75,Toluca,MEX,México,gabriela.lopez1150@ejemplo.com,Standard,2023-01-22
C01151,Miguel,Martínez,23,Mérida,YUC,México,miguel.martinez1151@ejemplo.com,Standard,2023-01-23
C01152,Alejandro,Rodríguez,46,León,GTO,México,alejandro.rodriguez1152@ejemplo.com,Premium,2023-01-23
C01153,Daniela,Rodríguez,61,Tijuana,BC,México,daniela.rodriguez1153@ejemplo.com,Premium,2023-01-23
C01154,Carlos,Jiménez,18,Toluca,MEX,México,carlos.jimenez1154@ejemplo.com,Premium,2023-01-23
C01155,Miguel,Ramírez,64,Tijuana,BC,México,miguel.ramirez1155@ejemplo.com,Premium,2023-01-24
C01156,Jorge,Vargas,32,Querétaro,QRO,México,jorge.vargas1156@ejemplo.com,Premium,2023-01-24
C01157,Laura,Castillo,48,Ciudad de México,CDMX,México,laura.castillo1157@ejemplo.com,Frecuente,2023-01-25
C01158,Jorge,Ruiz,74,Puebla,PUE,México,jorge.ruiz1158@ejemplo.com,Standard,2023-01-25
C01159,Paola,Morales,54,León,GTO,México,paola.morales1159@ejemplo.com,Standard,2023-01-26
C01160,Sofía,Ortiz,75,Guadalajara,JAL,México,sofia.ortiz1160@ejemplo.com,Premium,2023-01-27
C01161,Ana,Gómez,53,Monterrey,NL,México,ana.gomez1161@ejemplo.com,Standard,2023-01-27
C01162,Ana,Vargas,30,Toluca,MEX,México,ana.vargas1162@ejemplo.com,Standard,2023-01-28
C01163,Ana,Flores,58,Chihuahua,CHIH,México,ana.flores1163@ejemplo.com,Frecuente,2023-01-28
C01164,Diego,Hernández,53,Tijuana,BC,México,diego.hernandez1164@ejemplo.com,Premium,2023-01-28
C01165,Ana,Ramírez,36,Tijuana,BC,México,ana.ramirez1165@ejemplo.com,Standard,2023-01-29
C01166,Daniela,López,22,Mérida,YUC,México,daniela.lopez1166@ejemplo.com,Premium,2023-01-29
C01167,Carlos,Jiménez,55,Toluca,MEX,México,carlos.jimenez1167@ejemplo.com,Standard,2023-01-31
C01168,Paola,Morales,51,Querétaro,QRO,México,paola.morales1168@ejemplo.com,Frecuente,2023-01-31
C01169,Héctor,Morales,62,Monterrey,NL,México,hector.morales1169@ejemplo.com,Standard,2023-01-31
C01170,Paola,Morales,25,Querétaro,QRO,México,paola.morales1170@ejemplo.com,Standard,2023-01-31
C01171,Luis,Pérez,49,Puebla,PUE,México,luis.perez1171@ejemplo.com,Frecuente,2023-01-31
C01172,Carlos,Jiménez,65,León,GTO,México,carlos.jimenez1172@ejemplo.com,Frecuente,2023-02-01
C01173,Alejandro,Castillo,69,Guadalajara,JAL,México,alejandro.castillo1173@ejemplo.com,Premium,2023-02-02
C01174,Ana,Ramírez,72,Cancún,QROO,México,ana.ramirez1174@ejemplo.com,Premium,2023-02-02
C01175,Fernanda,Reyes,30,Guadalajara,JAL,México,fernanda.reyes1175@ejemplo.com,Standard,2023-02-02
C01176,Fernanda,García,28,Veracruz,VER,México,fernanda.garcia1176@ejemplo.com,Frecuente,2023-02-03
C01177,Andrés,Ramírez,51,Cancún,QROO,México,andres.ramirez1177@ejemplo.com,Standard,2023-02-03
C01178,Luis,Gómez,44,Guadalajara,JAL,México,luis.gomez1178@ejemplo.com,Premium,2023-02-03
C01179,Paola,Mendoza,31,Veracruz,VER,México,paola.mendoza1179@ejemplo.com,Standard,2023-02-04
C01180,Alejandro,Torres,23,Mérida,YUC,México,alejandro.torres1180@ejemplo.com,Premium,2023-02-04
C01181,María,Pérez,26,Cancún,QROO,México,maria.perez1181@ejemplo.com,Premium,2023-02-04
C01182,Gabriela,Pérez,37,Ciudad de México,CDMX,México,gabriela.perez1182@ejemplo.com,Premium,2023-02-04
C01183,Ricardo,Torres,60,Monterrey,NL,México,ricardo.torres1183@ejemplo.com,Premium,2023-02-05
C01184,Alejandro,Ortiz,21,Toluca,MEX,México,alejandro.ortiz1184@ejemplo.com,Standard,2023-02-05
C01185,Ricardo,García,24,Querétaro,QRO,México,ricardo.garcia1185@ejemplo.com,Premium,2023-02-05
C01186,Gabriela,Ramírez,33,Cancún,QROO,México,gabriela.ramirez1186@ejemplo.com,Premium,2023-02-06
C01187,María,Ramírez,68,Veracruz,VER,México,maria.ramirez1187@ejemplo.com,Standard,2023-02-06
C01188,Mariana,Martínez,75,Querétaro,QRO,México,mariana.martinez1188@ejemplo.com,Premium,2023-02-06
C01189,Diego,Mendoza,43,Tijuana,BC,México,diego.mendoza1189@ejemplo.com,Premium,2023-02-06
C01190,Fernanda,Ramírez,20,Toluca,MEX,México,fernanda.ramirez1190@ejemplo.com,Premium,2023-02-07
C01191,Alejandro,Castillo,18,Ciudad de México,CDMX,México,alejandro.castillo1191@ejemplo.com,Premium,2023-02-07
C01192,Miguel,Torres,67,Querétaro,QRO,México,miguel.torres1192@ejemplo.com,Standard,2023-02-07
C01193,Sofía,Vargas,43,Chihuahua,CHIH,México,sofia.vargas1193@ejemplo.com,Premium,2023-02-07
C01194,Laura,Mendoza,22,Monterrey,NL,México,laura.mendoza1194@ejemplo.com,Premium,2023-02-08
C01195,Carlos,Martínez,66,Puebla,PUE,México,carlos.martinez1195@ejemplo.com,Premium,2023-02-08
C01196,María,Pérez,48,Querétaro,QRO,México,maria.perez1196@ejemplo.com,Premium,2023-02-09
C01197,Jorge,Sánchez,38,Ciudad de México,CDMX,México,jorge.sanchez1197@ejemplo.com,Premium,2023-02-09
C01198,Sofía,Ramírez,44,Ciudad de México,CDMX,México,sofia.ramirez1198@ejemplo.com,Premium,2023-02-10
C01199,Ricardo,Flores,31,Puebla,PUE,México,ricardo.flores1199@ejemplo.com,Premium,2023-02-10
C01200,Ricardo,Gómez,72,Chihuahua,CHIH,México,ricardo.gomez1200@ejemplo.com,Premium,2023-02-10
C01201,Alejandro,Jiménez,63,Monterrey,NL,México,alejandro.jimenez1201@ejemplo.com,Frecuente,2023-02-10
C01202,Mariana,Flores,29,León,GTO,México,mariana.flores1202@ejemplo.com,Premium,2023-02-10
C01203,Ana,Pérez,60,Querétaro,QRO,México,ana.perez1203@ejemplo.com,Premium,2023-02-12
C01204,Ricardo,Reyes,28,Toluca,MEX,México,ricardo.reyes1204@ejemplo.com,Standard,2023-02-12
C01205,Laura,García,44,Puebla,PUE,México,laura.garcia1205@ejemplo.com,Premium,2023-02-12
C01206,Mariana,Ruiz,61,Chihuahua,CHIH,México,mariana.ruiz1206@ejemplo.com,Standard,2023-02-12
C01207,Andrés,Gómez,20,Tijuana,BC,México,andres.gomez1207@ejemplo.com,Premium,2023-02-13
C01208,Paola,Mendoza,60,Toluca,MEX,México,paola.mendoza1208@ejemplo.com,Standard,2023-02-13
C01209,Sofía,Flores,31,Toluca,MEX,México,sofia.flores1209@ejemplo.com,Frecuente,2023-02-13
C01210,Jorge,Flores,58,Querétaro,QRO,México,jorge.flores1210@ejemplo.com,Premium,2023-02-13
C01211,Laura,Pérez,46,León,GTO,México,laura.perez1211@ejemplo.com,Premium,2023-02-13
C01212,Daniela,Ramírez,19,Guadalajara,JAL,México,daniela.ramirez1212@ejemplo.com,Standard,2023-02-14
C01213,Valeria,Reyes,62,Querétaro,QRO,México,valeria.reyes1213@ejemplo.com,Frecuente,2023-02-14
C01214,Carlos,Reyes,33,Tijuana,BC,México,carlos.reyes1214@ejemplo.com,Premium,2023-02-14
C01215,Andrés,Gómez,73,Veracruz,VER,México,andres.gomez1215@ejemplo.com,Standard,2023-02-14
C01216,Jorge,Ramírez,66,Veracruz,VER,México,jorge.ramirez1216@ejemplo.com,Premium,2023-02-14
C01217,José,Ramírez,29,Toluca,MEX,México,jose.ramirez1217@ejemplo.com,Standard,2023-02-15
C01218,Ricardo,Pérez,52,Veracruz,VER,México,ricardo.perez1218@ejemplo.com,Premium,2023-02-15
C01219,Miguel,García,38,Veracruz,VER,México,miguel.garcia1219@ejemplo.com,Standard,2023-02-15
C01220,Alejandro,Morales,52,Toluca,MEX,México,alejandro.morales1220@ejemplo.com,Premium,2023-02-15
C01221,Sofía,Torres,50,Cancún,QROO,México,sofia.torres1221@ejemplo.com,Standard,2023-02-16
C01222,Carlos,Martínez,35,Monterrey,NL,México,carlos.martinez1222@ejemplo.com,Premium,2023-02-17
C01223,Daniela,Gómez,55,Toluca,MEX,México,daniela.gomez1223@ejemplo.com,Standard,2023-02-18
C01224,Sofía,Morales,33,Monterrey,NL,México,sofia.morales1224@ejemplo.com,Standard,2023-02-19
C01225,María,Ortiz,70,Monterrey,NL,México,maria.ortiz1225@ejemplo.com,Frecuente,2023-02-19
C01226,Andrés,García,72,Chihuahua,CHIH,México,andres.garcia1226@ejemplo.com,Frecuente,2023-02-19
C01227,Valeria,Mendoza,27,Guadalajara,JAL,México,valeria.mendoza1227@ejemplo.com,Standard,2023-02-19
C01228,Daniela,Vargas,60,Guadalajara,JAL,México,daniela.vargas1228@ejemplo.com,Standard,2023-02-19
C01229,Miguel,Pérez,71,Mérida,YUC,México,miguel.perez1229@ejemplo.com,Premium,2023-02-19
C01230,Fernanda,Torres,25,Cancún,QROO,México,fernanda.torres1230@ejemplo.com,Frecuente,2023-02-20
C01231,Fernanda,Ruiz,60,Ciudad de México,CDMX,México,fernanda.ruiz1231@ejemplo.com,Standard,2023-02-20
C01232,Jorge,Castillo,72,Tijuana,BC,México,jorge.castillo1232@ejemplo.com,Premium,2023-02-20
C01233,Ricardo,Sánchez,31,Monterrey,NL,México,ricardo.sanchez1233@ejemplo.com,Premium,2023-02-20
C01234,Ricardo,Pérez,51,Puebla,PUE,México,ricardo.perez1234@ejemplo.com,Standard,2023-02-21
C01235,Paola,Reyes,64,Monterrey,NL,México,paola.reyes1235@ejemplo.com,Frecuente,2023-02-21
C01236,Daniela,Cruz,37,León,GTO,México,daniela.cruz1236@ejemplo.com,Standard,2023-02-21
C01237,Héctor,Jiménez,31,Querétaro,QRO,México,hector.jimenez1237@ejemplo.com,Standard,2023-02-21
C01238,Sofía,Torres,41,Veracruz,VER,México,sofia.torres1238@ejemplo.com,Premium,2023-02-21
C01239,Mariana,Jiménez,37,Ciudad de México,CDMX,México,mariana.jimenez1239@ejemplo.com,Frecuente,2023-02-22
C01240,Sofía,Reyes,60,Toluca,MEX,México,sofia.reyes1240@ejemplo.com,Standard,2023-02-22
C01241,Daniela,Torres,39,Chihuahua,CHIH,México,daniela.torres1241@ejemplo.com,Standard,2023-02-22
C01242,Ricardo,Pérez,39,Querétaro,QRO,México,ricardo.perez1242@ejemplo.com,Standard,2023-02-22
C01243,Alejandro,García,72,León,GTO,México,alejandro.garcia1243@ejemplo.com,Standard,2023-02-23
C01244,Carlos,López,51,Querétaro,QRO,México,carlos.lopez1244@ejemplo.com,Standard,2023-02-23
C01245,Héctor,Flores,71,Cancún,QROO,México,hector.flores1245@ejemplo.com,Standard,2023-02-23
C01246,Carlos,Torres,59,Chihuahua,CHIH,México,carlos.torres1246@ejemplo.com,Frecuente,2023-02-23
C01247,Paola,Sánchez,69,Mérida,YUC,México,paola.sanchez1247@ejemplo.com,Frecuente,2023-02-23
C01248,Fernanda,Torres,29,Mérida,YUC,México,fernanda.torres1248@ejemplo.com,Premium,2023-02-24
C01249,Laura,Mendoza,72,Veracruz,VER,México,laura.mendoza1249@ejemplo.com,Premium,2023-02-24
C01250,Ricardo,Martínez,72,Querétaro,QRO,México,ricardo.martinez1250@ejemplo.com,Standard,2023-02-24
C01251,Daniela,Ruiz,20,Monterrey,NL,México,daniela.ruiz1251@ejemplo.com,Standard,2023-02-25
C01252,Ricardo,Torres,38,León,GTO,México,ricardo.torres1252@ejemplo.com,Standard,2023-02-25
C01253,Sofía,López,41,León,GTO,México,sofia.lopez1253@ejemplo.com,Frecuente,2023-02-26
C01254,Luis,Morales,42,Monterrey,NL,México,luis.morales1254@ejemplo.com,Premium,2023-02-26
C01255,Sofía,Torres,63,León,GTO,México,sofia.torres1255@ejemplo.com,Premium,2023-02-26
C01256,Diego,Ortiz,58,Ciudad de México,CDMX,México,diego.ortiz1256@ejemplo.com,Frecuente,2023-02-27
C01257,Jorge,Reyes,30,Puebla,PUE,México,jorge.reyes1257@ejemplo.com,Frecuente,2023-02-27
C01258,Daniela,Reyes,53,Chihuahua,CHIH,México,daniela.reyes1258@ejemplo.com,Premium,2023-02-27
C01259,Andrés,Torres,74,Cancún,QROO,México,andres.torres1259@ejemplo.com,Premium,2023-02-27
C01260,Alejandro,López,43,Cancún,QROO,México,alejandro.lopez1260@ejemplo.com,Premium,2023-02-27
C01261,Diego,Castillo,71,Cancún,QROO,México,diego.castillo1261@ejemplo.com,Standard,2023-02-27
C01262,José,Pérez,55,Guadalajara,JAL,México,jose.perez1262@ejemplo.com,Standard,2023-02-28
C01263,Ana,Morales,71,Veracruz,VER,México,ana.morales1263@ejemplo.com,Premium,2023-03-01
C01264,Alejandro,Sánchez,70,Puebla,PUE,México,alejandro.sanchez1264@ejemplo.com,Premium,2023-03-01
C01265,Luis,Jiménez,18,Toluca,MEX,México,luis.jimenez1265@ejemplo.com,Standard,2023-03-01
C01266,Laura,Pérez,64,Veracruz,VER,México,laura.perez1266@ejemplo.com,Standard,2023-03-01
C01267,Daniela,Sánchez,28,Monterrey,NL,México,daniela.sanchez1267@ejemplo.com,Standard,2023-03-02
C01268,Miguel,Reyes,65,Cancún,QROO,México,miguel.reyes1268@ejemplo.com,Premium,2023-03-02
C01269,Sofía,Ruiz,64,Ciudad de México,CDMX,México,sofia.ruiz1269@ejemplo.com,Premium,2023-03-03
C01270,Andrés,Rodríguez,32,Cancún,QROO,México,andres.rodriguez1270@ejemplo.com,Premium,2023-03-03
C01271,Luis,Pérez,21,Querétaro,QRO,México,luis.perez1271@ejemplo.com,Frecuente,2023-03-04
C01272,Paola,Vargas,42,Ciudad de México,CDMX,México,paola.vargas1272@ejemplo.com,Premium,2023-03-05
C01273,Valeria,Flores,35,León,GTO,México,valeria.flores1273@ejemplo.com,Standard,2023-03-06
C01274,Héctor,García,50,Veracruz,VER,México,hector.garcia1274@ejemplo.com,Standard,2023-03-07
C01275,Valeria,Rodríguez,22,Ciudad de México,CDMX,México,valeria.rodriguez1275@ejemplo.com,Frecuente,2023-03-07
C01276,Laura,Morales,20,Chihuahua,CHIH,México,laura.morales1276@ejemplo.com,Premium,2023-03-07
C01277,Laura,Gómez,43,Chihuahua,CHIH,México,laura.gomez1277@ejemplo.com,Premium,2023-03-07
C01278,Paola,Martínez,62,Mérida,YUC,México,paola.martinez1278@ejemplo.com,Frecuente,2023-03-07
C01279,Miguel,Sánchez,36,Chihuahua,CHIH,México,miguel.sanchez1279@ejemplo.com,Premium,2023-03-07
C01280,María,Ramírez,36,Puebla,PUE,México,maria.ramirez1280@ejemplo.com,Standard,2023-03-08
C01281,Miguel,Sánchez,27,León,GTO,México,miguel.sanchez1281@ejemplo.com,Premium,2023-03-09
C01282,Carlos,Hernández,34,León,GTO,México,carlos.hernandez1282@ejemplo.com,Frecuente,2023-03-09
C01283,Valeria,Rodríguez,35,Mérida,YUC,México,valeria.rodriguez1283@ejemplo.com,Standard,2023-03-09
C01284,Ricardo,Ortiz,33,Chihuahua,CHIH,México,ricardo.ortiz1284@ejemplo.com,Premium,2023-03-09
C01285,Fernanda,Torres,37,Chihuahua,CHIH,México,fernanda.torres1285@ejemplo.com,Frecuente,2023-03-10
C01286,Mariana,Ortiz,34,Toluca,MEX,México,mariana.ortiz1286@ejemplo.com,Standard,2023-03-10
C01287,Laura,Reyes,57,Cancún,QROO,México,laura.reyes1287@ejemplo.com,Standard,2023-03-10
C01288,Laura,Hernández,37,Veracruz,VER,México,laura.hernandez1288@ejemplo.com,Premium,2023-03-11
C01289,Sofía,García,61,Mérida,YUC,México,sofia.garcia1289@ejemplo.com,Premium,2023-03-11
C01290,Héctor,Torres,53,Cancún,QROO,México,hector.torres1290@ejemplo.com,Standard,2023-03-12
C01291,José,Cruz,55,Monterrey,NL,México,jose.cruz1291@ejemplo.com,Premium,2023-03-13
C01292,Jorge,Castillo,51,Puebla,PUE,México,jorge.castillo1292@ejemplo.com,Frecuente,2023-03-14
C01293,Miguel,Ortiz,71,Chihuahua,CHIH,México,miguel.ortiz1293@ejemplo.com,Premium,2023-03-14
C01294,Andrés,Ramírez,32,Querétaro,QRO,México,andres.ramirez1294@ejemplo.com,Standard,2023-03-14
C01295,Laura,Cruz,74,Mérida,YUC,México,laura.cruz1295@ejemplo.com,Premium,2023-03-14
C01296,Andrés,Reyes,29,Toluca,MEX,México,andres.reyes1296@ejemplo.com,Standard,2023-03-14
C01297,Diego,Jiménez,26,Puebla,PUE,México,diego.jimenez1297@ejemplo.com,Premium,2023-03-14
C01298,Gabriela,Pérez,65,Puebla,PUE,México,gabriela.perez1298@ejemplo.com,Premium,2023-03-14
C01299,Sofía,García,69,Ciudad de México,CDMX,México,sofia.garcia1299@ejemplo.com,Premium,2023-03-15
C01300,Ricardo,Sánchez,23,Monterrey,NL,México,ricardo.sanchez1300@ejemplo.com,Standard,2023-03-15
C01301,Carlos,Jiménez,52,Mérida,YUC,México,carlos.jimenez1301@ejemplo.com,Premium,2023-03-16
C01302,Miguel,Ruiz,47,León,GTO,México,miguel.ruiz1302@ejemplo.com,Standard,2023-03-16
C01303,Ricardo,Rodríguez,30,Puebla,PUE,México,ricardo.rodriguez1303@ejemplo.com,Premium,2023-03-16
C01304,Valeria,Pérez,48,Querétaro,QRO,México,valeria.perez1304@ejemplo.com,Standard,2023-03-16
C01305,Carlos,Morales,57,Monterrey,NL,México,carlos.morales1305@ejemplo.com,Standard,2023-03-16
C01306,María,Ramírez,51,Toluca,MEX,México,maria.ramirez1306@ejemplo.com,Premium,2023-03-17
C01307,Héctor,Sánchez,48,Mérida,YUC,México,hector.sanchez1307@ejemplo.com,Premium,2023-03-17
C01308,Diego,Hernández,69,Guadalajara,JAL,México,diego.hernandez1308@ejemplo.com,Premium,2023-03-18
C01309,María,Hernández,31,Cancún,QROO,México,maria.hernandez1309@ejemplo.com,Standard,2023-03-19
C01310,Ricardo,García,54,Tijuana,BC,México,ricardo.garcia1310@ejemplo.com,Frecuente,2023-03-19
C01311,Fernanda,Jiménez,36,Chihuahua,CHIH,México,fernanda.jimenez1311@ejemplo.com,Premium,2023-03-19
C01312,Carlos,Castillo,74,Puebla,PUE,México,carlos.castillo1312@ejemplo.com,Standard,2023-03-20
C01313,Miguel,Morales,32,Chihuahua,CHIH,México,miguel.morales1313@ejemplo.com,Standard,2023-03-20
C01314,Laura,Mendoza,68,León,GTO,México,laura.mendoza1314@ejemplo.com,Standard,2023-03-20
C01315,Gabriela,Ortiz,54,Guadalajara,JAL,México,gabriela.ortiz1315@ejemplo.com,Standard,2023-03-20
C01316,Laura,Ortiz,30,Toluca,MEX,México,laura.ortiz1316@ejemplo.com,Frecuente,2023-03-21
C01317,Paola,Sánchez,62,León,GTO,México,paola.sanchez1317@ejemplo.com,Standard,2023-03-22
C01318,Alejandro,Rodríguez,31,Querétaro,QRO,México,alejandro.rodriguez1318@ejemplo.com,Frecuente,2023-03-22
C01319,Fernanda,Ortiz,33,Guadalajara,JAL,México,fernanda.ortiz1319@ejemplo.com,Premium,2023-03-23
C01320,Carlos,Morales,37,Querétaro,QRO,México,carlos.morales1320@ejemplo.com,Standard,2023-03-23
C01321,Paola,Morales,57,Cancún,QROO,México,paola.morales1321@ejemplo.com,Frecuente,2023-03-23
C01322,Mariana,Pérez,40,Guadalajara,JAL,México,mariana.perez1322@ejemplo.com,Frecuente,2023-03-24
C01323,Diego,Flores,51,Tijuana,BC,México,diego.flores1323@ejemplo.com,Premium,2023-03-24
C01324,Mariana,Martínez,50,León,GTO,México,mariana.martinez1324@ejemplo.com,Frecuente,2023-03-24
C01325,Alejandro,García,29,Mérida,YUC,México,alejandro.garcia1325@ejemplo.com,Premium,2023-03-24
C01326,Diego,Flores,31,Veracruz,VER,México,diego.flores1326@ejemplo.com,Standard,2023-03-24
C01327,Laura,Rodríguez,35,Monterrey,NL,México,laura.rodriguez1327@ejemplo.com,Premium,2023-03-24
C01328,Andrés,Rodríguez,30,Toluca,MEX,México,andres.rodriguez1328@ejemplo.com,Standard,2023-03-25
C01329,Laura,Martínez,71,Querétaro,QRO,México,laura.martinez1329@ejemplo.com,Premium,2023-03-26
C01330,Jorge,Castillo,40,Monterrey,NL,México,jorge.castillo1330@ejemplo.com,Premium,2023-03-26
C01331,Laura,Jiménez,41,Veracruz,VER,México,laura.jimenez1331@ejemplo.com,Premium,2023-03-26
C01332,Daniela,Vargas,56,Cancún,QROO,México,daniela.vargas1332@ejemplo.com,Premium,2023-03-27
C01333,Ana,Mendoza,63,Mérida,YUC,México,ana.mendoza1333@ejemplo.com,Premium,2023-03-27
C01334,Laura,García,57,Puebla,PUE,México,laura.garcia1334@ejemplo.com,Frecuente,2023-03-27
C01335,Laura,Ramírez,49,Chihuahua,CHIH,México,laura.ramirez1335@ejemplo.com,Standard,2023-03-27
C01336,Ricardo,Ruiz,74,Ciudad de México,CDMX,México,ricardo.ruiz1336@ejemplo.com,Standard,2023-03-27
C01337,Luis,Hernández,70,Guadalajara,JAL,México,luis.hernandez1337@ejemplo.com,Standard,2023-03-27
C01338,Laura,Vargas,29,Monterrey,NL,México,laura.vargas1338@ejemplo.com,Premium,2023-03-28
C01339,Héctor,Vargas,27,Cancún,QROO,México,hector.vargas1339@ejemplo.com,Standard,2023-03-28
C01340,Jorge,Cruz,40,Guadalajara,JAL,México,jorge.cruz1340@ejemplo.com,Standard,2023-03-28
C01341,Sofía,Jiménez,66,Toluca,MEX,México,sofia.jimenez1341@ejemplo.com,Premium,2023-03-28
C01342,Mariana,Torres,73,Monterrey,NL,México,mariana.torres1342@ejemplo.com,Standard,2023-03-28
C01343,Daniela,Ramírez,58,León,GTO,México,daniela.ramirez1343@ejemplo.com,Standard,2023-03-29
C01344,Daniela,Ruiz,58,Toluca,MEX,México,daniela.ruiz1344@ejemplo.com,Standard,2023-03-29
C01345,Ricardo,Vargas,31,Chihuahua,CHIH,México,ricardo.vargas1345@ejemplo.com,Standard,2023-03-29
C01346,Andrés,Hernández,52,Puebla,PUE,México,andres.hernandez1346@ejemplo.com,Premium,2023-03-30
C01347,Valeria,Torres,28,Ciudad de México,CDMX,México,valeria.torres1347@ejemplo.com,Standard,2023-03-30
C01348,Mariana,Flores,49,Toluca,MEX,México,mariana.flores1348@ejemplo.com,Premium,2023-03-31
C01349,Fernanda,Castillo,29,Querétaro,QRO,México,fernanda.castillo1349@ejemplo.com,Frecuente,2023-04-01
C01350,Daniela,Flores,22,Veracruz,VER,México,daniela.flores1350@ejemplo.com,Premium,2023-04-01
C01351,Carlos,Torres,74,Monterrey,NL,México,carlos.torres1351@ejemplo.com,Standard,2023-04-02
C01352,Miguel,Mendoza,69,Mérida,YUC,México,miguel.mendoza1352@ejemplo.com,Standard,2023-04-02
C01353,Diego,Ramírez,57,Guadalajara,JAL,México,diego.ramirez1353@ejemplo.com,Premium,2023-04-02
C01354,Gabriela,Sánchez,54,Querétaro,QRO,México,gabriela.sanchez1354@ejemplo.com,Premium,2023-04-03
C01355,Andrés,Jiménez,31,Ciudad de México,CDMX,México,andres.jimenez1355@ejemplo.com,Premium,2023-04-03
C01356,María,Ramírez,51,Toluca,MEX,México,maria.ramirez1356@ejemplo.com,Standard,2023-04-03
C01357,Daniela,García,61,Cancún,QROO,México,daniela.garcia1357@ejemplo.com,Frecuente,2023-04-04
C01358,Miguel,Ortiz,49,Guadalajara,JAL,México,miguel.ortiz1358@ejemplo.com,Premium,2023-04-04
C01359,Miguel,Hernández,34,Querétaro,QRO,México,miguel.hernandez1359@ejemplo.com,Standard,2023-04-05
C01360,Luis,Hernández,40,Querétaro,QRO,México,luis.hernandez1360@ejemplo.com,Frecuente,2023-04-05
C01361,Jorge,Cruz,66,León,GTO,México,jorge.cruz1361@ejemplo.com,Standard,2023-04-05
C01362,Alejandro,Ruiz,32,Querétaro,QRO,México,alejandro.ruiz1362@ejemplo.com,Frecuente,2023-04-06
C01363,Paola,Flores,73,Querétaro,QRO,México,paola.flores1363@ejemplo.com,Premium,2023-04-06
C01364,Sofía,Hernández,61,Toluca,MEX,México,sofia.hernandez1364@ejemplo.com,Premium,2023-04-06
C01365,Héctor,Ruiz,69,Mérida,YUC,México,hector.ruiz1365@ejemplo.com,Premium,2023-04-06
C01366,Fernanda,Sánchez,47,Toluca,MEX,México,fernanda.sanchez1366@ejemplo.com,Premium,2023-04-06
C01367,Héctor,Morales,30,Chihuahua,CHIH,México,hector.morales1367@ejemplo.com,Standard,2023-04-06
C01368,Ricardo,Ramírez,19,Chihuahua,CHIH,México,ricardo.ramirez1368@ejemplo.com,Frecuente,2023-04-08
C01369,Miguel,Ruiz,49,Veracruz,VER,México,miguel.ruiz1369@ejemplo.com,Premium,2023-04-09
C01370,Laura,Pérez,41,León,GTO,México,laura.perez1370@ejemplo.com,Frecuente,2023-04-09
C01371,Mariana,Cruz,24,Mérida,YUC,México,mariana.cruz1371@ejemplo.com,Premium,2023-04-10
C01372,Laura,Martínez,71,Mérida,YUC,México,laura.martinez1372@ejemplo.com,Premium,2023-04-10
C01373,Alejandro,Ortiz,74,Monterrey,NL,México,alejandro.ortiz1373@ejemplo.com,Frecuente,2023-04-10
C01374,Andrés,Reyes,39,Toluca,MEX,México,andres.reyes1374@ejemplo.com,Frecuente,2023-04-10
C01375,Diego,Torres,56,León,GTO,México,diego.torres1375@ejemplo.com,Standard,2023-04-11
C01376,Gabriela,Sánchez,41,Chihuahua,CHIH,México,gabriela.sanchez1376@ejemplo.com,Premium,2023-04-11
C01377,Diego,Jiménez,46,León,GTO,México,diego.jimenez1377@ejemplo.com,Premium,2023-04-12
C01378,Diego,Ortiz,54,Querétaro,QRO,México,diego.ortiz1378@ejemplo.com,Premium,2023-04-12
C01379,Valeria,Rodríguez,42,Puebla,PUE,México,valeria.rodriguez1379@ejemplo.com,Standard,2023-04-13
C01380,Sofía,Ruiz,64,Veracruz,VER,México,sofia.ruiz1380@ejemplo.com,Premium,2023-04-13
C01381,Sofía,García,28,León,GTO,México,sofia.garcia1381@ejemplo.com,Standard,2023-04-13
C01382,Ricardo,Flores,56,Chihuahua,CHIH,México,ricardo.flores1382@ejemplo.com,Premium,2023-04-13
C01383,Jorge,Reyes,75,Cancún,QROO,México,jorge.reyes1383@ejemplo.com,Standard,2023-04-13
C01384,Miguel,Rodríguez,67,Mérida,YUC,México,miguel.rodriguez1384@ejemplo.com,Premium,2023-04-14
C01385,Ana,Castillo,20,Ciudad de México,CDMX,México,ana.castillo1385@ejemplo.com,Standard,2023-04-14
C01386,Valeria,Flores,24,Ciudad de México,CDMX,México,valeria.flores1386@ejemplo.com,Standard,2023-04-15
C01387,Fernanda,Flores,54,León,GTO,México,fernanda.flores1387@ejemplo.com,Frecuente,2023-04-15
C01388,Daniela,Ruiz,71,Monterrey,NL,México,daniela.ruiz1388@ejemplo.com,Frecuente,2023-04-16
C01389,Ana,Sánchez,66,Ciudad de México,CDMX,México,ana.sanchez1389@ejemplo.com,Standard,2023-04-16
C01390,Jorge,Morales,70,Toluca,MEX,México,jorge.morales1390@ejemplo.com,Premium,2023-04-16
C01391,Paola,Martínez,26,Cancún,QROO,México,paola.martinez1391@ejemplo.com,Frecuente,2023-04-16
C01392,María,García,48,Guadalajara,JAL,México,maria.garcia1392@ejemplo.com,Frecuente,2023-04-16
C01393,Sofía,Sánchez,60,Querétaro,QRO,México,sofia.sanchez1393@ejemplo.com,Frecuente,2023-04-17
C01394,Valeria,Rodríguez,54,Querétaro,QRO,México,valeria.rodriguez1394@ejemplo.com,Standard,2023-04-18
C01395,Valeria,Ramírez,63,Ciudad de México,CDMX,México,valeria.ramirez1395@ejemplo.com,Premium,2023-04-18
C01396,Laura,Mendoza,30,Cancún,QROO,México,laura.mendoza1396@ejemplo.com,Standard,2023-04-18
C01397,Valeria,Vargas,44,Tijuana,BC,México,valeria.vargas1397@ejemplo.com,Premium,2023-04-18
C01398,Ricardo,Ruiz,43,Chihuahua,CHIH,México,ricardo.ruiz1398@ejemplo.com,Premium,2023-04-20
C01399,Valeria,Ramírez,72,Guadalajara,JAL,México,valeria.ramirez1399@ejemplo.com,Premium,2023-04-20
C01400,Alejandro,Reyes,29,Chihuahua,CHIH,México,alejandro.reyes1400@ejemplo.com,Standard,2023-04-21
C01401,Luis,López,36,Ciudad de México,CDMX,México,luis.lopez1401@ejemplo.com,Premium,2023-04-21
C01402,Paola,Cruz,19,Toluca,MEX,México,paola.cruz1402@ejemplo.com,Standard,2023-04-21
C01403,Carlos,Martínez,26,Toluca,MEX,México,carlos.martinez1403@ejemplo.com,Standard,2023-04-22
C01404,Alejandro,Reyes,74,Tijuana,BC,México,alejandro.reyes1404@ejemplo.com,Standard,2023-04-22
C01405,Héctor,Cruz,67,Puebla,PUE,México,hector.cruz1405@ejemplo.com,Premium,2023-04-22
C01406,Alejandro,Reyes,33,Guadalajara,JAL,México,alejandro.reyes1406@ejemplo.com,Frecuente,2023-04-23
C01407,Andrés,Jiménez,58,Tijuana,BC,México,andres.jimenez1407@ejemplo.com,Premium,2023-04-23
C01408,Jorge,Ortiz,52,León,GTO,México,jorge.ortiz1408@ejemplo.com,Premium,2023-04-23
C01409,Luis,Vargas,70,León,GTO,México,luis.vargas1409@ejemplo.com,Standard,2023-04-23
C01410,Alejandro,Flores,35,Monterrey,NL,México,alejandro.flores1410@ejemplo.com,Premium,2023-04-23
C01411,Héctor,Reyes,75,Ciudad de México,CDMX,México,hector.reyes1411@ejemplo.com,Standard,2023-04-24
C01412,José,Pérez,39,Mérida,YUC,México,jose.perez1412@ejemplo.com,Premium,2023-04-24
C01413,Laura,Cruz,59,Mérida,YUC,México,laura.cruz1413@ejemplo.com,Frecuente,2023-04-25
C01414,Miguel,Mendoza,41,Veracruz,VER,México,miguel.mendoza1414@ejemplo.com,Premium,2023-04-25
C01415,Ana,Pérez,56,Toluca,MEX,México,ana.perez1415@ejemplo.com,Frecuente,2023-04-26
C01416,Laura,Cruz,37,Mérida,YUC,México,laura.cruz1416@ejemplo.com,Standard,2023-04-26
C01417,Ana,Ortiz,66,Cancún,QROO,México,ana.ortiz1417@ejemplo.com,Premium,2023-04-26
C01418,Diego,Reyes,54,Cancún,QROO,México,diego.reyes1418@ejemplo.com,Standard,2023-04-26
C01419,Mariana,Torres,34,Querétaro,QRO,México,mariana.torres1419@ejemplo.com,Premium,2023-04-26
C01420,Laura,Torres,73,León,GTO,México,laura.torres1420@ejemplo.com,Frecuente,2023-04-27
C01421,Jorge,Flores,59,Monterrey,NL,México,jorge.flores1421@ejemplo.com,Standard,2023-04-27
C01422,María,Ortiz,42,Toluca,MEX,México,maria.ortiz1422@ejemplo.com,Standard,2023-04-28
C01423,Ricardo,Ruiz,25,Chihuahua,CHIH,México,ricardo.ruiz1423@ejemplo.com,Premium,2023-04-28
C01424,Andrés,Ramírez,74,Querétaro,QRO,México,andres.ramirez1424@ejemplo.com,Frecuente,2023-04-29
C01425,Mariana,López,61,Querétaro,QRO,México,mariana.lopez1425@ejemplo.com,Standard,2023-04-29
C01426,Paola,Jiménez,56,Querétaro,QRO,México,paola.jimenez1426@ejemplo.com,Standard,2023-04-29
C01427,Mariana,Jiménez,66,Toluca,MEX,México,mariana.jimenez1427@ejemplo.com,Premium,2023-04-29
C01428,Valeria,Vargas,53,Monterrey,NL,México,valeria.vargas1428@ejemplo.com,Premium,2023-04-30
C01429,Daniela,Torres,31,Tijuana,BC,México,daniela.torres1429@ejemplo.com,Standard,2023-04-30
C01430,Diego,Rodríguez,31,Cancún,QROO,México,diego.rodriguez1430@ejemplo.com,Standard,2023-04-30
C01431,Gabriela,Pérez,22,León,GTO,México,gabriela.perez1431@ejemplo.com,Frecuente,2023-04-30
C01432,Andrés,Sánchez,21,Puebla,PUE,México,andres.sanchez1432@ejemplo.com,Standard,2023-04-30
C01433,Sofía,Flores,60,Guadalajara,JAL,México,sofia.flores1433@ejemplo.com,Standard,2023-05-01
C01434,María,Cruz,67,Mérida,YUC,México,maria.cruz1434@ejemplo.com,Standard,2023-05-02
C01435,Jorge,Castillo,27,Cancún,QROO,México,jorge.castillo1435@ejemplo.com,Standard,2023-05-02
C01436,Miguel,Jiménez,51,Toluca,MEX,México,miguel.jimenez1436@ejemplo.com,Premium,2023-05-02
C01437,Héctor,Rodríguez,25,Ciudad de México,CDMX,México,hector.rodriguez1437@ejemplo.com,Frecuente,2023-05-03
C01438,Sofía,Reyes,42,Ciudad de México,CDMX,México,sofia.reyes1438@ejemplo.com,Premium,2023-05-03
C01439,Laura,Jiménez,63,Tijuana,BC,México,laura.jimenez1439@ejemplo.com,Standard,2023-05-03
C01440,Carlos,Rodríguez,65,Mérida,YUC,México,carlos.rodriguez1440@ejemplo.com,Frecuente,2023-05-04
C01441,Héctor,Morales,73,Ciudad de México,CDMX,México,hector.morales1441@ejemplo.com,Standard,2023-05-04
C01442,Sofía,Ortiz,36,Monterrey,NL,México,sofia.ortiz1442@ejemplo.com,Premium,2023-05-05
C01443,Luis,López,73,Querétaro,QRO,México,luis.lopez1443@ejemplo.com,Standard,2023-05-05
C01444,Héctor,Reyes,63,Puebla,PUE,México,hector.reyes1444@ejemplo.com,Premium,2023-05-05
C01445,Miguel,López,37,León,GTO,México,miguel.lopez1445@ejemplo.com,Premium,2023-05-05
C01446,Paola,Reyes,37,Ciudad de México,CDMX,México,paola.reyes1446@ejemplo.com,Standard,2023-05-05
C01447,Sofía,Vargas,24,Chihuahua,CHIH,México,sofia.vargas1447@ejemplo.com,Standard,2023-05-05
C01448,Daniela,Ruiz,71,Monterrey,NL,México,daniela.ruiz1448@ejemplo.com,Premium,2023-05-06
C01449,Ricardo,Jiménez,29,Querétaro,QRO,México,ricardo.jimenez1449@ejemplo.com,Frecuente,2023-05-06
C01450,Diego,Cruz,33,Veracruz,VER,México,diego.cruz1450@ejemplo.com,Premium,2023-05-06
C01451,Paola,Ortiz,41,Cancún,QROO,México,paola.ortiz1451@ejemplo.com,Frecuente,2023-05-07
C01452,Héctor,Ruiz,25,Veracruz,VER,México,hector.ruiz1452@ejemplo.com,Standard,2023-05-07
C01453,Mariana,Ortiz,64,Ciudad de México,CDMX,México,mariana.ortiz1453@ejemplo.com,Frecuente,2023-05-07
C01454,Daniela,Vargas,58,León,GTO,México,daniela.vargas1454@ejemplo.com,Frecuente,2023-05-08
C01455,Fernanda,Jiménez,27,Ciudad de México,CDMX,México,fernanda.jimenez1455@ejemplo.com,Frecuente,2023-05-08
C01456,Ricardo,López,27,Cancún,QROO,México,ricardo.lopez1456@ejemplo.com,Standard,2023-05-08
C01457,Sofía,Pérez,19,Puebla,PUE,México,sofia.perez1457@ejemplo.com,Premium,2023-05-08
C01458,Jorge,Mendoza,73,Toluca,MEX,México,jorge.mendoza1458@ejemplo.com,Premium,2023-05-08
C01459,Carlos,López,43,Guadalajara,JAL,México,carlos.lopez1459@ejemplo.com,Standard,2023-05-08
C01460,Fernanda,García,56,Chihuahua,CHIH,México,fernanda.garcia1460@ejemplo.com,Premium,2023-05-08
C01461,Ricardo,Sánchez,26,Querétaro,QRO,México,ricardo.sanchez1461@ejemplo.com,Frecuente,2023-05-08
C01462,José,García,31,Mérida,YUC,México,jose.garcia1462@ejemplo.com,Premium,2023-05-08
C01463,Ana,Ramírez,49,Mérida,YUC,México,ana.ramirez1463@ejemplo.com,Frecuente,2023-05-08
C01464,Diego,Ruiz,30,Ciudad de México,CDMX,México,diego.ruiz1464@ejemplo.com,Standard,2023-05-09
C01465,Diego,Rodríguez,53,Puebla,PUE,México,diego.rodriguez1465@ejemplo.com,Frecuente,2023-05-10
C01466,Luis,Vargas,71,León,GTO,México,luis.vargas1466@ejemplo.com,Frecuente,2023-05-10
C01467,María,Ortiz,35,Veracruz,VER,México,maria.ortiz1467@ejemplo.com,Premium,2023-05-10
C01468,Laura,Ruiz,53,Veracruz,VER,México,laura.ruiz1468@ejemplo.com,Standard,2023-05-10
C01469,Luis,Ortiz,71,Mérida,YUC,México,luis.ortiz1469@ejemplo.com,Premium,2023-05-10
C01470,Ricardo,Sánchez,69,Puebla,PUE,México,ricardo.sanchez1470@ejemplo.com,Standard,2023-05-11
C01471,Miguel,Gómez,18,Querétaro,QRO,México,miguel.gomez1471@ejemplo.com,Standard,2023-05-11
C01472,Diego,Jiménez,24,Querétaro,QRO,México,diego.jimenez1472@ejemplo.com,Premium,2023-05-11
C01473,José,Mendoza,75,Tijuana,BC,México,jose.mendoza1473@ejemplo.com,Premium,2023-05-12
C01474,Mariana,Torres,71,Tijuana,BC,México,mariana.torres1474@ejemplo.com,Premium,2023-05-12
C01475,Ana,Jiménez,36,Chihuahua,CHIH,México,ana.jimenez1475@ejemplo.com,Premium,2023-05-13
C01476,Sofía,Vargas,48,Tijuana,BC,México,sofia.vargas1476@ejemplo.com,Standard,2023-05-14
C01477,Ana,Reyes,51,Ciudad de México,CDMX,México,ana.reyes1477@ejemplo.com,Premium,2023-05-15
C01478,María,Mendoza,56,León,GTO,México,maria.mendoza1478@ejemplo.com,Frecuente,2023-05-15
C01479,Andrés,Sánchez,61,Cancún,QROO,México,andres.sanchez1479@ejemplo.com,Frecuente,2023-05-16
C01480,Carlos,Hernández,39,Tijuana,BC,México,carlos.hernandez1480@ejemplo.com,Frecuente,2023-05-17
C01481,Daniela,Castillo,69,Cancún,QROO,México,daniela.castillo1481@ejemplo.com,Standard,2023-05-17
C01482,Gabriela,Morales,21,Veracruz,VER,México,gabriela.morales1482@ejemplo.com,Premium,2023-05-17
C01483,Alejandro,Martínez,19,Veracruz,VER,México,alejandro.martinez1483@ejemplo.com,Standard,2023-05-17
C01484,Valeria,Torres,73,Toluca,MEX,México,valeria.torres1484@ejemplo.com,Standard,2023-05-17
C01485,Andrés,Ruiz,28,Cancún,QROO,México,andres.ruiz1485@ejemplo.com,Frecuente,2023-05-17
C01486,Alejandro,Ortiz,75,Ciudad de México,CDMX,México,alejandro.ortiz1486@ejemplo.com,Premium,2023-05-18
C01487,Paola,López,34,Mérida,YUC,México,paola.lopez1487@ejemplo.com,Premium,2023-05-18
C01488,Sofía,Ruiz,39,Toluca,MEX,México,sofia.ruiz1488@ejemplo.com,Frecuente,2023-05-19
C01489,Diego,Hernández,19,Chihuahua,CHIH,México,diego.hernandez1489@ejemplo.com,Frecuente,2023-05-19
C01490,Diego,Vargas,72,Toluca,MEX,México,diego.vargas1490@ejemplo.com,Premium,2023-05-19
C01491,Gabriela,Flores,38,Veracruz,VER,México,gabriela.flores1491@ejemplo.com,Standard,2023-05-19
C01492,Valeria,Reyes,27,Mérida,YUC,México,valeria.reyes1492@ejemplo.com,Premium,2023-05-19
C01493,Sofía,Martínez,46,Guadalajara,JAL,México,sofia.martinez1493@ejemplo.com,Standard,2023-05-19
C01494,Carlos,Sánchez,26,Querétaro,QRO,México,carlos.sanchez1494@ejemplo.com,Premium,2023-05-20
C01495,Sofía,Mendoza,63,Puebla,PUE,México,sofia.mendoza1495@ejemplo.com,Premium,2023-05-20
C01496,Héctor,Jiménez,22,Chihuahua,CHIH,México,hector.jimenez1496@ejemplo.com,Premium,2023-05-20
C01497,Jorge,Pérez,46,Toluca,MEX,México,jorge.perez1497@ejemplo.com,Premium,2023-05-20
C01498,Gabriela,Jiménez,40,Querétaro,QRO,México,gabriela.jimenez1498@ejemplo.com,Standard,2023-05-20
C01499,Carlos,Martínez,20,Tijuana,BC,México,carlos.martinez1499@ejemplo.com,Premium,2023-05-21
C01500,Fernanda,Jiménez,21,Guadalajara,JAL,México,fernanda.jimenez1500@ejemplo.com,Standard,2023-05-22
C01501,Diego,Castillo,48,Ciudad de México,CDMX,México,diego.castillo1501@ejemplo.com,Standard,2023-05-22
C01502,Mariana,Martínez,40,Puebla,PUE,México,mariana.martinez1502@ejemplo.com,Standard,2023-05-23
C01503,Luis,Ortiz,25,Monterrey,NL,México,luis.ortiz1503@ejemplo.com,Standard,2023-05-23
C01504,Valeria,Hernández,26,Puebla,PUE,México,valeria.hernandez1504@ejemplo.com,Premium,2023-05-24
C01505,José,García,64,Veracruz,VER,México,jose.garcia1505@ejemplo.com,Premium,2023-05-24
C01506,Sofía,Ortiz,60,León,GTO,México,sofia.ortiz1506@ejemplo.com,Frecuente,2023-05-24
C01507,Alejandro,López,53,Mérida,YUC,México,alejandro.lopez1507@ejemplo.com,Frecuente,2023-05-24
C01508,Fernanda,Ortiz,66,Monterrey,NL,México,fernanda.ortiz1508@ejemplo.com,Frecuente,2023-05-25
C01509,Daniela,Sánchez,22,Chihuahua,CHIH,México,daniela.sanchez1509@ejemplo.com,Frecuente,2023-05-25
C01510,Miguel,Reyes,57,Cancún,QROO,México,miguel.reyes1510@ejemplo.com,Standard,2023-05-25
C01511,Sofía,López,61,Mérida,YUC,México,sofia.lopez1511@ejemplo.com,Frecuente,2023-05-26
C01512,Héctor,Torres,29,Querétaro,QRO,México,hector.torres1512@ejemplo.com,Premium,2023-05-26
C01513,Laura,Castillo,49,Mérida,YUC,México,laura.castillo1513@ejemplo.com,Standard,2023-05-27
C01514,Diego,Rodríguez,62,Chihuahua,CHIH,México,diego.rodriguez1514@ejemplo.com,Frecuente,2023-05-27
C01515,Héctor,Morales,53,León,GTO,México,hector.morales1515@ejemplo.com,Standard,2023-05-27
C01516,Carlos,Gómez,32,Querétaro,QRO,México,carlos.gomez1516@ejemplo.com,Premium,2023-05-28
C01517,Sofía,Pérez,56,León,GTO,México,sofia.perez1517@ejemplo.com,Premium,2023-05-28
C01518,Valeria,Castillo,62,Veracruz,VER,México,valeria.castillo1518@ejemplo.com,Premium,2023-05-28
C01519,Ricardo,Martínez,18,Puebla,PUE,México,ricardo.martinez1519@ejemplo.com,Premium,2023-05-28
C01520,Miguel,Reyes,50,Chihuahua,CHIH,México,miguel.reyes1520@ejemplo.com,Frecuente,2023-05-28
C01521,Miguel,Vargas,47,Cancún,QROO,México,miguel.vargas1521@ejemplo.com,Standard,2023-05-28
C01522,Laura,Reyes,39,Monterrey,NL,México,laura.reyes1522@ejemplo.com,Premium,2023-05-28
C01523,Ricardo,Castillo,20,Veracruz,VER,México,ricardo.castillo1523@ejemplo.com,Standard,2023-05-29
C01524,Daniela,Mendoza,22,León,GTO,México,daniela.mendoza1524@ejemplo.com,Premium,2023-05-29
C01525,Sofía,López,61,Tijuana,BC,México,sofia.lopez1525@ejemplo.com,Standard,2023-05-29
C01526,Laura,Morales,65,Monterrey,NL,México,laura.morales1526@ejemplo.com,Premium,2023-05-29
C01527,Miguel,López,42,Chihuahua,CHIH,México,miguel.lopez1527@ejemplo.com,Standard,2023-05-29
C01528,Fernanda,Mendoza,72,Toluca,MEX,México,fernanda.mendoza1528@ejemplo.com,Standard,2023-05-30
C01529,Héctor,Cruz,71,Ciudad de México,CDMX,México,hector.cruz1529@ejemplo.com,Standard,2023-05-30
C01530,Carlos,Gómez,56,Cancún,QROO,México,carlos.gomez1530@ejemplo.com,Standard,2023-05-31
C01531,Laura,Vargas,51,Guadalajara,JAL,México,laura.vargas1531@ejemplo.com,Premium,2023-05-31
C01532,Ana,Pérez,73,Puebla,PUE,México,ana.perez1532@ejemplo.com,Standard,2023-05-31
C01533,Fernanda,Mendoza,53,Mérida,YUC,México,fernanda.mendoza1533@ejemplo.com,Premium,2023-05-31
C01534,Ricardo,Hernández,72,Monterrey,NL,México,ricardo.hernandez1534@ejemplo.com,Standard,2023-06-01
C01535,Mariana,Cruz,74,Mérida,YUC,México,mariana.cruz1535@ejemplo.com,Standard,2023-06-01
C01536,Paola,Torres,29,Querétaro,QRO,México,paola.torres1536@ejemplo.com,Standard,2023-06-01
C01537,Carlos,Torres,56,Mérida,YUC,México,carlos.torres1537@ejemplo.com,Frecuente,2023-06-02
C01538,Mariana,Hernández,60,Toluca,MEX,México,mariana.hernandez1538@ejemplo.com,Premium,2023-06-02
C01539,Carlos,Cruz,65,Guadalajara,JAL,México,carlos.cruz1539@ejemplo.com,Frecuente,2023-06-03
C01540,Diego,Morales,38,Toluca,MEX,México,diego.morales1540@ejemplo.com,Premium,2023-06-03
C01541,Alejandro,Cruz,67,Monterrey,NL,México,alejandro.cruz1541@ejemplo.com,Standard,2023-06-04
C01542,Mariana,Cruz,46,Ciudad de México,CDMX,México,mariana.cruz1542@ejemplo.com,Frecuente,2023-06-04
C01543,Carlos,Sánchez,40,Querétaro,QRO,México,carlos.sanchez1543@ejemplo.com,Standard,2023-06-04
C01544,Valeria,Ruiz,27,Puebla,PUE,México,valeria.ruiz1544@ejemplo.com,Frecuente,2023-06-04
C01545,Ricardo,Cruz,36,Monterrey,NL,México,ricardo.cruz1545@ejemplo.com,Standard,2023-06-05
C01546,Jorge,Castillo,74,Querétaro,QRO,México,jorge.castillo1546@ejemplo.com,Premium,2023-06-05
C01547,Daniela,Jiménez,59,Chihuahua,CHIH,México,daniela.jimenez1547@ejemplo.com,Frecuente,2023-06-05
C01548,Andrés,Flores,60,Cancún,QROO,México,andres.flores1548@ejemplo.com,Frecuente,2023-06-05
C01549,Valeria,López,69,León,GTO,México,valeria.lopez1549@ejemplo.com,Premium,2023-06-05
C01550,Andrés,Castillo,33,Guadalajara,JAL,México,andres.castillo1550@ejemplo.com,Premium,2023-06-06
C01551,Valeria,Hernández,56,Ciudad de México,CDMX,México,valeria.hernandez1551@ejemplo.com,Premium,2023-06-07
C01552,Héctor,Martínez,39,Tijuana,BC,México,hector.martinez1552@ejemplo.com,Frecuente,2023-06-07
C01553,Ricardo,Vargas,67,Toluca,MEX,México,ricardo.vargas1553@ejemplo.com,Frecuente,2023-06-07
C01554,Fernanda,Morales,42,Chihuahua,CHIH,México,fernanda.morales1554@ejemplo.com,Frecuente,2023-06-07
C01555,José,Vargas,67,Guadalajara,JAL,México,jose.vargas1555@ejemplo.com,Premium,2023-06-08
C01556,Luis,Flores,61,Querétaro,QRO,México,luis.flores1556@ejemplo.com,Premium,2023-06-08
C01557,Diego,Hernández,62,Tijuana,BC,México,diego.hernandez1557@ejemplo.com,Standard,2023-06-08
C01558,Carlos,Morales,71,León,GTO,México,carlos.morales1558@ejemplo.com,Premium,2023-06-08
C01559,Mariana,Ruiz,63,Monterrey,NL,México,mariana.ruiz1559@ejemplo.com,Premium,2023-06-08
C01560,Diego,Reyes,36,Querétaro,QRO,México,diego.reyes1560@ejemplo.com,Premium,2023-06-08
C01561,Jorge,Hernández,48,Chihuahua,CHIH,México,jorge.hernandez1561@ejemplo.com,Premium,2023-06-09
C01562,Daniela,Jiménez,45,Querétaro,QRO,México,daniela.jimenez1562@ejemplo.com,Premium,2023-06-09
C01563,Fernanda,Ruiz,21,Toluca,MEX,México,fernanda.ruiz1563@ejemplo.com,Standard,2023-06-09
C01564,Miguel,Jiménez,52,Cancún,QROO,México,miguel.jimenez1564@ejemplo.com,Premium,2023-06-09
C01565,Miguel,Sánchez,43,Cancún,QROO,México,miguel.sanchez1565@ejemplo.com,Premium,2023-06-10
C01566,Sofía,Gómez,40,Puebla,PUE,México,sofia.gomez1566@ejemplo.com,Standard,2023-06-11
C01567,Diego,Rodríguez,24,Veracruz,VER,México,diego.rodriguez1567@ejemplo.com,Frecuente,2023-06-11
C01568,Laura,Ruiz,47,Monterrey,NL,México,laura.ruiz1568@ejemplo.com,Standard,2023-06-12
C01569,Ricardo,Flores,51,Veracruz,VER,México,ricardo.flores1569@ejemplo.com,Standard,2023-06-12
C01570,Ricardo,Castillo,24,Veracruz,VER,México,ricardo.castillo1570@ejemplo.com,Standard,2023-06-12
C01571,Héctor,Reyes,54,Mérida,YUC,México,hector.reyes1571@ejemplo.com,Standard,2023-06-12
C01572,Jorge,Morales,27,Chihuahua,CHIH,México,jorge.morales1572@ejemplo.com,Standard,2023-06-13
C01573,Miguel,Cruz,26,León,GTO,México,miguel.cruz1573@ejemplo.com,Standard,2023-06-13
C01574,Jorge,Ruiz,41,León,GTO,México,jorge.ruiz1574@ejemplo.com,Standard,2023-06-13
C01575,Diego,Jiménez,40,Ciudad de México,CDMX,México,diego.jimenez1575@ejemplo.com,Standard,2023-06-15
C01576,José,Cruz,71,Guadalajara,JAL,México,jose.cruz1576@ejemplo.com,Premium,2023-06-16
C01577,Miguel,Ortiz,21,Ciudad de México,CDMX,México,miguel.ortiz1577@ejemplo.com,Premium,2023-06-16
C01578,Laura,Cruz,38,Ciudad de México,CDMX,México,laura.cruz1578@ejemplo.com,Premium,2023-06-16
C01579,Diego,Jiménez,60,Chihuahua,CHIH,México,diego.jimenez1579@ejemplo.com,Premium,2023-06-16
C01580,José,Gómez,32,Monterrey,NL,México,jose.gomez1580@ejemplo.com,Standard,2023-06-17
C01581,Fernanda,Ortiz,74,Ciudad de México,CDMX,México,fernanda.ortiz1581@ejemplo.com,Standard,2023-06-17
C01582,María,Cruz,61,Veracruz,VER,México,maria.cruz1582@ejemplo.com,Premium,2023-06-18
C01583,Jorge,Rodríguez,72,Puebla,PUE,México,jorge.rodriguez1583@ejemplo.com,Premium,2023-06-18
C01584,Andrés,Vargas,73,Toluca,MEX,México,andres.vargas1584@ejemplo.com,Premium,2023-06-18
C01585,Andrés,López,24,Veracruz,VER,México,andres.lopez1585@ejemplo.com,Standard,2023-06-19
C01586,Valeria,Rodríguez,44,Mérida,YUC,México,valeria.rodriguez1586@ejemplo.com,Premium,2023-06-19
C01587,Luis,Sánchez,61,Veracruz,VER,México,luis.sanchez1587@ejemplo.com,Premium,2023-06-19
C01588,Fernanda,Rodríguez,18,Veracruz,VER,México,fernanda.rodriguez1588@ejemplo.com,Premium,2023-06-19
C01589,Ana,Ruiz,44,Guadalajara,JAL,México,ana.ruiz1589@ejemplo.com,Standard,2023-06-19
C01590,Fernanda,Ortiz,57,Guadalajara,JAL,México,fernanda.ortiz1590@ejemplo.com,Premium,2023-06-20
C01591,Miguel,Rodríguez,63,Tijuana,BC,México,miguel.rodriguez1591@ejemplo.com,Standard,2023-06-20
C01592,Mariana,Torres,42,Mérida,YUC,México,mariana.torres1592@ejemplo.com,Standard,2023-06-20
C01593,María,Vargas,68,Toluca,MEX,México,maria.vargas1593@ejemplo.com,Frecuente,2023-06-21
C01594,Paola,Flores,57,Monterrey,NL,México,paola.flores1594@ejemplo.com,Standard,2023-06-21
C01595,Mariana,Torres,20,Monterrey,NL,México,mariana.torres1595@ejemplo.com,Premium,2023-06-22
C01596,Fernanda,Mendoza,34,Puebla,PUE,México,fernanda.mendoza1596@ejemplo.com,Premium,2023-06-22
C01597,Gabriela,Flores,72,Puebla,PUE,México,gabriela.flores1597@ejemplo.com,Standard,2023-06-22
C01598,Fernanda,Vargas,18,Veracruz,VER,México,fernanda.vargas1598@ejemplo.com,Premium,2023-06-22
C01599,Diego,Ramírez,24,Tijuana,BC,México,diego.ramirez1599@ejemplo.com,Frecuente,2023-06-22
C01600,Miguel,Hernández,37,Chihuahua,CHIH,México,miguel.hernandez1600@ejemplo.com,Standard,2023-06-23
C01601,Diego,Ruiz,75,Ciudad de México,CDMX,México,diego.ruiz1601@ejemplo.com,Premium,2023-06-23
C01602,Alejandro,Pérez,58,Guadalajara,JAL,México,alejandro.perez1602@ejemplo.com,Premium,2023-06-24
C01603,Fernanda,Ortiz,26,Toluca,MEX,México,fernanda.ortiz1603@ejemplo.com,Frecuente,2023-06-24
C01604,Carlos,Torres,40,Monterrey,NL,México,carlos.torres1604@ejemplo.com,Frecuente,2023-06-24
C01605,José,Vargas,72,Ciudad de México,CDMX,México,jose.vargas1605@ejemplo.com,Frecuente,2023-06-24
C01606,Sofía,Ortiz,30,Cancún,QROO,México,sofia.ortiz1606@ejemplo.com,Premium,2023-06-25
C01607,Gabriela,Morales,51,Guadalajara,JAL,México,gabriela.morales1607@ejemplo.com,Standard,2023-06-26
C01608,Mariana,Ramírez,44,Ciudad de México,CDMX,México,mariana.ramirez1608@ejemplo.com,Premium,2023-06-26
C01609,Laura,Torres,62,Tijuana,BC,México,laura.torres1609@ejemplo.com,Premium,2023-06-26
C01610,Andrés,Flores,61,Mérida,YUC,México,andres.flores1610@ejemplo.com,Standard,2023-06-27
C01611,Carlos,López,66,Mérida,YUC,México,carlos.lopez1611@ejemplo.com,Frecuente,2023-06-27
C01612,Miguel,Morales,24,Cancún,QROO,México,miguel.morales1612@ejemplo.com,Premium,2023-06-27
C01613,Alejandro,Ruiz,44,Ciudad de México,CDMX,México,alejandro.ruiz1613@ejemplo.com,Standard,2023-06-27
C01614,Laura,Morales,58,Puebla,PUE,México,laura.morales1614@ejemplo.com,Premium,2023-06-28
C01615,Ana,Ortiz,42,Tijuana,BC,México,ana.ortiz1615@ejemplo.com,Premium,2023-06-29
C01616,Miguel,Cruz,56,Puebla,PUE,México,miguel.cruz1616@ejemplo.com,Premium,2023-06-29
C01617,Fernanda,Hernández,54,Mérida,YUC,México,fernanda.hernandez1617@ejemplo.com,Frecuente,2023-06-29
C01618,Valeria,Reyes,39,Monterrey,NL,México,valeria.reyes1618@ejemplo.com,Premium,2023-06-29
C01619,Carlos,López,23,Cancún,QROO,México,carlos.lopez1619@ejemplo.com,Standard,2023-06-29
C01620,Laura,Ortiz,74,Veracruz,VER,México,laura.ortiz1620@ejemplo.com,Premium,2023-06-29
C01621,Diego,Cruz,65,Cancún,QROO,México,diego.cruz1621@ejemplo.com,Standard,2023-06-30
C01622,Alejandro,Flores,69,Tijuana,BC,México,alejandro.flores1622@ejemplo.com,Premium,2023-06-30
C01623,Héctor,Ortiz,35,Querétaro,QRO,México,hector.ortiz1623@ejemplo.com,Premium,2023-06-30
C01624,Alejandro,Reyes,36,Cancún,QROO,México,alejandro.reyes1624@ejemplo.com,Standard,2023-06-30
C01625,Luis,Torres,36,León,GTO,México,luis.torres1625@ejemplo.com,Standard,2023-06-30
C01626,Luis,Vargas,19,Puebla,PUE,México,luis.vargas1626@ejemplo.com,Frecuente,2023-06-30
C01627,Paola,Flores,27,Ciudad de México,CDMX,México,paola.flores1627@ejemplo.com,Premium,2023-07-01
C01628,Jorge,Morales,35,León,GTO,México,jorge.morales1628@ejemplo.com,Standard,2023-07-01
C01629,José,Gómez,75,Cancún,QROO,México,jose.gomez1629@ejemplo.com,Frecuente,2023-07-01
C01630,Sofía,Flores,29,Guadalajara,JAL,México,sofia.flores1630@ejemplo.com,Premium,2023-07-02
C01631,Fernanda,Torres,47,Cancún,QROO,México,fernanda.torres1631@ejemplo.com,Frecuente,2023-07-03
C01632,Laura,Ortiz,49,Ciudad de México,CDMX,México,laura.ortiz1632@ejemplo.com,Frecuente,2023-07-03
C01633,Ricardo,Castillo,38,Cancún,QROO,México,ricardo.castillo1633@ejemplo.com,Frecuente,2023-07-03
C01634,Andrés,López,71,León,GTO,México,andres.lopez1634@ejemplo.com,Standard,2023-07-03
C01635,Gabriela,Pérez,23,Ciudad de México,CDMX,México,gabriela.perez1635@ejemplo.com,Standard,2023-07-04
C01636,Diego,Castillo,68,León,GTO,México,diego.castillo1636@ejemplo.com,Standard,2023-07-04
C01637,Laura,López,61,Guadalajara,JAL,México,laura.lopez1637@ejemplo.com,Standard,2023-07-05
C01638,Laura,Hernández,35,Puebla,PUE,México,laura.hernandez1638@ejemplo.com,Frecuente,2023-07-05
C01639,Paola,López,62,León,GTO,México,paola.lopez1639@ejemplo.com,Premium,2023-07-05
C01640,Carlos,Pérez,42,Tijuana,BC,México,carlos.perez1640@ejemplo.com,Standard,2023-07-05
C01641,Carlos,Flores,74,Veracruz,VER,México,carlos.flores1641@ejemplo.com,Standard,2023-07-06
C01642,Miguel,Vargas,20,Veracruz,VER,México,miguel.vargas1642@ejemplo.com,Premium,2023-07-06
C01643,Mariana,López,19,Veracruz,VER,México,mariana.lopez1643@ejemplo.com,Standard,2023-07-07
C01644,José,Cruz,49,Guadalajara,JAL,México,jose.cruz1644@ejemplo.com,Standard,2023-07-07
C01645,Paola,Gómez,72,Monterrey,NL,México,paola.gomez1645@ejemplo.com,Standard,2023-07-07
C01646,Andrés,Morales,21,Monterrey,NL,México,andres.morales1646@ejemplo.com,Frecuente,2023-07-08
C01647,Diego,Rodríguez,63,Cancún,QROO,México,diego.rodriguez1647@ejemplo.com,Premium,2023-07-08
C01648,Héctor,Sánchez,72,Querétaro,QRO,México,hector.sanchez1648@ejemplo.com,Frecuente,2023-07-08
C01649,Valeria,Gómez,46,León,GTO,México,valeria.gomez1649@ejemplo.com,Standard,2023-07-08
C01650,Jorge,Hernández,68,Puebla,PUE,México,jorge.hernandez1650@ejemplo.com,Standard,2023-07-09
C01651,Ana,Gómez,61,Monterrey,NL,México,ana.gomez1651@ejemplo.com,Premium,2023-07-09
C01652,Héctor,Sánchez,30,Cancún,QROO,México,hector.sanchez1652@ejemplo.com,Premium,2023-07-09
C01653,Alejandro,Gómez,67,Cancún,QROO,México,alejandro.gomez1653@ejemplo.com,Frecuente,2023-07-09
C01654,José,Vargas,58,León,GTO,México,jose.vargas1654@ejemplo.com,Premium,2023-07-10
C01655,Laura,Morales,18,Puebla,PUE,México,laura.morales1655@ejemplo.com,Premium,2023-07-10
C01656,Héctor,Castillo,50,Mérida,YUC,México,hector.castillo1656@ejemplo.com,Standard,2023-07-10
C01657,Gabriela,López,55,Veracruz,VER,México,gabriela.lopez1657@ejemplo.com,Standard,2023-07-11
C01658,Luis,Flores,64,Cancún,QROO,México,luis.flores1658@ejemplo.com,Frecuente,2023-07-11
C01659,Valeria,Flores,62,Veracruz,VER,México,valeria.flores1659@ejemplo.com,Standard,2023-07-11
C01660,Ana,Ortiz,45,Querétaro,QRO,México,ana.ortiz1660@ejemplo.com,Frecuente,2023-07-12
C01661,Laura,Hernández,35,Ciudad de México,CDMX,México,laura.hernandez1661@ejemplo.com,Standard,2023-07-12
C01662,Alejandro,Vargas,29,Toluca,MEX,México,alejandro.vargas1662@ejemplo.com,Standard,2023-07-12
C01663,Fernanda,Ruiz,23,Querétaro,QRO,México,fernanda.ruiz1663@ejemplo.com,Frecuente,2023-07-12
C01664,Sofía,García,55,Ciudad de México,CDMX,México,sofia.garcia1664@ejemplo.com,Standard,2023-07-13
C01665,Daniela,Cruz,73,Guadalajara,JAL,México,daniela.cruz1665@ejemplo.com,Premium,2023-07-13
C01666,Miguel,López,22,Puebla,PUE,México,miguel.lopez1666@ejemplo.com,Premium,2023-07-13
C01667,Laura,López,58,Monterrey,NL,México,laura.lopez1667@ejemplo.com,Standard,2023-07-13
C01668,Ana,Vargas,51,León,GTO,México,ana.vargas1668@ejemplo.com,Standard,2023-07-14
C01669,Fernanda,Torres,27,Cancún,QROO,México,fernanda.torres1669@ejemplo.com,Standard,2023-07-14
C01670,María,Flores,30,Puebla,PUE,México,maria.flores1670@ejemplo.com,Standard,2023-07-15
C01671,Ricardo,Castillo,34,Guadalajara,JAL,México,ricardo.castillo1671@ejemplo.com,Frecuente,2023-07-15
C01672,María,Reyes,57,Ciudad de México,CDMX,México,maria.reyes1672@ejemplo.com,Premium,2023-07-15
C01673,Carlos,Mendoza,35,Veracruz,VER,México,carlos.mendoza1673@ejemplo.com,Standard,2023-07-16
C01674,Luis,Ruiz,66,Tijuana,BC,México,luis.ruiz1674@ejemplo.com,Standard,2023-07-16
C01675,Valeria,Ruiz,39,Guadalajara,JAL,México,valeria.ruiz1675@ejemplo.com,Premium,2023-07-16
C01676,Gabriela,Flores,24,León,GTO,México,gabriela.flores1676@ejemplo.com,Standard,2023-07-16
C01677,Héctor,Ruiz,23,Chihuahua,CHIH,México,hector.ruiz1677@ejemplo.com,Standard,2023-07-17
C01678,Sofía,Gómez,41,Guadalajara,JAL,México,sofia.gomez1678@ejemplo.com,Standard,2023-07-17
C01679,Alejandro,Reyes,41,Veracruz,VER,México,alejandro.reyes1679@ejemplo.com,Standard,2023-07-17
C01680,Luis,Sánchez,60,León,GTO,México,luis.sanchez1680@ejemplo.com,Premium,2023-07-17
C01681,Ricardo,García,45,Puebla,PUE,México,ricardo.garcia1681@ejemplo.com,Standard,2023-07-17
C01682,Carlos,Hernández,27,Toluca,MEX,México,carlos.hernandez1682@ejemplo.com,Frecuente,2023-07-17
C01683,Andrés,Mendoza,30,Querétaro,QRO,México,andres.mendoza1683@ejemplo.com,Standard,2023-07-18
C01684,Héctor,López,50,Cancún,QROO,México,hector.lopez1684@ejemplo.com,Premium,2023-07-18
C01685,María,Torres,37,Guadalajara,JAL,México,maria.torres1685@ejemplo.com,Frecuente,2023-07-19
C01686,Ricardo,García,56,Monterrey,NL,México,ricardo.garcia1686@ejemplo.com,Premium,2023-07-19
C01687,Ricardo,Torres,71,Toluca,MEX,México,ricardo.torres1687@ejemplo.com,Premium,2023-07-21
C01688,Diego,Ramírez,38,Toluca,MEX,México,diego.ramirez1688@ejemplo.com,Premium,2023-07-21
C01689,Daniela,Sánchez,50,Ciudad de México,CDMX,México,daniela.sanchez1689@ejemplo.com,Standard,2023-07-21
C01690,Luis,Gómez,66,Monterrey,NL,México,luis.gomez1690@ejemplo.com,Frecuente,2023-07-21
C01691,Fernanda,Rodríguez,30,Cancún,QROO,México,fernanda.rodriguez1691@ejemplo.com,Premium,2023-07-22
C01692,Daniela,Ruiz,47,Chihuahua,CHIH,México,daniela.ruiz1692@ejemplo.com,Standard,2023-07-22
C01693,Héctor,Morales,35,León,GTO,México,hector.morales1693@ejemplo.com,Standard,2023-07-22
C01694,Paola,Mendoza,54,León,GTO,México,paola.mendoza1694@ejemplo.com,Frecuente,2023-07-22
C01695,Diego,Ruiz,61,Tijuana,BC,México,diego.ruiz1695@ejemplo.com,Frecuente,2023-07-23
C01696,Valeria,Castillo,26,Ciudad de México,CDMX,México,valeria.castillo1696@ejemplo.com,Standard,2023-07-23
C01697,Gabriela,Morales,28,Toluca,MEX,México,gabriela.morales1697@ejemplo.com,Premium,2023-07-23
C01698,Paola,Rodríguez,19,Toluca,MEX,México,paola.rodriguez1698@ejemplo.com,Premium,2023-07-24
C01699,Carlos,Jiménez,18,Querétaro,QRO,México,carlos.jimenez1699@ejemplo.com,Frecuente,2023-07-24
C01700,María,Ortiz,20,Mérida,YUC,México,maria.ortiz1700@ejemplo.com,Standard,2023-07-25
C01701,Gabriela,Vargas,58,Monterrey,NL,México,gabriela.vargas1701@ejemplo.com,Standard,2023-07-25
C01702,Miguel,Jiménez,70,Querétaro,QRO,México,miguel.jimenez1702@ejemplo.com,Frecuente,2023-07-25
C01703,Luis,Cruz,41,Monterrey,NL,México,luis.cruz1703@ejemplo.com,Frecuente,2023-07-25
C01704,Diego,Ruiz,69,Querétaro,QRO,México,diego.ruiz1704@ejemplo.com,Standard,2023-07-25
C01705,Gabriela,Rodríguez,60,Guadalajara,JAL,México,gabriela.rodriguez1705@ejemplo.com,Frecuente,2023-07-26
C01706,Miguel,Martínez,64,Cancún,QROO,México,miguel.martinez1706@ejemplo.com,Premium,2023-07-26
C01707,Miguel,Jiménez,60,Monterrey,NL,México,miguel.jimenez1707@ejemplo.com,Standard,2023-07-27
C01708,Carlos,García,29,León,GTO,México,carlos.garcia1708@ejemplo.com,Frecuente,2023-07-27
C01709,Ana,Pérez,48,Mérida,YUC,México,ana.perez1709@ejemplo.com,Premium,2023-07-27
C01710,Fernanda,Martínez,48,Chihuahua,CHIH,México,fernanda.martinez1710@ejemplo.com,Premium,2023-07-28
C01711,Sofía,Torres,55,Monterrey,NL,México,sofia.torres1711@ejemplo.com,Standard,2023-07-28
C01712,María,Cruz,64,Puebla,PUE,México,maria.cruz1712@ejemplo.com,Standard,2023-07-29
C01713,Valeria,Cruz,24,Monterrey,NL,México,valeria.cruz1713@ejemplo.com,Premium,2023-07-29
C01714,Valeria,Ramírez,57,Cancún,QROO,México,valeria.ramirez1714@ejemplo.com,Premium,2023-07-29
C01715,Alejandro,Vargas,66,Guadalajara,JAL,México,alejandro.vargas1715@ejemplo.com,Premium,2023-07-30
C01716,Fernanda,Flores,24,León,GTO,México,fernanda.flores1716@ejemplo.com,Premium,2023-07-30
C01717,Valeria,Pérez,42,Toluca,MEX,México,valeria.perez1717@ejemplo.com,Frecuente,2023-07-30
C01718,Daniela,Ramírez,69,León,GTO,México,daniela.ramirez1718@ejemplo.com,Standard,2023-07-30
C01719,Ricardo,Mendoza,19,Guadalajara,JAL,México,ricardo.mendoza1719@ejemplo.com,Standard,2023-07-30
C01720,Daniela,García,27,Querétaro,QRO,México,daniela.garcia1720@ejemplo.com,Premium,2023-07-31
C01721,Gabriela,Gómez,64,Mérida,YUC,México,gabriela.gomez1721@ejemplo.com,Premium,2023-07-31
C01722,Carlos,Torres,27,Tijuana,BC,México,carlos.torres1722@ejemplo.com,Premium,2023-07-31
C01723,Ricardo,Ramírez,58,Querétaro,QRO,México,ricardo.ramirez1723@ejemplo.com,Frecuente,2023-07-31
C01724,Carlos,Martínez,70,Toluca,MEX,México,carlos.martinez1724@ejemplo.com,Frecuente,2023-07-31
C01725,Sofía,García,46,Chihuahua,CHIH,México,sofia.garcia1725@ejemplo.com,Premium,2023-07-31
C01726,Valeria,Torres,46,Puebla,PUE,México,valeria.torres1726@ejemplo.com,Frecuente,2023-07-31
C01727,Gabriela,Vargas,42,Puebla,PUE,México,gabriela.vargas1727@ejemplo.com,Premium,2023-08-01
C01728,Valeria,Morales,39,Monterrey,NL,México,valeria.morales1728@ejemplo.com,Premium,2023-08-01
C01729,Diego,Jiménez,40,Tijuana,BC,México,diego.jimenez1729@ejemplo.com,Standard,2023-08-01
C01730,Carlos,Vargas,50,Mérida,YUC,México,carlos.vargas1730@ejemplo.com,Premium,2023-08-02
C01731,Daniela,Ramírez,69,León,GTO,México,daniela.ramirez1731@ejemplo.com,Frecuente,2023-08-02
C01732,Carlos,López,74,Puebla,PUE,México,carlos.lopez1732@ejemplo.com,Premium,2023-08-03
C01733,Valeria,Hernández,68,Monterrey,NL,México,valeria.hernandez1733@ejemplo.com,Standard,2023-08-03
C01734,Daniela,Cruz,24,Ciudad de México,CDMX,México,daniela.cruz1734@ejemplo.com,Premium,2023-08-04
C01735,Carlos,Gómez,35,Guadalajara,JAL,México,carlos.gomez1735@ejemplo.com,Premium,2023-08-04
C01736,Jorge,Morales,61,Ciudad de México,CDMX,México,jorge.morales1736@ejemplo.com,Premium,2023-08-04
C01737,María,Rodríguez,49,Monterrey,NL,México,maria.rodriguez1737@ejemplo.com,Frecuente,2023-08-05
C01738,Diego,Rodríguez,37,León,GTO,México,diego.rodriguez1738@ejemplo.com,Standard,2023-08-05
C01739,María,Castillo,36,Toluca,MEX,México,maria.castillo1739@ejemplo.com,Standard,2023-08-05
C01740,José,Sánchez,24,Veracruz,VER,México,jose.sanchez1740@ejemplo.com,Premium,2023-08-05
C01741,Miguel,Torres,37,Mérida,YUC,México,miguel.torres1741@ejemplo.com,Premium,2023-08-06
C01742,Gabriela,Torres,42,Querétaro,QRO,México,gabriela.torres1742@ejemplo.com,Premium,2023-08-06
C01743,Luis,Ramírez,42,Chihuahua,CHIH,México,luis.ramirez1743@ejemplo.com,Standard,2023-08-06
C01744,Miguel,García,49,Guadalajara,JAL,México,miguel.garcia1744@ejemplo.com,Premium,2023-08-06
C01745,Gabriela,Ramírez,33,Cancún,QROO,México,gabriela.ramirez1745@ejemplo.com,Premium,2023-08-06
C01746,Gabriela,Rodríguez,29,Toluca,MEX,México,gabriela.rodriguez1746@ejemplo.com,Standard,2023-08-06
C01747,Miguel,Gómez,69,Mérida,YUC,México,miguel.gomez1747@ejemplo.com,Standard,2023-08-06
C01748,Ricardo,Sánchez,41,Puebla,PUE,México,ricardo.sanchez1748@ejemplo.com,Premium,2023-08-07
C01749,María,Reyes,32,Cancún,QROO,México,maria.reyes1749@ejemplo.com,Premium,2023-08-07
C01750,Luis,Sánchez,54,Veracruz,VER,México,luis.sanchez1750@ejemplo.com,Premium,2023-08-07
C01751,Andrés,Rodríguez,49,Monterrey,NL,México,andres.rodriguez1751@ejemplo.com,Standard,2023-08-07
C01752,José,Gómez,51,Mérida,YUC,México,jose.gomez1752@ejemplo.com,Premium,2023-08-08
C01753,Jorge,Flores,30,Ciudad de México,CDMX,México,jorge.flores1753@ejemplo.com,Standard,2023-08-08
C01754,Miguel,Torres,59,Monterrey,NL,México,miguel.torres1754@ejemplo.com,Premium,2023-08-08
C01755,Daniela,Pérez,29,Toluca,MEX,México,daniela.perez1755@ejemplo.com,Frecuente,2023-08-08
C01756,Alejandro,Sánchez,66,Querétaro,QRO,México,alejandro.sanchez1756@ejemplo.com,Frecuente,2023-08-09
C01757,Luis,Martínez,42,Monterrey,NL,México,luis.martinez1757@ejemplo.com,Premium,2023-08-09
C01758,Fernanda,Morales,41,Tijuana,BC,México,fernanda.morales1758@ejemplo.com,Standard,2023-08-09
C01759,Sofía,Jiménez,40,Guadalajara,JAL,México,sofia.jimenez1759@ejemplo.com,Premium,2023-08-10
C01760,Mariana,García,42,Toluca,MEX,México,mariana.garcia1760@ejemplo.com,Frecuente,2023-08-10
C01761,Miguel,Castillo,56,Veracruz,VER,México,miguel.castillo1761@ejemplo.com,Standard,2023-08-11
C01762,Sofía,López,46,Guadalajara,JAL,México,sofia.lopez1762@ejemplo.com,Standard,2023-08-11
C01763,Diego,Castillo,25,Monterrey,NL,México,diego.castillo1763@ejemplo.com,Premium,2023-08-12
C01764,Gabriela,Castillo,50,Chihuahua,CHIH,México,gabriela.castillo1764@ejemplo.com,Premium,2023-08-13
C01765,Fernanda,Gómez,33,Chihuahua,CHIH,México,fernanda.gomez1765@ejemplo.com,Standard,2023-08-13
C01766,Alejandro,Ortiz,24,Toluca,MEX,México,alejandro.ortiz1766@ejemplo.com,Standard,2023-08-13
C01767,Daniela,Morales,66,León,GTO,México,daniela.morales1767@ejemplo.com,Frecuente,2023-08-13
C01768,Valeria,Jiménez,36,Chihuahua,CHIH,México,valeria.jimenez1768@ejemplo.com,Frecuente,2023-08-13
C01769,Luis,Hernández,52,Tijuana,BC,México,luis.hernandez1769@ejemplo.com,Standard,2023-08-14
C01770,Ana,Gómez,27,Chihuahua,CHIH,México,ana.gomez1770@ejemplo.com,Standard,2023-08-15
C01771,Valeria,Hernández,37,Chihuahua,CHIH,México,valeria.hernandez1771@ejemplo.com,Frecuente,2023-08-15
C01772,Daniela,Martínez,40,Monterrey,NL,México,daniela.martinez1772@ejemplo.com,Standard,2023-08-15
C01773,Mariana,Hernández,25,Ciudad de México,CDMX,México,mariana.hernandez1773@ejemplo.com,Frecuente,2023-08-15
C01774,Luis,García,74,Mérida,YUC,México,luis.garcia1774@ejemplo.com,Frecuente,2023-08-15
C01775,Alejandro,Gómez,36,Toluca,MEX,México,alejandro.gomez1775@ejemplo.com,Premium,2023-08-15
C01776,Alejandro,Sánchez,51,Chihuahua,CHIH,México,alejandro.sanchez1776@ejemplo.com,Standard,2023-08-16
C01777,Luis,Morales,50,Guadalajara,JAL,México,luis.morales1777@ejemplo.com,Standard,2023-08-16
C01778,José,Cruz,42,Tijuana,BC,México,jose.cruz1778@ejemplo.com,Premium,2023-08-16
C01779,Diego,Jiménez,51,Toluca,MEX,México,diego.jimenez1779@ejemplo.com,Standard,2023-08-17
C01780,Sofía,Reyes,50,Ciudad de México,CDMX,México,sofia.reyes1780@ejemplo.com,Premium,2023-08-18
C01781,Gabriela,Rodríguez,22,León,GTO,México,gabriela.rodriguez1781@ejemplo.com,Standard,2023-08-18
C01782,Diego,Jiménez,56,Puebla,PUE,México,diego.jimenez1782@ejemplo.com,Premium,2023-08-18
C01783,María,Cruz,24,Ciudad de México,CDMX,México,maria.cruz1783@ejemplo.com,Standard,2023-08-18
C01784,Daniela,Ramírez,43,Monterrey,NL,México,daniela.ramirez1784@ejemplo.com,Standard,2023-08-19
C01785,Ana,López,39,León,GTO,México,ana.lopez1785@ejemplo.com,Standard,2023-08-20
C01786,Mariana,Flores,43,Chihuahua,CHIH,México,mariana.flores1786@ejemplo.com,Premium,2023-08-20
C01787,Jorge,Flores,22,Ciudad de México,CDMX,México,jorge.flores1787@ejemplo.com,Standard,2023-08-21
C01788,Miguel,Cruz,58,Querétaro,QRO,México,miguel.cruz1788@ejemplo.com,Premium,2023-08-21
C01789,Ana,Flores,42,Monterrey,NL,México,ana.flores1789@ejemplo.com,Premium,2023-08-22
C01790,Andrés,Martínez,21,León,GTO,México,andres.martinez1790@ejemplo.com,Premium,2023-08-22
C01791,Gabriela,Vargas,18,Toluca,MEX,México,gabriela.vargas1791@ejemplo.com,Frecuente,2023-08-22
C01792,Alejandro,Ortiz,49,Veracruz,VER,México,alejandro.ortiz1792@ejemplo.com,Premium,2023-08-22
C01793,Gabriela,García,56,Tijuana,BC,México,gabriela.garcia1793@ejemplo.com,Standard,2023-08-22
C01794,Laura,Rodríguez,49,Puebla,PUE,México,laura.rodriguez1794@ejemplo.com,Frecuente,2023-08-24
C01795,Andrés,Rodríguez,59,Puebla,PUE,México,andres.rodriguez1795@ejemplo.com,Premium,2023-08-24
C01796,Diego,Cruz,61,Toluca,MEX,México,diego.cruz1796@ejemplo.com,Frecuente,2023-08-24
C01797,Laura,Pérez,68,Querétaro,QRO,México,laura.perez1797@ejemplo.com,Premium,2023-08-26
C01798,Daniela,Flores,74,Ciudad de México,CDMX,México,daniela.flores1798@ejemplo.com,Premium,2023-08-27
C01799,Fernanda,Jiménez,69,Veracruz,VER,México,fernanda.jimenez1799@ejemplo.com,Premium,2023-08-27
C01800,Jorge,Reyes,64,Guadalajara,JAL,México,jorge.reyes1800@ejemplo.com,Standard,2023-08-27
C01801,Gabriela,Castillo,42,Veracruz,VER,México,gabriela.castillo1801@ejemplo.com,Frecuente,2023-08-28
C01802,Laura,Cruz,47,Guadalajara,JAL,México,laura.cruz1802@ejemplo.com,Standard,2023-08-28
C01803,Luis,Flores,53,Mérida,YUC,México,luis.flores1803@ejemplo.com,Standard,2023-08-31
C01804,Héctor,Martínez,27,Puebla,PUE,México,hector.martinez1804@ejemplo.com,Premium,2023-09-01
C01805,José,Morales,57,León,GTO,México,jose.morales1805@ejemplo.com,Frecuente,2023-09-01
C01806,Luis,Rodríguez,52,Tijuana,BC,México,luis.rodriguez1806@ejemplo.com,Standard,2023-09-02
C01807,Fernanda,Ortiz,48,Tijuana,BC,México,fernanda.ortiz1807@ejemplo.com,Premium,2023-09-02
C01808,Alejandro,Ortiz,66,Querétaro,QRO,México,alejandro.ortiz1808@ejemplo.com,Frecuente,2023-09-02
C01809,Miguel,Cruz,57,Veracruz,VER,México,miguel.cruz1809@ejemplo.com,Premium,2023-09-03
C01810,Gabriela,Gómez,72,Monterrey,NL,México,gabriela.gomez1810@ejemplo.com,Premium,2023-09-03
C01811,Héctor,García,74,Monterrey,NL,México,hector.garcia1811@ejemplo.com,Premium,2023-09-04
C01812,Héctor,Ruiz,65,Ciudad de México,CDMX,México,hector.ruiz1812@ejemplo.com,Premium,2023-09-04
C01813,José,Ramírez,35,León,GTO,México,jose.ramirez1813@ejemplo.com,Standard,2023-09-04
C01814,Luis,Torres,28,León,GTO,México,luis.torres1814@ejemplo.com,Standard,2023-09-04
C01815,María,Rodríguez,35,Cancún,QROO,México,maria.rodriguez1815@ejemplo.com,Frecuente,2023-09-04
C01816,Sofía,Torres,59,Ciudad de México,CDMX,México,sofia.torres1816@ejemplo.com,Premium,2023-09-04
C01817,Gabriela,Ramírez,68,Toluca,MEX,México,gabriela.ramirez1817@ejemplo.com,Standard,2023-09-06
C01818,Luis,García,69,Toluca,MEX,México,luis.garcia1818@ejemplo.com,Standard,2023-09-06
C01819,Andrés,Ortiz,57,Veracruz,VER,México,andres.ortiz1819@ejemplo.com,Standard,2023-09-06
C01820,Diego,Rodríguez,57,Veracruz,VER,México,diego.rodriguez1820@ejemplo.com,Standard,2023-09-06
C01821,Paola,Morales,73,Puebla,PUE,México,paola.morales1821@ejemplo.com,Standard,2023-09-07
C01822,Daniela,Jiménez,57,León,GTO,México,daniela.jimenez1822@ejemplo.com,Standard,2023-09-07
C01823,Mariana,Ramírez,26,Tijuana,BC,México,mariana.ramirez1823@ejemplo.com,Frecuente,2023-09-07
C01824,Diego,Rodríguez,47,Cancún,QROO,México,diego.rodriguez1824@ejemplo.com,Premium,2023-09-07
C01825,Luis,Ramírez,38,Puebla,PUE,México,luis.ramirez1825@ejemplo.com,Standard,2023-09-07
C01826,Luis,Flores,54,Cancún,QROO,México,luis.flores1826@ejemplo.com,Standard,2023-09-08
C01827,Luis,Ramírez,54,Veracruz,VER,México,luis.ramirez1827@ejemplo.com,Premium,2023-09-08
C01828,Laura,García,35,Cancún,QROO,México,laura.garcia1828@ejemplo.com,Premium,2023-09-08
C01829,Fernanda,Torres,35,Veracruz,VER,México,fernanda.torres1829@ejemplo.com,Frecuente,2023-09-09
C01830,Sofía,García,23,Veracruz,VER,México,sofia.garcia1830@ejemplo.com,Premium,2023-09-09
C01831,Jorge,Ramírez,35,Guadalajara,JAL,México,jorge.ramirez1831@ejemplo.com,Premium,2023-09-09
C01832,Ana,Ramírez,66,Veracruz,VER,México,ana.ramirez1832@ejemplo.com,Standard,2023-09-10
C01833,José,Torres,55,Toluca,MEX,México,jose.torres1833@ejemplo.com,Premium,2023-09-11
C01834,Jorge,Ortiz,72,Querétaro,QRO,México,jorge.ortiz1834@ejemplo.com,Premium,2023-09-11
C01835,Laura,Ruiz,71,Cancún,QROO,México,laura.ruiz1835@ejemplo.com,Premium,2023-09-12
C01836,Paola,Ortiz,67,Cancún,QROO,México,paola.ortiz1836@ejemplo.com,Premium,2023-09-12
C01837,Andrés,Ortiz,28,Toluca,MEX,México,andres.ortiz1837@ejemplo.com,Premium,2023-09-12
C01838,Laura,Ruiz,37,Toluca,MEX,México,laura.ruiz1838@ejemplo.com,Frecuente,2023-09-13
C01839,Laura,Castillo,21,Guadalajara,JAL,México,laura.castillo1839@ejemplo.com,Premium,2023-09-13
C01840,Gabriela,García,23,Ciudad de México,CDMX,México,gabriela.garcia1840@ejemplo.com,Premium,2023-09-13
C01841,Sofía,Flores,31,Monterrey,NL,México,sofia.flores1841@ejemplo.com,Standard,2023-09-14
C01842,Gabriela,Gómez,34,Mérida,YUC,México,gabriela.gomez1842@ejemplo.com,Premium,2023-09-14
C01843,Fernanda,Morales,18,Chihuahua,CHIH,México,fernanda.morales1843@ejemplo.com,Premium,2023-09-15
C01844,Carlos,Martínez,66,Cancún,QROO,México,carlos.martinez1844@ejemplo.com,Premium,2023-09-15
C01845,Sofía,Rodríguez,48,Guadalajara,JAL,México,sofia.rodriguez1845@ejemplo.com,Premium,2023-09-15
C01846,Daniela,Morales,56,León,GTO,México,daniela.morales1846@ejemplo.com,Premium,2023-09-15
C01847,Diego,Cruz,55,Querétaro,QRO,México,diego.cruz1847@ejemplo.com,Premium,2023-09-15
C01848,José,López,74,Tijuana,BC,México,jose.lopez1848@ejemplo.com,Frecuente,2023-09-16
C01849,Carlos,López,26,Toluca,MEX,México,carlos.lopez1849@ejemplo.com,Frecuente,2023-09-16
C01850,Ricardo,Ramírez,37,Puebla,PUE,México,ricardo.ramirez1850@ejemplo.com,Frecuente,2023-09-16
C01851,María,Gómez,35,Cancún,QROO,México,maria.gomez1851@ejemplo.com,Premium,2023-09-16
C01852,Luis,Sánchez,49,Monterrey,NL,México,luis.sanchez1852@ejemplo.com,Standard,2023-09-17
C01853,Daniela,Flores,48,Tijuana,BC,México,daniela.flores1853@ejemplo.com,Standard,2023-09-17
C01854,Laura,Cruz,63,Mérida,YUC,México,laura.cruz1854@ejemplo.com,Premium,2023-09-18
C01855,Gabriela,Morales,50,Cancún,QROO,México,gabriela.morales1855@ejemplo.com,Frecuente,2023-09-18
C01856,Gabriela,Cruz,31,Veracruz,VER,México,gabriela.cruz1856@ejemplo.com,Standard,2023-09-19
C01857,Daniela,Torres,50,Puebla,PUE,México,daniela.torres1857@ejemplo.com,Premium,2023-09-19
C01858,Alejandro,Ruiz,73,Chihuahua,CHIH,México,alejandro.ruiz1858@ejemplo.com,Frecuente,2023-09-20
C01859,José,Castillo,51,Toluca,MEX,México,jose.castillo1859@ejemplo.com,Premium,2023-09-20
C01860,Héctor,Martínez,52,Tijuana,BC,México,hector.martinez1860@ejemplo.com,Standard,2023-09-20
C01861,Andrés,Rodríguez,28,Guadalajara,JAL,México,andres.rodriguez1861@ejemplo.com,Premium,2023-09-20
C01862,Valeria,Jiménez,18,Puebla,PUE,México,valeria.jimenez1862@ejemplo.com,Premium,2023-09-20
C01863,Ricardo,Torres,30,Cancún,QROO,México,ricardo.torres1863@ejemplo.com,Frecuente,2023-09-20
C01864,Valeria,Castillo,19,Toluca,MEX,México,valeria.castillo1864@ejemplo.com,Standard,2023-09-21
C01865,Alejandro,Ruiz,44,Cancún,QROO,México,alejandro.ruiz1865@ejemplo.com,Premium,2023-09-21
C01866,Mariana,López,69,León,GTO,México,mariana.lopez1866@ejemplo.com,Standard,2023-09-21
C01867,José,Ramírez,43,Guadalajara,JAL,México,jose.ramirez1867@ejemplo.com,Frecuente,2023-09-21
C01868,Ana,Castillo,55,Mérida,YUC,México,ana.castillo1868@ejemplo.com,Frecuente,2023-09-21
C01869,Andrés,Reyes,67,Chihuahua,CHIH,México,andres.reyes1869@ejemplo.com,Frecuente,2023-09-22
C01870,Laura,García,62,Tijuana,BC,México,laura.garcia1870@ejemplo.com,Frecuente,2023-09-23
C01871,Ricardo,Castillo,55,Chihuahua,CHIH,México,ricardo.castillo1871@ejemplo.com,Standard,2023-09-23
C01872,Valeria,Ramírez,63,Guadalajara,JAL,México,valeria.ramirez1872@ejemplo.com,Premium,2023-09-23
C01873,Mariana,Martínez,34,Veracruz,VER,México,mariana.martinez1873@ejemplo.com,Frecuente,2023-09-23
C01874,Carlos,Castillo,42,Toluca,MEX,México,carlos.castillo1874@ejemplo.com,Premium,2023-09-23
C01875,José,Ramírez,41,Cancún,QROO,México,jose.ramirez1875@ejemplo.com,Premium,2023-09-23
C01876,Carlos,Hernández,64,Cancún,QROO,México,carlos.hernandez1876@ejemplo.com,Premium,2023-09-24
C01877,José,Torres,41,Veracruz,VER,México,jose.torres1877@ejemplo.com,Premium,2023-09-24
C01878,Miguel,Vargas,72,Tijuana,BC,México,miguel.vargas1878@ejemplo.com,Standard,2023-09-24
C01879,Valeria,Jiménez,28,Guadalajara,JAL,México,valeria.jimenez1879@ejemplo.com,Frecuente,2023-09-25
C01880,Valeria,Cruz,27,Veracruz,VER,México,valeria.cruz1880@ejemplo.com,Standard,2023-09-25
C01881,Carlos,Castillo,59,Guadalajara,JAL,México,carlos.castillo1881@ejemplo.com,Standard,2023-09-26
C01882,Sofía,Vargas,62,Cancún,QROO,México,sofia.vargas1882@ejemplo.com,Premium,2023-09-26
C01883,Paola,Torres,57,Puebla,PUE,México,paola.torres1883@ejemplo.com,Standard,2023-09-26
C01884,Ricardo,Ramírez,35,Veracruz,VER,México,ricardo.ramirez1884@ejemplo.com,Premium,2023-09-27
C01885,Miguel,Ortiz,18,Veracruz,VER,México,miguel.ortiz1885@ejemplo.com,Premium,2023-09-27
C01886,Miguel,Rodríguez,36,Querétaro,QRO,México,miguel.rodriguez1886@ejemplo.com,Standard,2023-09-28
C01887,Gabriela,Hernández,45,Mérida,YUC,México,gabriela.hernandez1887@ejemplo.com,Standard,2023-09-28
C01888,María,Cruz,41,Querétaro,QRO,México,maria.cruz1888@ejemplo.com,Premium,2023-09-28
C01889,Diego,Ruiz,71,Querétaro,QRO,México,diego.ruiz1889@ejemplo.com,Premium,2023-09-28
C01890,Gabriela,Martínez,68,Veracruz,VER,México,gabriela.martinez1890@ejemplo.com,Premium,2023-09-29
C01891,Diego,Gómez,62,Puebla,PUE,México,diego.gomez1891@ejemplo.com,Standard,2023-09-29
C01892,Carlos,García,19,Veracruz,VER,México,carlos.garcia1892@ejemplo.com,Premium,2023-09-29
C01893,Miguel,Sánchez,25,Cancún,QROO,México,miguel.sanchez1893@ejemplo.com,Premium,2023-09-30
C01894,Daniela,Reyes,43,Veracruz,VER,México,daniela.reyes1894@ejemplo.com,Frecuente,2023-10-01
C01895,Daniela,Flores,54,Cancún,QROO,México,daniela.flores1895@ejemplo.com,Standard,2023-10-02
C01896,Paola,Vargas,57,Toluca,MEX,México,paola.vargas1896@ejemplo.com,Premium,2023-10-02
C01897,Sofía,Flores,35,Querétaro,QRO,México,sofia.flores1897@ejemplo.com,Standard,2023-10-03
C01898,Carlos,Hernández,24,Querétaro,QRO,México,carlos.hernandez1898@ejemplo.com,Premium,2023-10-03
C01899,Alejandro,Ortiz,37,Puebla,PUE,México,alejandro.ortiz1899@ejemplo.com,Premium,2023-10-03
C01900,Héctor,Vargas,63,Monterrey,NL,México,hector.vargas1900@ejemplo.com,Standard,2023-10-04
C01901,Miguel,Mendoza,75,Ciudad de México,CDMX,México,miguel.mendoza1901@ejemplo.com,Premium,2023-10-04
C01902,Daniela,López,72,Tijuana,BC,México,daniela.lopez1902@ejemplo.com,Premium,2023-10-05
C01903,Héctor,Castillo,52,Veracruz,VER,México,hector.castillo1903@ejemplo.com,Frecuente,2023-10-05
C01904,Valeria,Gómez,23,Veracruz,VER,México,valeria.gomez1904@ejemplo.com,Standard,2023-10-06
C01905,Jorge,Flores,74,León,GTO,México,jorge.flores1905@ejemplo.com,Frecuente,2023-10-06
C01906,Miguel,Gómez,26,Tijuana,BC,México,miguel.gomez1906@ejemplo.com,Frecuente,2023-10-06
C01907,Miguel,Cruz,33,Mérida,YUC,México,miguel.cruz1907@ejemplo.com,Premium,2023-10-06
C01908,Miguel,Martínez,74,Toluca,MEX,México,miguel.martinez1908@ejemplo.com,Standard,2023-10-07
C01909,Ricardo,Flores,47,Ciudad de México,CDMX,México,ricardo.flores1909@ejemplo.com,Premium,2023-10-07
C01910,Mariana,Pérez,29,Veracruz,VER,México,mariana.perez1910@ejemplo.com,Standard,2023-10-07
C01911,Jorge,Castillo,47,Chihuahua,CHIH,México,jorge.castillo1911@ejemplo.com,Premium,2023-10-07
C01912,Paola,Torres,22,Veracruz,VER,México,paola.torres1912@ejemplo.com,Premium,2023-10-07
C01913,Sofía,Cruz,36,Guadalajara,JAL,México,sofia.cruz1913@ejemplo.com,Premium,2023-10-08
C01914,Alejandro,Flores,73,Veracruz,VER,México,alejandro.flores1914@ejemplo.com,Standard,2023-10-08
C01915,Ricardo,Reyes,35,Cancún,QROO,México,ricardo.reyes1915@ejemplo.com,Premium,2023-10-08
C01916,Alejandro,Reyes,69,Mérida,YUC,México,alejandro.reyes1916@ejemplo.com,Standard,2023-10-09
C01917,Miguel,Pérez,49,Monterrey,NL,México,miguel.perez1917@ejemplo.com,Frecuente,2023-10-09
C01918,Miguel,Vargas,56,Querétaro,QRO,México,miguel.vargas1918@ejemplo.com,Standard,2023-10-09
C01919,Laura,López,58,Tijuana,BC,México,laura.lopez1919@ejemplo.com,Premium,2023-10-10
C01920,Paola,López,49,Veracruz,VER,México,paola.lopez1920@ejemplo.com,Premium,2023-10-10
C01921,Sofía,Ruiz,19,Tijuana,BC,México,sofia.ruiz1921@ejemplo.com,Frecuente,2023-10-11
C01922,Fernanda,Martínez,71,Monterrey,NL,México,fernanda.martinez1922@ejemplo.com,Standard,2023-10-12
C01923,Fernanda,Reyes,45,Veracruz,VER,México,fernanda.reyes1923@ejemplo.com,Premium,2023-10-13
C01924,Paola,Sánchez,56,Monterrey,NL,México,paola.sanchez1924@ejemplo.com,Frecuente,2023-10-13
C01925,Carlos,Jiménez,50,Chihuahua,CHIH,México,carlos.jimenez1925@ejemplo.com,Premium,2023-10-13
C01926,Miguel,Gómez,56,Veracruz,VER,México,miguel.gomez1926@ejemplo.com,Premium,2023-10-14
C01927,María,Sánchez,38,Puebla,PUE,México,maria.sanchez1927@ejemplo.com,Premium,2023-10-14
C01928,Sofía,López,66,León,GTO,México,sofia.lopez1928@ejemplo.com,Premium,2023-10-14
C01929,Andrés,Jiménez,31,Toluca,MEX,México,andres.jimenez1929@ejemplo.com,Premium,2023-10-14
C01930,Paola,Vargas,55,Mérida,YUC,México,paola.vargas1930@ejemplo.com,Standard,2023-10-15
C01931,Laura,Castillo,51,León,GTO,México,laura.castillo1931@ejemplo.com,Premium,2023-10-15
C01932,Paola,Castillo,47,Guadalajara,JAL,México,paola.castillo1932@ejemplo.com,Standard,2023-10-15
C01933,Laura,Reyes,19,Mérida,YUC,México,laura.reyes1933@ejemplo.com,Standard,2023-10-15
C01934,Jorge,Ortiz,40,Mérida,YUC,México,jorge.ortiz1934@ejemplo.com,Frecuente,2023-10-16
C01935,María,Rodríguez,20,Mérida,YUC,México,maria.rodriguez1935@ejemplo.com,Premium,2023-10-16
C01936,Carlos,García,47,Veracruz,VER,México,carlos.garcia1936@ejemplo.com,Standard,2023-10-16
C01937,Fernanda,López,57,Toluca,MEX,México,fernanda.lopez1937@ejemplo.com,Premium,2023-10-16
C01938,Carlos,Torres,48,Cancún,QROO,México,carlos.torres1938@ejemplo.com,Standard,2023-10-17
C01939,Paola,Torres,61,Tijuana,BC,México,paola.torres1939@ejemplo.com,Premium,2023-10-17
C01940,Mariana,Ortiz,38,Tijuana,BC,México,mariana.ortiz1940@ejemplo.com,Standard,2023-10-17
C01941,Héctor,García,35,Ciudad de México,CDMX,México,hector.garcia1941@ejemplo.com,Premium,2023-10-18
C01942,José,Hernández,43,Mérida,YUC,México,jose.hernandez1942@ejemplo.com,Standard,2023-10-19
C01943,Luis,Hernández,31,Puebla,PUE,México,luis.hernandez1943@ejemplo.com,Premium,2023-10-19
C01944,José,Martínez,64,Chihuahua,CHIH,México,jose.martinez1944@ejemplo.com,Premium,2023-10-19
C01945,Paola,Morales,64,Toluca,MEX,México,paola.morales1945@ejemplo.com,Standard,2023-10-20
C01946,Valeria,Flores,42,Chihuahua,CHIH,México,valeria.flores1946@ejemplo.com,Premium,2023-10-21
C01947,Fernanda,Gómez,63,Veracruz,VER,México,fernanda.gomez1947@ejemplo.com,Standard,2023-10-22
C01948,José,Jiménez,19,Tijuana,BC,México,jose.jimenez1948@ejemplo.com,Standard,2023-10-22
C01949,María,Sánchez,26,Querétaro,QRO,México,maria.sanchez1949@ejemplo.com,Standard,2023-10-22
C01950,Valeria,Jiménez,34,Cancún,QROO,México,valeria.jimenez1950@ejemplo.com,Standard,2023-10-22
C01951,Daniela,Vargas,40,Querétaro,QRO,México,daniela.vargas1951@ejemplo.com,Standard,2023-10-23
C01952,José,Castillo,31,Puebla,PUE,México,jose.castillo1952@ejemplo.com,Frecuente,2023-10-24
C01953,Héctor,Vargas,47,León,GTO,México,hector.vargas1953@ejemplo.com,Premium,2023-10-24
C01954,Héctor,Ortiz,64,Querétaro,QRO,México,hector.ortiz1954@ejemplo.com,Standard,2023-10-25
C01955,José,Hernández,44,Veracruz,VER,México,jose.hernandez1955@ejemplo.com,Standard,2023-10-25
C01956,Alejandro,López,44,Monterrey,NL,México,alejandro.lopez1956@ejemplo.com,Premium,2023-10-25
C01957,Ricardo,Cruz,21,Querétaro,QRO,México,ricardo.cruz1957@ejemplo.com,Premium,2023-10-25
C01958,Alejandro,Sánchez,34,Mérida,YUC,México,alejandro.sanchez1958@ejemplo.com,Premium,2023-10-26
C01959,Sofía,Martínez,64,Chihuahua,CHIH,México,sofia.martinez1959@ejemplo.com,Standard,2023-10-27
C01960,Valeria,Vargas,65,Mérida,YUC,México,valeria.vargas1960@ejemplo.com,Premium,2023-10-27
C01961,Sofía,Mendoza,24,Ciudad de México,CDMX,México,sofia.mendoza1961@ejemplo.com,Standard,2023-10-28
C01962,José,Flores,19,Tijuana,BC,México,jose.flores1962@ejemplo.com,Standard,2023-10-28
C01963,Carlos,Rodríguez,66,Chihuahua,CHIH,México,carlos.rodriguez1963@ejemplo.com,Standard,2023-10-28
C01964,Andrés,Flores,28,Puebla,PUE,México,andres.flores1964@ejemplo.com,Premium,2023-10-29
C01965,Laura,García,51,Tijuana,BC,México,laura.garcia1965@ejemplo.com,Standard,2023-10-29
C01966,Héctor,Cruz,65,Guadalajara,JAL,México,hector.cruz1966@ejemplo.com,Standard,2023-10-29
C01967,Alejandro,Torres,63,León,GTO,México,alejandro.torres1967@ejemplo.com,Premium,2023-10-29
C01968,Valeria,López,49,Guadalajara,JAL,México,valeria.lopez1968@ejemplo.com,Premium,2023-10-30
C01969,Luis,Torres,39,Tijuana,BC,México,luis.torres1969@ejemplo.com,Premium,2023-10-30
C01970,Daniela,Vargas,62,León,GTO,México,daniela.vargas1970@ejemplo.com,Frecuente,2023-10-30
C01971,Ricardo,Vargas,58,Chihuahua,CHIH,México,ricardo.vargas1971@ejemplo.com,Premium,2023-10-30
C01972,Andrés,Hernández,66,Monterrey,NL,México,andres.hernandez1972@ejemplo.com,Premium,2023-10-30
C01973,Ana,Ramírez,47,Puebla,PUE,México,ana.ramirez1973@ejemplo.com,Premium,2023-10-30
C01974,Daniela,Martínez,72,Guadalajara,JAL,México,daniela.martinez1974@ejemplo.com,Premium,2023-10-30
C01975,Carlos,Pérez,62,Querétaro,QRO,México,carlos.perez1975@ejemplo.com,Premium,2023-10-31
C01976,Andrés,Hernández,21,Veracruz,VER,México,andres.hernandez1976@ejemplo.com,Standard,2023-10-31
C01977,Paola,Flores,35,Puebla,PUE,México,paola.flores1977@ejemplo.com,Standard,2023-11-01
C01978,Ana,Jiménez,64,Puebla,PUE,México,ana.jimenez1978@ejemplo.com,Frecuente,2023-11-01
C01979,Jorge,Jiménez,24,Tijuana,BC,México,jorge.jimenez1979@ejemplo.com,Premium,2023-11-01
C01980,Fernanda,Gómez,59,Chihuahua,CHIH,México,fernanda.gomez1980@ejemplo.com,Standard,2023-11-02
C01981,Sofía,Torres,37,Mérida,YUC,México,sofia.torres1981@ejemplo.com,Standard,2023-11-02
C01982,Valeria,Rodríguez,30,Cancún,QROO,México,valeria.rodriguez1982@ejemplo.com,Standard,2023-11-02
C01983,Mariana,Gómez,49,Toluca,MEX,México,mariana.gomez1983@ejemplo.com,Frecuente,2023-11-02
C01984,Miguel,Vargas,72,León,GTO,México,miguel.vargas1984@ejemplo.com,Premium,2023-11-02
C01985,Mariana,Vargas,70,Cancún,QROO,México,mariana.vargas1985@ejemplo.com,Standard,2023-11-03
C01986,Gabriela,Jiménez,41,Mérida,YUC,México,gabriela.jimenez1986@ejemplo.com,Standard,2023-11-03
C01987,Luis,Gómez,18,Mérida,YUC,México,luis.gomez1987@ejemplo.com,Premium,2023-11-03
C01988,Jorge,Mendoza,69,Monterrey,NL,México,jorge.mendoza1988@ejemplo.com,Standard,2023-11-03
C01989,María,Jiménez,70,Tijuana,BC,México,maria.jimenez1989@ejemplo.com,Premium,2023-11-03
C01990,Diego,Ramírez,53,Chihuahua,CHIH,México,diego.ramirez1990@ejemplo.com,Premium,2023-11-05
C01991,Valeria,Reyes,54,Ciudad de México,CDMX,México,valeria.reyes1991@ejemplo.com,Standard,2023-11-05
C01992,Héctor,Hernández,48,Toluca,MEX,México,hector.hernandez1992@ejemplo.com,Standard,2023-11-05
C01993,Ana,Ortiz,18,Mérida,YUC,México,ana.ortiz1993@ejemplo.com,Frecuente,2023-11-06
C01994,Andrés,Ramírez,27,Tijuana,BC,México,andres.ramirez1994@ejemplo.com,Frecuente,2023-11-07
C01995,Andrés,Mendoza,26,Guadalajara,JAL,México,andres.mendoza1995@ejemplo.com,Premium,2023-11-07
C01996,Paola,Cruz,71,Toluca,MEX,México,paola.cruz1996@ejemplo.com,Standard,2023-11-07
C01997,Carlos,Reyes,20,Ciudad de México,CDMX,México,carlos.reyes1997@ejemplo.com,Frecuente,2023-11-07
C01998,María,Ruiz,50,Mérida,YUC,México,maria.ruiz1998@ejemplo.com,Premium,2023-11-07
C01999,José,Hernández,39,Guadalajara,JAL,México,jose.hernandez1999@ejemplo.com,Standard,2023-11-09
C02000,Gabriela,Cruz,18,Chihuahua,CHIH,México,gabriela.cruz2000@ejemplo.com,Frecuente,2023-11-09
C02001,Alejandro,Flores,71,Monterrey,NL,México,alejandro.flores2001@ejemplo.com,Premium,2023-11-09
C02002,José,Gómez,19,Toluca,MEX,México,jose.gomez2002@ejemplo.com,Frecuente,2023-11-10
C02003,Mariana,Reyes,67,Mérida,YUC,México,mariana.reyes2003@ejemplo.com,Standard,2023-11-11
C02004,Valeria,Rodríguez,63,Ciudad de México,CDMX,México,valeria.rodriguez2004@ejemplo.com,Frecuente,2023-11-11
C02005,María,Ramírez,64,León,GTO,México,maria.ramirez2005@ejemplo.com,Standard,2023-11-12
C02006,Miguel,Ramírez,27,Chihuahua,CHIH,México,miguel.ramirez2006@ejemplo.com,Standard,2023-11-12
C02007,Jorge,Ramírez,69,Monterrey,NL,México,jorge.ramirez2007@ejemplo.com,Standard,2023-11-12
C02008,Jorge,Sánchez,52,Veracruz,VER,México,jorge.sanchez2008@ejemplo.com,Premium,2023-11-13
C02009,Mariana,Flores,41,Toluca,MEX,México,mariana.flores2009@ejemplo.com,Standard,2023-11-13
C02010,Andrés,Reyes,57,León,GTO,México,andres.reyes2010@ejemplo.com,Frecuente,2023-11-13
C02011,Miguel,Rodríguez,37,Tijuana,BC,México,miguel.rodriguez2011@ejemplo.com,Frecuente,2023-11-14
C02012,Valeria,Gómez,34,Guadalajara,JAL,México,valeria.gomez2012@ejemplo.com,Frecuente,2023-11-14
C02013,Andrés,Torres,34,Querétaro,QRO,México,andres.torres2013@ejemplo.com,Standard,2023-11-14
C02014,Fernanda,Vargas,51,Toluca,MEX,México,fernanda.vargas2014@ejemplo.com,Standard,2023-11-14
C02015,José,Jiménez,52,Cancún,QROO,México,jose.jimenez2015@ejemplo.com,Standard,2023-11-15
C02016,Héctor,Ruiz,31,Cancún,QROO,México,hector.ruiz2016@ejemplo.com,Standard,2023-11-15
C02017,Jorge,Hernández,32,Toluca,MEX,México,jorge.hernandez2017@ejemplo.com,Standard,2023-11-15
C02018,Daniela,Ortiz,72,Tijuana,BC,México,daniela.ortiz2018@ejemplo.com,Premium,2023-11-15
C02019,Fernanda,Reyes,47,Ciudad de México,CDMX,México,fernanda.reyes2019@ejemplo.com,Premium,2023-11-16
C02020,Sofía,Ruiz,67,Chihuahua,CHIH,México,sofia.ruiz2020@ejemplo.com,Standard,2023-11-16
C02021,Luis,Hernández,37,Cancún,QROO,México,luis.hernandez2021@ejemplo.com,Premium,2023-11-16
C02022,Mariana,Ortiz,34,Mérida,YUC,México,mariana.ortiz2022@ejemplo.com,Premium,2023-11-16
C02023,Jorge,Jiménez,34,Mérida,YUC,México,jorge.jimenez2023@ejemplo.com,Premium,2023-11-16
C02024,Andrés,Morales,48,Chihuahua,CHIH,México,andres.morales2024@ejemplo.com,Standard,2023-11-16
C02025,Diego,Mendoza,63,Toluca,MEX,México,diego.mendoza2025@ejemplo.com,Frecuente,2023-11-17
C02026,Mariana,Martínez,47,León,GTO,México,mariana.martinez2026@ejemplo.com,Standard,2023-11-17
C02027,Ana,Sánchez,35,Toluca,MEX,México,ana.sanchez2027@ejemplo.com,Frecuente,2023-11-17
C02028,Mariana,Torres,73,Puebla,PUE,México,mariana.torres2028@ejemplo.com,Frecuente,2023-11-17
C02029,José,Flores,51,León,GTO,México,jose.flores2029@ejemplo.com,Premium,2023-11-17
C02030,Alejandro,Rodríguez,40,Veracruz,VER,México,alejandro.rodriguez2030@ejemplo.com,Premium,2023-11-18
C02031,Gabriela,Morales,18,Monterrey,NL,México,gabriela.morales2031@ejemplo.com,Premium,2023-11-18
C02032,Paola,Reyes,50,Mérida,YUC,México,paola.reyes2032@ejemplo.com,Premium,2023-11-19
C02033,Alejandro,Jiménez,54,León,GTO,México,alejandro.jimenez2033@ejemplo.com,Standard,2023-11-20
C02034,Jorge,Sánchez,71,Mérida,YUC,México,jorge.sanchez2034@ejemplo.com,Premium,2023-11-20
C02035,Héctor,Pérez,31,Veracruz,VER,México,hector.perez2035@ejemplo.com,Frecuente,2023-11-22
C02036,Ricardo,Cruz,27,Tijuana,BC,México,ricardo.cruz2036@ejemplo.com,Standard,2023-11-23
C02037,Laura,Flores,75,Monterrey,NL,México,laura.flores2037@ejemplo.com,Premium,2023-11-23
C02038,Luis,Morales,49,Guadalajara,JAL,México,luis.morales2038@ejemplo.com,Frecuente,2023-11-24
C02039,Héctor,Morales,19,Chihuahua,CHIH,México,hector.morales2039@ejemplo.com,Frecuente,2023-11-24
C02040,Paola,Mendoza,24,León,GTO,México,paola.mendoza2040@ejemplo.com,Standard,2023-11-24
C02041,Luis,Gómez,45,Mérida,YUC,México,luis.gomez2041@ejemplo.com,Standard,2023-11-24
C02042,Luis,Jiménez,53,Querétaro,QRO,México,luis.jimenez2042@ejemplo.com,Frecuente,2023-11-25
C02043,Jorge,Flores,32,Tijuana,BC,México,jorge.flores2043@ejemplo.com,Standard,2023-11-25
C02044,Gabriela,Ruiz,39,Veracruz,VER,México,gabriela.ruiz2044@ejemplo.com,Frecuente,2023-11-25
C02045,Héctor,Morales,60,León,GTO,México,hector.morales2045@ejemplo.com,Premium,2023-11-26
C02046,Diego,Rodríguez,74,Veracruz,VER,México,diego.rodriguez2046@ejemplo.com,Standard,2023-11-26
C02047,Valeria,Torres,46,Toluca,MEX,México,valeria.torres2047@ejemplo.com,Standard,2023-11-26
C02048,María,Ruiz,42,Toluca,MEX,México,maria.ruiz2048@ejemplo.com,Premium,2023-11-26
C02049,Paola,Rodríguez,38,Mérida,YUC,México,paola.rodriguez2049@ejemplo.com,Premium,2023-11-26
C02050,Luis,Cruz,25,Monterrey,NL,México,luis.cruz2050@ejemplo.com,Premium,2023-11-27
C02051,Mariana,Rodríguez,21,Cancún,QROO,México,mariana.rodriguez2051@ejemplo.com,Premium,2023-11-27
C02052,José,Ruiz,66,León,GTO,México,jose.ruiz2052@ejemplo.com,Premium,2023-11-27
C02053,Daniela,Ortiz,20,Mérida,YUC,México,daniela.ortiz2053@ejemplo.com,Premium,2023-11-27
C02054,Diego,Sánchez,65,Ciudad de México,CDMX,México,diego.sanchez2054@ejemplo.com,Standard,2023-11-28
C02055,Alejandro,Morales,32,Veracruz,VER,México,alejandro.morales2055@ejemplo.com,Standard,2023-11-28
C02056,Ricardo,Rodríguez,58,Toluca,MEX,México,ricardo.rodriguez2056@ejemplo.com,Standard,2023-11-28
C02057,María,Ramírez,73,Tijuana,BC,México,maria.ramirez2057@ejemplo.com,Premium,2023-11-29
C02058,Héctor,Mendoza,61,Querétaro,QRO,México,hector.mendoza2058@ejemplo.com,Frecuente,2023-11-29
C02059,Mariana,Castillo,60,Guadalajara,JAL,México,mariana.castillo2059@ejemplo.com,Premium,2023-11-29
C02060,Fernanda,Sánchez,33,Veracruz,VER,México,fernanda.sanchez2060@ejemplo.com,Premium,2023-11-29
C02061,Fernanda,Pérez,52,Monterrey,NL,México,fernanda.perez2061@ejemplo.com,Standard,2023-11-30
C02062,Miguel,Hernández,55,Tijuana,BC,México,miguel.hernandez2062@ejemplo.com,Frecuente,2023-12-01
C02063,Mariana,Martínez,42,Querétaro,QRO,México,mariana.martinez2063@ejemplo.com,Frecuente,2023-12-01
C02064,Miguel,Gómez,20,Puebla,PUE,México,miguel.gomez2064@ejemplo.com,Standard,2023-12-01
C02065,Miguel,García,70,Cancún,QROO,México,miguel.garcia2065@ejemplo.com,Standard,2023-12-02
C02066,Fernanda,Rodríguez,29,Veracruz,VER,México,fernanda.rodriguez2066@ejemplo.com,Standard,2023-12-02
C02067,Miguel,García,74,Chihuahua,CHIH,México,miguel.garcia2067@ejemplo.com,Standard,2023-12-02
C02068,Ricardo,Martínez,72,Mérida,YUC,México,ricardo.martinez2068@ejemplo.com,Premium,2023-12-03
C02069,Jorge,Mendoza,19,Guadalajara,JAL,México,jorge.mendoza2069@ejemplo.com,Premium,2023-12-03
C02070,Andrés,Jiménez,60,Chihuahua,CHIH,México,andres.jimenez2070@ejemplo.com,Frecuente,2023-12-03
C02071,Sofía,Hernández,54,Puebla,PUE,México,sofia.hernandez2071@ejemplo.com,Frecuente,2023-12-03
C02072,Paola,Ruiz,31,Chihuahua,CHIH,México,paola.ruiz2072@ejemplo.com,Premium,2023-12-04
C02073,Jorge,Gómez,65,Tijuana,BC,México,jorge.gomez2073@ejemplo.com,Premium,2023-12-04
C02074,Ana,Mendoza,24,Mérida,YUC,México,ana.mendoza2074@ejemplo.com,Premium,2023-12-04
C02075,Andrés,Sánchez,32,Querétaro,QRO,México,andres.sanchez2075@ejemplo.com,Standard,2023-12-04
C02076,Valeria,García,73,Querétaro,QRO,México,valeria.garcia2076@ejemplo.com,Premium,2023-12-05
C02077,Héctor,Morales,61,Guadalajara,JAL,México,hector.morales2077@ejemplo.com,Standard,2023-12-05
C02078,Ricardo,Castillo,24,Mérida,YUC,México,ricardo.castillo2078@ejemplo.com,Premium,2023-12-05
C02079,Ana,Cruz,26,Tijuana,BC,México,ana.cruz2079@ejemplo.com,Premium,2023-12-05
C02080,Carlos,Pérez,32,Chihuahua,CHIH,México,carlos.perez2080@ejemplo.com,Premium,2023-12-05
C02081,Carlos,Pérez,22,Querétaro,QRO,México,carlos.perez2081@ejemplo.com,Standard,2023-12-06
C02082,Gabriela,Gómez,28,Veracruz,VER,México,gabriela.gomez2082@ejemplo.com,Premium,2023-12-06
C02083,Andrés,Ortiz,51,Puebla,PUE,México,andres.ortiz2083@ejemplo.com,Standard,2023-12-06
C02084,Luis,Martínez,18,Puebla,PUE,México,luis.martinez2084@ejemplo.com,Standard,2023-12-07
C02085,Luis,Ortiz,34,Ciudad de México,CDMX,México,luis.ortiz2085@ejemplo.com,Standard,2023-12-07
C02086,Gabriela,Ortiz,36,León,GTO,México,gabriela.ortiz2086@ejemplo.com,Premium,2023-12-07
C02087,José,Cruz,74,Ciudad de México,CDMX,México,jose.cruz2087@ejemplo.com,Standard,2023-12-07
C02088,Ana,Jiménez,74,Puebla,PUE,México,ana.jimenez2088@ejemplo.com,Premium,2023-12-07
C02089,Diego,Ortiz,67,Chihuahua,CHIH,México,diego.ortiz2089@ejemplo.com,Standard,2023-12-07
C02090,Carlos,Flores,37,Cancún,QROO,México,carlos.flores2090@ejemplo.com,Standard,2023-12-07
C02091,Daniela,Gómez,48,Mérida,YUC,México,daniela.gomez2091@ejemplo.com,Frecuente,2023-12-08
C02092,Fernanda,Hernández,47,Toluca,MEX,México,fernanda.hernandez2092@ejemplo.com,Frecuente,2023-12-08
C02093,José,Cruz,67,Toluca,MEX,México,jose.cruz2093@ejemplo.com,Standard,2023-12-08
C02094,Fernanda,Hernández,61,Chihuahua,CHIH,México,fernanda.hernandez2094@ejemplo.com,Frecuente,2023-12-09
C02095,Mariana,Ramírez,70,Cancún,QROO,México,mariana.ramirez2095@ejemplo.com,Premium,2023-12-09
C02096,Mariana,Reyes,49,Querétaro,QRO,México,mariana.reyes2096@ejemplo.com,Standard,2023-12-09
C02097,Ricardo,López,71,Guadalajara,JAL,México,ricardo.lopez2097@ejemplo.com,Premium,2023-12-10
C02098,Diego,García,61,Tijuana,BC,México,diego.garcia2098@ejemplo.com,Premium,2023-12-10
C02099,Ana,Pérez,60,León,GTO,México,ana.perez2099@ejemplo.com,Standard,2023-12-10
C02100,Gabriela,Flores,56,Puebla,PUE,México,gabriela.flores2100@ejemplo.com,Standard,2023-12-10
C02101,Fernanda,Morales,37,León,GTO,México,fernanda.morales2101@ejemplo.com,Standard,2023-12-10
C02102,Gabriela,Pérez,53,Guadalajara,JAL,México,gabriela.perez2102@ejemplo.com,Frecuente,2023-12-10
C02103,Jorge,Sánchez,38,Ciudad de México,CDMX,México,jorge.sanchez2103@ejemplo.com,Standard,2023-12-11
C02104,Valeria,Flores,55,Tijuana,BC,México,valeria.flores2104@ejemplo.com,Frecuente,2023-12-11
C02105,Sofía,Reyes,32,Monterrey,NL,México,sofia.reyes2105@ejemplo.com,Frecuente,2023-12-12
C02106,Carlos,Cruz,64,Chihuahua,CHIH,México,carlos.cruz2106@ejemplo.com,Frecuente,2023-12-12
C02107,Diego,Ortiz,51,Tijuana,BC,México,diego.ortiz2107@ejemplo.com,Premium,2023-12-12
C02108,Luis,Castillo,59,Querétaro,QRO,México,luis.castillo2108@ejemplo.com,Standard,2023-12-12
C02109,Sofía,García,30,Tijuana,BC,México,sofia.garcia2109@ejemplo.com,Standard,2023-12-12
C02110,Sofía,Martínez,63,Puebla,PUE,México,sofia.martinez2110@ejemplo.com,Frecuente,2023-12-13
C02111,Miguel,Hernández,64,Veracruz,VER,México,miguel.hernandez2111@ejemplo.com,Premium,2023-12-13
C02112,Paola,Martínez,26,León,GTO,México,paola.martinez2112@ejemplo.com,Premium,2023-12-13
C02113,Alejandro,Mendoza,38,Guadalajara,JAL,México,alejandro.mendoza2113@ejemplo.com,Premium,2023-12-13
C02114,Fernanda,Rodríguez,57,Monterrey,NL,México,fernanda.rodriguez2114@ejemplo.com,Premium,2023-12-13
C02115,Luis,Vargas,68,Ciudad de México,CDMX,México,luis.vargas2115@ejemplo.com,Standard,2023-12-13
C02116,Alejandro,Ramírez,60,Puebla,PUE,México,alejandro.ramirez2116@ejemplo.com,Premium,2023-12-14
C02117,Luis,Castillo,45,Cancún,QROO,México,luis.castillo2117@ejemplo.com,Premium,2023-12-14
C02118,Jorge,Cruz,35,Veracruz,VER,México,jorge.cruz2118@ejemplo.com,Standard,2023-12-14
C02119,José,Rodríguez,70,Querétaro,QRO,México,jose.rodriguez2119@ejemplo.com,Premium,2023-12-16
C02120,Luis,Ruiz,68,Ciudad de México,CDMX,México,luis.ruiz2120@ejemplo.com,Premium,2023-12-16
C02121,Luis,Morales,70,Ciudad de México,CDMX,México,luis.morales2121@ejemplo.com,Standard,2023-12-16
C02122,Andrés,Torres,35,Tijuana,BC,México,andres.torres2122@ejemplo.com,Standard,2023-12-16
C02123,Jorge,Ruiz,43,Puebla,PUE,México,jorge.ruiz2123@ejemplo.com,Frecuente,2023-12-16
C02124,Luis,Pérez,32,Mérida,YUC,México,luis.perez2124@ejemplo.com,Standard,2023-12-17
C02125,Laura,García,73,Guadalajara,JAL,México,laura.garcia2125@ejemplo.com,Frecuente,2023-12-18
C02126,Alejandro,Sánchez,68,Monterrey,NL,México,alejandro.sanchez2126@ejemplo.com,Premium,2023-12-19
C02127,Gabriela,Mendoza,28,Mérida,YUC,México,gabriela.mendoza2127@ejemplo.com,Standard,2023-12-19
C02128,Ricardo,Pérez,32,Puebla,PUE,México,ricardo.perez2128@ejemplo.com,Standard,2023-12-20
C02129,Sofía,Cruz,50,Tijuana,BC,México,sofia.cruz2129@ejemplo.com,Standard,2023-12-20
C02130,Mariana,López,42,Monterrey,NL,México,mariana.lopez2130@ejemplo.com,Standard,2023-12-20
C02131,Carlos,Jiménez,44,Ciudad de México,CDMX,México,carlos.jimenez2131@ejemplo.com,Premium,2023-12-21
C02132,Héctor,Ruiz,39,Tijuana,BC,México,hector.ruiz2132@ejemplo.com,Premium,2023-12-21
C02133,Paola,López,57,Puebla,PUE,México,paola.lopez2133@ejemplo.com,Frecuente,2023-12-21
C02134,Gabriela,Gómez,70,Chihuahua,CHIH,México,gabriela.gomez2134@ejemplo.com,Standard,2023-12-22
C02135,Miguel,Ortiz,71,Chihuahua,CHIH,México,miguel.ortiz2135@ejemplo.com,Premium,2023-12-22
C02136,Fernanda,Castillo,44,Querétaro,QRO,México,fernanda.castillo2136@ejemplo.com,Standard,2023-12-22
C02137,Valeria,Martínez,66,Puebla,PUE,México,valeria.martinez2137@ejemplo.com,Standard,2023-12-22
C02138,Héctor,García,58,Querétaro,QRO,México,hector.garcia2138@ejemplo.com,Standard,2023-12-23
C02139,Ana,Ramírez,29,Cancún,QROO,México,ana.ramirez2139@ejemplo.com,Premium,2023-12-24
C02140,Carlos,Rodríguez,64,Tijuana,BC,México,carlos.rodriguez2140@ejemplo.com,Frecuente,2023-12-24
C02141,Ricardo,López,38,Toluca,MEX,México,ricardo.lopez2141@ejemplo.com,Standard,2023-12-24
C02142,Paola,Mendoza,54,Veracruz,VER,México,paola.mendoza2142@ejemplo.com,Standard,2023-12-24
C02143,Mariana,Reyes,59,Tijuana,BC,México,mariana.reyes2143@ejemplo.com,Standard,2023-12-24
C02144,Diego,Reyes,72,Guadalajara,JAL,México,diego.reyes2144@ejemplo.com,Standard,2023-12-24
C02145,Ana,Pérez,73,Guadalajara,JAL,México,ana.perez2145@ejemplo.com,Premium,2023-12-25
C02146,Carlos,Martínez,64,Chihuahua,CHIH,México,carlos.martinez2146@ejemplo.com,Frecuente,2023-12-25
C02147,Gabriela,Martínez,47,Tijuana,BC,México,gabriela.martinez2147@ejemplo.com,Premium,2023-12-26
C02148,José,Sánchez,41,Puebla,PUE,México,jose.sanchez2148@ejemplo.com,Frecuente,2023-12-26
C02149,Sofía,Rodríguez,43,Cancún,QROO,México,sofia.rodriguez2149@ejemplo.com,Frecuente,2023-12-26
C02150,Carlos,Cruz,73,Veracruz,VER,México,carlos.cruz2150@ejemplo.com,Standard,2023-12-28
C02151,Valeria,Rodríguez,29,Querétaro,QRO,México,valeria.rodriguez2151@ejemplo.com,Standard,2023-12-29
C02152,María,Flores,48,Puebla,PUE,México,maria.flores2152@ejemplo.com,Premium,2023-12-29
C02153,Diego,Morales,57,Chihuahua,CHIH,México,diego.morales2153@ejemplo.com,Premium,2023-12-29
C02154,Héctor,Torres,19,Ciudad de México,CDMX,México,hector.torres2154@ejemplo.com,Standard,2023-12-29
C02155,José,Vargas,54,Chihuahua,CHIH,México,jose.vargas2155@ejemplo.com,Premium,2023-12-30
C02156,Sofía,Hernández,33,Mérida,YUC,México,sofia.hernandez2156@ejemplo.com,Premium,2023-12-31
C02157,Andrés,Ruiz,34,Ciudad de México,CDMX,México,andres.ruiz2157@ejemplo.com,Frecuente,2023-12-31
C02158,Andrés,Reyes,54,Monterrey,NL,México,andres.reyes2158@ejemplo.com,Premium,2023-12-31
C02159,Ricardo,Rodríguez,18,León,GTO,México,ricardo.rodriguez2159@ejemplo.com,Premium,2023-12-31
C02160,Laura,Ruiz,27,Toluca,MEX,México,laura.ruiz2160@ejemplo.com,Premium,2024-01-01
C02161,Miguel,Reyes,44,Monterrey,NL,México,miguel.reyes2161@ejemplo.com,Standard,2024-01-02
C02162,Paola,Sánchez,51,Cancún,QROO,México,paola.sanchez2162@ejemplo.com,Standard,2024-01-03
C02163,Jorge,Sánchez,24,Veracruz,VER,México,jorge.sanchez2163@ejemplo.com,Standard,2024-01-03
C02164,Paola,Martínez,38,León,GTO,México,paola.martinez2164@ejemplo.com,Standard,2024-01-03
C02165,Jorge,Rodríguez,35,León,GTO,México,jorge.rodriguez2165@ejemplo.com,Premium,2024-01-03
C02166,José,Ramírez,48,Monterrey,NL,México,jose.ramirez2166@ejemplo.com,Standard,2024-01-04
C02167,Valeria,Vargas,35,Cancún,QROO,México,valeria.vargas2167@ejemplo.com,Premium,2024-01-04
C02168,Andrés,Reyes,18,León,GTO,México,andres.reyes2168@ejemplo.com,Frecuente,2024-01-04
C02169,María,Mendoza,48,Guadalajara,JAL,México,maria.mendoza2169@ejemplo.com,Premium,2024-01-04
C02170,Alejandro,Reyes,67,Puebla,PUE,México,alejandro.reyes2170@ejemplo.com,Premium,2024-01-05
C02171,Gabriela,Vargas,51,Chihuahua,CHIH,México,gabriela.vargas2171@ejemplo.com,Standard,2024-01-05
C02172,Héctor,Cruz,38,Veracruz,VER,México,hector.cruz2172@ejemplo.com,Premium,2024-01-05
C02173,Mariana,Flores,45,Monterrey,NL,México,mariana.flores2173@ejemplo.com,Standard,2024-01-05
C02174,María,Gómez,26,León,GTO,México,maria.gomez2174@ejemplo.com,Standard,2024-01-06
C02175,Diego,Rodríguez,31,Mérida,YUC,México,diego.rodriguez2175@ejemplo.com,Frecuente,2024-01-07
C02176,Fernanda,Castillo,43,Cancún,QROO,México,fernanda.castillo2176@ejemplo.com,Premium,2024-01-07
C02177,Andrés,Ruiz,52,Mérida,YUC,México,andres.ruiz2177@ejemplo.com,Standard,2024-01-07
C02178,Paola,López,46,Chihuahua,CHIH,México,paola.lopez2178@ejemplo.com,Standard,2024-01-08
C02179,María,Martínez,73,Querétaro,QRO,México,maria.martinez2179@ejemplo.com,Premium,2024-01-08
C02180,Sofía,Morales,54,Cancún,QROO,México,sofia.morales2180@ejemplo.com,Standard,2024-01-08
C02181,José,Vargas,19,León,GTO,México,jose.vargas2181@ejemplo.com,Frecuente,2024-01-08
C02182,Héctor,Reyes,48,Mérida,YUC,México,hector.reyes2182@ejemplo.com,Standard,2024-01-08
C02183,Laura,Reyes,51,Chihuahua,CHIH,México,laura.reyes2183@ejemplo.com,Frecuente,2024-01-08
C02184,Carlos,Rodríguez,20,Monterrey,NL,México,carlos.rodriguez2184@ejemplo.com,Standard,2024-01-08
C02185,Ana,Reyes,40,Veracruz,VER,México,ana.reyes2185@ejemplo.com,Premium,2024-01-09
C02186,Héctor,Torres,68,León,GTO,México,hector.torres2186@ejemplo.com,Frecuente,2024-01-09
C02187,Fernanda,Rodríguez,38,Veracruz,VER,México,fernanda.rodriguez2187@ejemplo.com,Premium,2024-01-09
C02188,Laura,Torres,44,Tijuana,BC,México,laura.torres2188@ejemplo.com,Standard,2024-01-10
C02189,Sofía,Sánchez,30,Querétaro,QRO,México,sofia.sanchez2189@ejemplo.com,Standard,2024-01-10
C02190,Miguel,Jiménez,22,Ciudad de México,CDMX,México,miguel.jimenez2190@ejemplo.com,Frecuente,2024-01-10
C02191,Fernanda,Morales,36,Veracruz,VER,México,fernanda.morales2191@ejemplo.com,Frecuente,2024-01-10
C02192,Mariana,Hernández,62,Toluca,MEX,México,mariana.hernandez2192@ejemplo.com,Premium,2024-01-10
C02193,Valeria,Pérez,75,Puebla,PUE,México,valeria.perez2193@ejemplo.com,Standard,2024-01-10
C02194,Gabriela,Reyes,56,Ciudad de México,CDMX,México,gabriela.reyes2194@ejemplo.com,Premium,2024-01-10
C02195,Andrés,Reyes,66,León,GTO,México,andres.reyes2195@ejemplo.com,Standard,2024-01-12
C02196,Gabriela,Flores,55,León,GTO,México,gabriela.flores2196@ejemplo.com,Standard,2024-01-12
C02197,Carlos,Martínez,56,Mérida,YUC,México,carlos.martinez2197@ejemplo.com,Premium,2024-01-12
C02198,Mariana,Torres,42,Guadalajara,JAL,México,mariana.torres2198@ejemplo.com,Frecuente,2024-01-13
C02199,Ana,Hernández,21,Veracruz,VER,México,ana.hernandez2199@ejemplo.com,Standard,2024-01-13
C02200,José,Rodríguez,41,Querétaro,QRO,México,jose.rodriguez2200@ejemplo.com,Standard,2024-01-13
C02201,Daniela,Flores,68,León,GTO,México,daniela.flores2201@ejemplo.com,Frecuente,2024-01-13
C02202,Sofía,Ramírez,49,Chihuahua,CHIH,México,sofia.ramirez2202@ejemplo.com,Standard,2024-01-14
C02203,Sofía,Morales,62,Mérida,YUC,México,sofia.morales2203@ejemplo.com,Standard,2024-01-14
C02204,Diego,Sánchez,20,Guadalajara,JAL,México,diego.sanchez2204@ejemplo.com,Premium,2024-01-15
C02205,Miguel,Flores,29,Chihuahua,CHIH,México,miguel.flores2205@ejemplo.com,Premium,2024-01-15
C02206,Luis,Cruz,35,León,GTO,México,luis.cruz2206@ejemplo.com,Premium,2024-01-15
C02207,Mariana,García,38,Chihuahua,CHIH,México,mariana.garcia2207@ejemplo.com,Premium,2024-01-15
C02208,Ana,Cruz,75,Cancún,QROO,México,ana.cruz2208@ejemplo.com,Premium,2024-01-16
C02209,José,Morales,44,Chihuahua,CHIH,México,jose.morales2209@ejemplo.com,Standard,2024-01-16
C02210,Alejandro,Pérez,56,Chihuahua,CHIH,México,alejandro.perez2210@ejemplo.com,Standard,2024-01-17
C02211,Paola,Ruiz,55,Monterrey,NL,México,paola.ruiz2211@ejemplo.com,Premium,2024-01-17
C02212,Miguel,Jiménez,42,Monterrey,NL,México,miguel.jimenez2212@ejemplo.com,Standard,2024-01-17
C02213,Luis,Castillo,74,Guadalajara,JAL,México,luis.castillo2213@ejemplo.com,Frecuente,2024-01-17
C02214,Diego,Jiménez,30,Toluca,MEX,México,diego.jimenez2214@ejemplo.com,Premium,2024-01-18
C02215,Ana,Martínez,20,Monterrey,NL,México,ana.martinez2215@ejemplo.com,Standard,2024-01-18
C02216,Ana,Rodríguez,61,Querétaro,QRO,México,ana.rodriguez2216@ejemplo.com,Premium,2024-01-18
C02217,Jorge,Martínez,55,Toluca,MEX,México,jorge.martinez2217@ejemplo.com,Standard,2024-01-18
C02218,Ricardo,Hernández,33,Querétaro,QRO,México,ricardo.hernandez2218@ejemplo.com,Standard,2024-01-19
C02219,Sofía,Mendoza,68,Ciudad de México,CDMX,México,sofia.mendoza2219@ejemplo.com,Premium,2024-01-19
C02220,Ana,Torres,27,Tijuana,BC,México,ana.torres2220@ejemplo.com,Premium,2024-01-19
C02221,María,Torres,32,Guadalajara,JAL,México,maria.torres2221@ejemplo.com,Frecuente,2024-01-20
C02222,Daniela,Reyes,26,Tijuana,BC,México,daniela.reyes2222@ejemplo.com,Premium,2024-01-20
C02223,María,Flores,28,León,GTO,México,maria.flores2223@ejemplo.com,Standard,2024-01-20
C02224,Carlos,Hernández,60,Mérida,YUC,México,carlos.hernandez2224@ejemplo.com,Standard,2024-01-20
C02225,Luis,Gómez,58,León,GTO,México,luis.gomez2225@ejemplo.com,Premium,2024-01-21
C02226,Jorge,García,55,Guadalajara,JAL,México,jorge.garcia2226@ejemplo.com,Standard,2024-01-22
C02227,Miguel,Castillo,67,Toluca,MEX,México,miguel.castillo2227@ejemplo.com,Standard,2024-01-23
C02228,Gabriela,Jiménez,22,Querétaro,QRO,México,gabriela.jimenez2228@ejemplo.com,Premium,2024-01-23
C02229,Alejandro,Ramírez,53,Puebla,PUE,México,alejandro.ramirez2229@ejemplo.com,Frecuente,2024-01-23
C02230,Jorge,Pérez,24,Cancún,QROO,México,jorge.perez2230@ejemplo.com,Standard,2024-01-23
C02231,Valeria,Reyes,73,Guadalajara,JAL,México,valeria.reyes2231@ejemplo.com,Standard,2024-01-23
C02232,Daniela,Ortiz,54,Querétaro,QRO,México,daniela.ortiz2232@ejemplo.com,Premium,2024-01-23
C02233,José,Gómez,62,Querétaro,QRO,México,jose.gomez2233@ejemplo.com,Premium,2024-01-24
C02234,María,Hernández,51,Guadalajara,JAL,México,maria.hernandez2234@ejemplo.com,Standard,2024-01-25
C02235,María,Vargas,40,Veracruz,VER,México,maria.vargas2235@ejemplo.com,Standard,2024-01-25
C02236,Ricardo,Rodríguez,57,Tijuana,BC,México,ricardo.rodriguez2236@ejemplo.com,Premium,2024-01-25
C02237,Héctor,Flores,66,Ciudad de México,CDMX,México,hector.flores2237@ejemplo.com,Standard,2024-01-26
C02238,Carlos,Ruiz,28,Querétaro,QRO,México,carlos.ruiz2238@ejemplo.com,Standard,2024-01-26
C02239,Sofía,Gómez,68,Veracruz,VER,México,sofia.gomez2239@ejemplo.com,Premium,2024-01-26
C02240,Mariana,Martínez,60,León,GTO,México,mariana.martinez2240@ejemplo.com,Standard,2024-01-27
C02241,Luis,Castillo,22,Cancún,QROO,México,luis.castillo2241@ejemplo.com,Standard,2024-01-27
C02242,Jorge,Reyes,72,Chihuahua,CHIH,México,jorge.reyes2242@ejemplo.com,Standard,2024-01-27
C02243,Ana,Flores,28,Guadalajara,JAL,México,ana.flores2243@ejemplo.com,Standard,2024-01-27
C02244,Sofía,Hernández,52,Mérida,YUC,México,sofia.hernandez2244@ejemplo.com,Standard,2024-01-28
C02245,Andrés,Rodríguez,25,Puebla,PUE,México,andres.rodriguez2245@ejemplo.com,Frecuente,2024-01-28
C02246,Fernanda,Vargas,29,León,GTO,México,fernanda.vargas2246@ejemplo.com,Standard,2024-01-28
C02247,Diego,Sánchez,55,Chihuahua,CHIH,México,diego.sanchez2247@ejemplo.com,Premium,2024-01-29
C02248,Héctor,López,57,Ciudad de México,CDMX,México,hector.lopez2248@ejemplo.com,Standard,2024-01-29
C02249,José,Jiménez,57,Guadalajara,JAL,México,jose.jimenez2249@ejemplo.com,Frecuente,2024-01-29
C02250,Daniela,Reyes,37,Veracruz,VER,México,daniela.reyes2250@ejemplo.com,Frecuente,2024-01-29
C02251,Carlos,Castillo,65,Querétaro,QRO,México,carlos.castillo2251@ejemplo.com,Premium,2024-01-29
C02252,Valeria,López,20,Puebla,PUE,México,valeria.lopez2252@ejemplo.com,Premium,2024-01-29
C02253,Paola,Flores,67,Guadalajara,JAL,México,paola.flores2253@ejemplo.com,Premium,2024-01-30
C02254,Gabriela,Castillo,35,Tijuana,BC,México,gabriela.castillo2254@ejemplo.com,Frecuente,2024-01-30
C02255,Ana,Jiménez,53,Ciudad de México,CDMX,México,ana.jimenez2255@ejemplo.com,Frecuente,2024-01-30
C02256,Daniela,Martínez,70,Monterrey,NL,México,daniela.martinez2256@ejemplo.com,Standard,2024-01-30
C02257,Alejandro,Mendoza,32,Monterrey,NL,México,alejandro.mendoza2257@ejemplo.com,Premium,2024-01-30
C02258,Jorge,Flores,41,Guadalajara,JAL,México,jorge.flores2258@ejemplo.com,Frecuente,2024-01-31
C02259,Diego,Martínez,66,Veracruz,VER,México,diego.martinez2259@ejemplo.com,Premium,2024-01-31
C02260,Ricardo,Rodríguez,68,Toluca,MEX,México,ricardo.rodriguez2260@ejemplo.com,Premium,2024-01-31
C02261,Ana,Rodríguez,31,Veracruz,VER,México,ana.rodriguez2261@ejemplo.com,Premium,2024-02-01
C02262,Diego,García,47,Monterrey,NL,México,diego.garcia2262@ejemplo.com,Standard,2024-02-01
C02263,Paola,López,37,Puebla,PUE,México,paola.lopez2263@ejemplo.com,Standard,2024-02-02
C02264,Mariana,Torres,47,Puebla,PUE,México,mariana.torres2264@ejemplo.com,Premium,2024-02-02
C02265,Luis,López,39,Mérida,YUC,México,luis.lopez2265@ejemplo.com,Premium,2024-02-02
C02266,Valeria,Morales,18,Monterrey,NL,México,valeria.morales2266@ejemplo.com,Standard,2024-02-02
C02267,Paola,García,71,Monterrey,NL,México,paola.garcia2267@ejemplo.com,Premium,2024-02-02
C02268,José,García,54,Veracruz,VER,México,jose.garcia2268@ejemplo.com,Standard,2024-02-03
C02269,Fernanda,García,44,Tijuana,BC,México,fernanda.garcia2269@ejemplo.com,Premium,2024-02-03
C02270,Valeria,López,24,Toluca,MEX,México,valeria.lopez2270@ejemplo.com,Premium,2024-02-03
C02271,Carlos,Cruz,22,Monterrey,NL,México,carlos.cruz2271@ejemplo.com,Premium,2024-02-03
C02272,Laura,Castillo,45,Veracruz,VER,México,laura.castillo2272@ejemplo.com,Standard,2024-02-03
C02273,Valeria,García,55,León,GTO,México,valeria.garcia2273@ejemplo.com,Standard,2024-02-04
C02274,Héctor,Jiménez,33,Chihuahua,CHIH,México,hector.jimenez2274@ejemplo.com,Premium,2024-02-04
C02275,Laura,Vargas,61,Mérida,YUC,México,laura.vargas2275@ejemplo.com,Frecuente,2024-02-04
C02276,Ana,Sánchez,40,Chihuahua,CHIH,México,ana.sanchez2276@ejemplo.com,Premium,2024-02-04
C02277,Sofía,Ruiz,18,Tijuana,BC,México,sofia.ruiz2277@ejemplo.com,Standard,2024-02-04
C02278,Héctor,Sánchez,49,Querétaro,QRO,México,hector.sanchez2278@ejemplo.com,Premium,2024-02-04
C02279,Luis,Sánchez,28,Ciudad de México,CDMX,México,luis.sanchez2279@ejemplo.com,Frecuente,2024-02-05
C02280,Luis,Pérez,18,Monterrey,NL,México,luis.perez2280@ejemplo.com,Premium,2024-02-05
C02281,Jorge,Vargas,25,Toluca,MEX,México,jorge.vargas2281@ejemplo.com,Standard,2024-02-05
C02282,Sofía,Sánchez,34,Puebla,PUE,México,sofia.sanchez2282@ejemplo.com,Standard,2024-02-05
C02283,Andrés,Ortiz,47,Guadalajara,JAL,México,andres.ortiz2283@ejemplo.com,Standard,2024-02-06
C02284,Miguel,Sánchez,75,Puebla,PUE,México,miguel.sanchez2284@ejemplo.com,Standard,2024-02-06
C02285,Diego,Ortiz,30,Tijuana,BC,México,diego.ortiz2285@ejemplo.com,Premium,2024-02-06
C02286,Héctor,Reyes,21,León,GTO,México,hector.reyes2286@ejemplo.com,Premium,2024-02-07
C02287,Daniela,Gómez,29,Guadalajara,JAL,México,daniela.gomez2287@ejemplo.com,Frecuente,2024-02-07
C02288,Ricardo,Torres,36,Ciudad de México,CDMX,México,ricardo.torres2288@ejemplo.com,Frecuente,2024-02-08
C02289,José,García,29,León,GTO,México,jose.garcia2289@ejemplo.com,Standard,2024-02-08
C02290,Laura,Torres,36,Guadalajara,JAL,México,laura.torres2290@ejemplo.com,Standard,2024-02-08
C02291,Daniela,Vargas,74,Querétaro,QRO,México,daniela.vargas2291@ejemplo.com,Standard,2024-02-08
C02292,Paola,Vargas,40,León,GTO,México,paola.vargas2292@ejemplo.com,Standard,2024-02-09
C02293,Sofía,Hernández,54,Mérida,YUC,México,sofia.hernandez2293@ejemplo.com,Frecuente,2024-02-09
C02294,María,Ortiz,57,Guadalajara,JAL,México,maria.ortiz2294@ejemplo.com,Frecuente,2024-02-09
C02295,Ana,Morales,25,León,GTO,México,ana.morales2295@ejemplo.com,Premium,2024-02-09
C02296,María,López,32,Ciudad de México,CDMX,México,maria.lopez2296@ejemplo.com,Standard,2024-02-09
C02297,Sofía,Morales,42,Monterrey,NL,México,sofia.morales2297@ejemplo.com,Standard,2024-02-09
C02298,Ana,Mendoza,44,Guadalajara,JAL,México,ana.mendoza2298@ejemplo.com,Premium,2024-02-10
C02299,José,Cruz,18,Mérida,YUC,México,jose.cruz2299@ejemplo.com,Frecuente,2024-02-10
C02300,Gabriela,Morales,55,León,GTO,México,gabriela.morales2300@ejemplo.com,Standard,2024-02-11
C02301,Paola,Ortiz,35,Cancún,QROO,México,paola.ortiz2301@ejemplo.com,Premium,2024-02-11
C02302,Sofía,Cruz,36,Guadalajara,JAL,México,sofia.cruz2302@ejemplo.com,Standard,2024-02-12
C02303,Alejandro,García,52,Tijuana,BC,México,alejandro.garcia2303@ejemplo.com,Premium,2024-02-12
C02304,Ana,Morales,73,Guadalajara,JAL,México,ana.morales2304@ejemplo.com,Premium,2024-02-12
C02305,Alejandro,Sánchez,68,Tijuana,BC,México,alejandro.sanchez2305@ejemplo.com,Standard,2024-02-12
C02306,Carlos,Hernández,74,Monterrey,NL,México,carlos.hernandez2306@ejemplo.com,Standard,2024-02-12
C02307,Luis,Mendoza,41,León,GTO,México,luis.mendoza2307@ejemplo.com,Standard,2024-02-12
C02308,Ana,García,24,Toluca,MEX,México,ana.garcia2308@ejemplo.com,Premium,2024-02-13
C02309,Paola,Cruz,30,Toluca,MEX,México,paola.cruz2309@ejemplo.com,Standard,2024-02-13
C02310,Carlos,Pérez,37,Monterrey,NL,México,carlos.perez2310@ejemplo.com,Premium,2024-02-13
C02311,Gabriela,Castillo,35,Ciudad de México,CDMX,México,gabriela.castillo2311@ejemplo.com,Frecuente,2024-02-13
C02312,Laura,Reyes,30,Ciudad de México,CDMX,México,laura.reyes2312@ejemplo.com,Premium,2024-02-14
C02313,Luis,Flores,26,Chihuahua,CHIH,México,luis.flores2313@ejemplo.com,Frecuente,2024-02-14
C02314,Ricardo,Gómez,28,Chihuahua,CHIH,México,ricardo.gomez2314@ejemplo.com,Premium,2024-02-14
C02315,Gabriela,Flores,56,Monterrey,NL,México,gabriela.flores2315@ejemplo.com,Premium,2024-02-14
C02316,José,Martínez,46,Chihuahua,CHIH,México,jose.martinez2316@ejemplo.com,Standard,2024-02-14
C02317,Daniela,García,20,Mérida,YUC,México,daniela.garcia2317@ejemplo.com,Standard,2024-02-15
C02318,Gabriela,Martínez,50,Monterrey,NL,México,gabriela.martinez2318@ejemplo.com,Frecuente,2024-02-15
C02319,Luis,López,66,Puebla,PUE,México,luis.lopez2319@ejemplo.com,Standard,2024-02-15
C02320,Laura,Mendoza,42,Puebla,PUE,México,laura.mendoza2320@ejemplo.com,Premium,2024-02-15
C02321,Ana,Sánchez,36,Toluca,MEX,México,ana.sanchez2321@ejemplo.com,Premium,2024-02-16
C02322,Ana,Vargas,33,Monterrey,NL,México,ana.vargas2322@ejemplo.com,Standard,2024-02-16
C02323,Alejandro,Martínez,40,Monterrey,NL,México,alejandro.martinez2323@ejemplo.com,Premium,2024-02-17
C02324,Alejandro,Ramírez,34,León,GTO,México,alejandro.ramirez2324@ejemplo.com,Frecuente,2024-02-18
C02325,Fernanda,Mendoza,71,Puebla,PUE,México,fernanda.mendoza2325@ejemplo.com,Standard,2024-02-19
C02326,Gabriela,López,75,Puebla,PUE,México,gabriela.lopez2326@ejemplo.com,Standard,2024-02-19
C02327,Ana,Sánchez,37,Toluca,MEX,México,ana.sanchez2327@ejemplo.com,Frecuente,2024-02-19
C02328,Daniela,Ramírez,71,Veracruz,VER,México,daniela.ramirez2328@ejemplo.com,Premium,2024-02-19
C02329,María,García,67,Mérida,YUC,México,maria.garcia2329@ejemplo.com,Premium,2024-02-20
C02330,Ana,Ruiz,22,Toluca,MEX,México,ana.ruiz2330@ejemplo.com,Frecuente,2024-02-20
C02331,Sofía,Cruz,46,Chihuahua,CHIH,México,sofia.cruz2331@ejemplo.com,Premium,2024-02-21
C02332,José,Vargas,56,Cancún,QROO,México,jose.vargas2332@ejemplo.com,Standard,2024-02-21
C02333,Carlos,Torres,42,Toluca,MEX,México,carlos.torres2333@ejemplo.com,Frecuente,2024-02-22
C02334,Ana,Torres,44,Ciudad de México,CDMX,México,ana.torres2334@ejemplo.com,Premium,2024-02-22
C02335,Carlos,Morales,46,Ciudad de México,CDMX,México,carlos.morales2335@ejemplo.com,Frecuente,2024-02-22
C02336,Diego,Gómez,57,Chihuahua,CHIH,México,diego.gomez2336@ejemplo.com,Premium,2024-02-23
C02337,Mariana,Jiménez,35,Guadalajara,JAL,México,mariana.jimenez2337@ejemplo.com,Standard,2024-02-23
C02338,María,López,52,León,GTO,México,maria.lopez2338@ejemplo.com,Premium,2024-02-23
C02339,Diego,Martínez,32,Querétaro,QRO,México,diego.martinez2339@ejemplo.com,Standard,2024-02-23
C02340,Valeria,Vargas,69,Toluca,MEX,México,valeria.vargas2340@ejemplo.com,Premium,2024-02-24
C02341,Gabriela,Vargas,22,Cancún,QROO,México,gabriela.vargas2341@ejemplo.com,Premium,2024-02-24
C02342,María,Jiménez,21,Ciudad de México,CDMX,México,maria.jimenez2342@ejemplo.com,Premium,2024-02-24
C02343,Héctor,Hernández,20,Tijuana,BC,México,hector.hernandez2343@ejemplo.com,Premium,2024-02-25
C02344,Jorge,Pérez,38,León,GTO,México,jorge.perez2344@ejemplo.com,Standard,2024-02-25
C02345,Andrés,Ramírez,53,Veracruz,VER,México,andres.ramirez2345@ejemplo.com,Premium,2024-02-25
C02346,Sofía,Hernández,75,Toluca,MEX,México,sofia.hernandez2346@ejemplo.com,Premium,2024-02-25
C02347,Miguel,Ortiz,44,Chihuahua,CHIH,México,miguel.ortiz2347@ejemplo.com,Premium,2024-02-25
C02348,Carlos,Pérez,28,Veracruz,VER,México,carlos.perez2348@ejemplo.com,Premium,2024-02-26
C02349,Alejandro,Ortiz,39,Chihuahua,CHIH,México,alejandro.ortiz2349@ejemplo.com,Premium,2024-02-26
C02350,Paola,Pérez,25,Mérida,YUC,México,paola.perez2350@ejemplo.com,Premium,2024-02-26
C02351,Paola,Castillo,45,Tijuana,BC,México,paola.castillo2351@ejemplo.com,Standard,2024-02-27
C02352,Gabriela,Jiménez,60,Mérida,YUC,México,gabriela.jimenez2352@ejemplo.com,Standard,2024-02-27
C02353,María,Flores,20,Toluca,MEX,México,maria.flores2353@ejemplo.com,Standard,2024-02-28
C02354,Carlos,Morales,63,Querétaro,QRO,México,carlos.morales2354@ejemplo.com,Premium,2024-02-28
C02355,Alejandro,Ramírez,31,Toluca,MEX,México,alejandro.ramirez2355@ejemplo.com,Frecuente,2024-02-28
C02356,Valeria,Hernández,56,León,GTO,México,valeria.hernandez2356@ejemplo.com,Standard,2024-02-28
C02357,Sofía,Jiménez,65,Monterrey,NL,México,sofia.jimenez2357@ejemplo.com,Standard,2024-02-28
C02358,Sofía,Hernández,63,Veracruz,VER,México,sofia.hernandez2358@ejemplo.com,Premium,2024-02-29
C02359,Gabriela,Jiménez,56,Chihuahua,CHIH,México,gabriela.jimenez2359@ejemplo.com,Premium,2024-02-29
C02360,Laura,Pérez,58,Cancún,QROO,México,laura.perez2360@ejemplo.com,Standard,2024-02-29
C02361,Laura,Martínez,28,Monterrey,NL,México,laura.martinez2361@ejemplo.com,Premium,2024-03-01
C02362,Andrés,Martínez,25,Monterrey,NL,México,andres.martinez2362@ejemplo.com,Standard,2024-03-01
C02363,Miguel,Jiménez,40,Chihuahua,CHIH,México,miguel.jimenez2363@ejemplo.com,Premium,2024-03-02
C02364,Ricardo,Flores,53,Ciudad de México,CDMX,México,ricardo.flores2364@ejemplo.com,Premium,2024-03-03
C02365,Mariana,Hernández,53,Querétaro,QRO,México,mariana.hernandez2365@ejemplo.com,Premium,2024-03-04
C02366,José,Cruz,63,Cancún,QROO,México,jose.cruz2366@ejemplo.com,Premium,2024-03-04
C02367,Andrés,Torres,35,Monterrey,NL,México,andres.torres2367@ejemplo.com,Premium,2024-03-04
C02368,Fernanda,Vargas,68,Chihuahua,CHIH,México,fernanda.vargas2368@ejemplo.com,Premium,2024-03-05
C02369,Laura,Vargas,44,Mérida,YUC,México,laura.vargas2369@ejemplo.com,Standard,2024-03-05
C02370,Ricardo,Sánchez,32,Ciudad de México,CDMX,México,ricardo.sanchez2370@ejemplo.com,Premium,2024-03-05
C02371,Paola,Reyes,60,Puebla,PUE,México,paola.reyes2371@ejemplo.com,Standard,2024-03-05
C02372,Laura,Morales,25,Tijuana,BC,México,laura.morales2372@ejemplo.com,Frecuente,2024-03-05
C02373,Valeria,Martínez,41,Monterrey,NL,México,valeria.martinez2373@ejemplo.com,Frecuente,2024-03-05
C02374,Carlos,Morales,63,Veracruz,VER,México,carlos.morales2374@ejemplo.com,Standard,2024-03-06
C02375,María,Rodríguez,62,Tijuana,BC,México,maria.rodriguez2375@ejemplo.com,Premium,2024-03-06
C02376,Mariana,García,32,Mérida,YUC,México,mariana.garcia2376@ejemplo.com,Standard,2024-03-06
C02377,Jorge,Morales,27,Mérida,YUC,México,jorge.morales2377@ejemplo.com,Frecuente,2024-03-06
C02378,Jorge,Torres,19,Monterrey,NL,México,jorge.torres2378@ejemplo.com,Standard,2024-03-07
C02379,María,Ortiz,23,Mérida,YUC,México,maria.ortiz2379@ejemplo.com,Premium,2024-03-07
C02380,María,Torres,65,Tijuana,BC,México,maria.torres2380@ejemplo.com,Standard,2024-03-07
C02381,Daniela,Martínez,63,Ciudad de México,CDMX,México,daniela.martinez2381@ejemplo.com,Premium,2024-03-07
C02382,Miguel,Cruz,47,Tijuana,BC,México,miguel.cruz2382@ejemplo.com,Standard,2024-03-07
C02383,Ana,Castillo,51,Cancún,QROO,México,ana.castillo2383@ejemplo.com,Premium,2024-03-07
C02384,Jorge,Rodríguez,36,Guadalajara,JAL,México,jorge.rodriguez2384@ejemplo.com,Premium,2024-03-07
C02385,Jorge,Ruiz,29,Toluca,MEX,México,jorge.ruiz2385@ejemplo.com,Standard,2024-03-08
C02386,Laura,Sánchez,18,Cancún,QROO,México,laura.sanchez2386@ejemplo.com,Standard,2024-03-08
C02387,Paola,Flores,56,Puebla,PUE,México,paola.flores2387@ejemplo.com,Standard,2024-03-08
C02388,Luis,Gómez,20,Cancún,QROO,México,luis.gomez2388@ejemplo.com,Frecuente,2024-03-09
C02389,Ana,Ortiz,24,Puebla,PUE,México,ana.ortiz2389@ejemplo.com,Frecuente,2024-03-09
C02390,Paola,Martínez,63,Cancún,QROO,México,paola.martinez2390@ejemplo.com,Standard,2024-03-09
C02391,Mariana,Rodríguez,51,Guadalajara,JAL,México,mariana.rodriguez2391@ejemplo.com,Frecuente,2024-03-09
C02392,José,Pérez,46,Cancún,QROO,México,jose.perez2392@ejemplo.com,Premium,2024-03-10
C02393,Sofía,Gómez,30,Ciudad de México,CDMX,México,sofia.gomez2393@ejemplo.com,Premium,2024-03-10
C02394,Sofía,Ortiz,26,Ciudad de México,CDMX,México,sofia.ortiz2394@ejemplo.com,Frecuente,2024-03-10
C02395,Valeria,Torres,45,Puebla,PUE,México,valeria.torres2395@ejemplo.com,Premium,2024-03-11
C02396,Miguel,Rodríguez,38,Monterrey,NL,México,miguel.rodriguez2396@ejemplo.com,Frecuente,2024-03-11
C02397,Fernanda,Jiménez,48,Querétaro,QRO,México,fernanda.jimenez2397@ejemplo.com,Premium,2024-03-12
C02398,Miguel,Gómez,27,Guadalajara,JAL,México,miguel.gomez2398@ejemplo.com,Premium,2024-03-12
C02399,Miguel,Jiménez,31,Monterrey,NL,México,miguel.jimenez2399@ejemplo.com,Premium,2024-03-12
C02400,José,Jiménez,24,Guadalajara,JAL,México,jose.jimenez2400@ejemplo.com,Standard,2024-03-13
C02401,Andrés,Reyes,42,Chihuahua,CHIH,México,andres.reyes2401@ejemplo.com,Frecuente,2024-03-14
C02402,Gabriela,Flores,34,León,GTO,México,gabriela.flores2402@ejemplo.com,Premium,2024-03-14
C02403,Laura,Pérez,30,Monterrey,NL,México,laura.perez2403@ejemplo.com,Premium,2024-03-14
C02404,Ana,Gómez,49,Guadalajara,JAL,México,ana.gomez2404@ejemplo.com,Premium,2024-03-14
C02405,José,López,46,Chihuahua,CHIH,México,jose.lopez2405@ejemplo.com,Premium,2024-03-15
C02406,Valeria,Ramírez,30,León,GTO,México,valeria.ramirez2406@ejemplo.com,Standard,2024-03-15
C02407,Mariana,Gómez,58,Chihuahua,CHIH,México,mariana.gomez2407@ejemplo.com,Standard,2024-03-16
C02408,Daniela,Sánchez,37,Monterrey,NL,México,daniela.sanchez2408@ejemplo.com,Premium,2024-03-16
C02409,Luis,García,37,Tijuana,BC,México,luis.garcia2409@ejemplo.com,Premium,2024-03-17
C02410,Laura,Rodríguez,45,Guadalajara,JAL,México,laura.rodriguez2410@ejemplo.com,Standard,2024-03-17
C02411,Laura,Cruz,26,Querétaro,QRO,México,laura.cruz2411@ejemplo.com,Premium,2024-03-17
C02412,Ricardo,Vargas,42,Guadalajara,JAL,México,ricardo.vargas2412@ejemplo.com,Premium,2024-03-17
C02413,Daniela,Hernández,51,Ciudad de México,CDMX,México,daniela.hernandez2413@ejemplo.com,Standard,2024-03-18
C02414,Carlos,Hernández,25,Mérida,YUC,México,carlos.hernandez2414@ejemplo.com,Premium,2024-03-18
C02415,Ana,Reyes,50,Veracruz,VER,México,ana.reyes2415@ejemplo.com,Premium,2024-03-19
C02416,Daniela,García,20,Cancún,QROO,México,daniela.garcia2416@ejemplo.com,Premium,2024-03-19
C02417,Héctor,Mendoza,53,Toluca,MEX,México,hector.mendoza2417@ejemplo.com,Standard,2024-03-19
C02418,José,Martínez,20,Toluca,MEX,México,jose.martinez2418@ejemplo.com,Premium,2024-03-19
C02419,Gabriela,Rodríguez,28,Veracruz,VER,México,gabriela.rodriguez2419@ejemplo.com,Standard,2024-03-19
C02420,Andrés,Cruz,38,Guadalajara,JAL,México,andres.cruz2420@ejemplo.com,Standard,2024-03-20
C02421,Andrés,Flores,53,Puebla,PUE,México,andres.flores2421@ejemplo.com,Standard,2024-03-20
C02422,Gabriela,Martínez,59,Cancún,QROO,México,gabriela.martinez2422@ejemplo.com,Standard,2024-03-20
C02423,Ricardo,Gómez,45,Toluca,MEX,México,ricardo.gomez2423@ejemplo.com,Premium,2024-03-20
C02424,Paola,Morales,25,Toluca,MEX,México,paola.morales2424@ejemplo.com,Premium,2024-03-20
C02425,Mariana,López,40,León,GTO,México,mariana.lopez2425@ejemplo.com,Premium,2024-03-22
C02426,Mariana,Hernández,63,Puebla,PUE,México,mariana.hernandez2426@ejemplo.com,Standard,2024-03-22
C02427,Valeria,Torres,23,Tijuana,BC,México,valeria.torres2427@ejemplo.com,Standard,2024-03-22
C02428,Paola,Ramírez,59,Ciudad de México,CDMX,México,paola.ramirez2428@ejemplo.com,Standard,2024-03-22
C02429,Gabriela,Mendoza,40,Puebla,PUE,México,gabriela.mendoza2429@ejemplo.com,Standard,2024-03-22
C02430,Gabriela,Castillo,18,Guadalajara,JAL,México,gabriela.castillo2430@ejemplo.com,Premium,2024-03-22
C02431,Gabriela,García,58,Veracruz,VER,México,gabriela.garcia2431@ejemplo.com,Premium,2024-03-23
C02432,Héctor,Sánchez,19,Guadalajara,JAL,México,hector.sanchez2432@ejemplo.com,Premium,2024-03-23
C02433,María,Vargas,39,Tijuana,BC,México,maria.vargas2433@ejemplo.com,Frecuente,2024-03-23
C02434,Andrés,Flores,29,Chihuahua,CHIH,México,andres.flores2434@ejemplo.com,Premium,2024-03-23
C02435,José,López,51,Veracruz,VER,México,jose.lopez2435@ejemplo.com,Frecuente,2024-03-23
C02436,Héctor,Vargas,21,Tijuana,BC,México,hector.vargas2436@ejemplo.com,Premium,2024-03-24
C02437,Héctor,Hernández,23,Querétaro,QRO,México,hector.hernandez2437@ejemplo.com,Standard,2024-03-24
C02438,Alejandro,Sánchez,48,Mérida,YUC,México,alejandro.sanchez2438@ejemplo.com,Premium,2024-03-25
C02439,Valeria,Flores,75,Toluca,MEX,México,valeria.flores2439@ejemplo.com,Standard,2024-03-25
C02440,Fernanda,Pérez,20,Toluca,MEX,México,fernanda.perez2440@ejemplo.com,Premium,2024-03-25
C02441,Ricardo,Pérez,44,Mérida,YUC,México,ricardo.perez2441@ejemplo.com,Standard,2024-03-26
C02442,Jorge,Pérez,64,Tijuana,BC,México,jorge.perez2442@ejemplo.com,Frecuente,2024-03-26
C02443,Valeria,Mendoza,34,Tijuana,BC,México,valeria.mendoza2443@ejemplo.com,Standard,2024-03-26
C02444,Luis,Castillo,46,Cancún,QROO,México,luis.castillo2444@ejemplo.com,Premium,2024-03-26
C02445,Daniela,García,66,Chihuahua,CHIH,México,daniela.garcia2445@ejemplo.com,Standard,2024-03-27
C02446,Gabriela,Ramírez,60,Ciudad de México,CDMX,México,gabriela.ramirez2446@ejemplo.com,Premium,2024-03-28
C02447,Diego,Martínez,35,Toluca,MEX,México,diego.martinez2447@ejemplo.com,Premium,2024-03-28
C02448,José,Rodríguez,61,Querétaro,QRO,México,jose.rodriguez2448@ejemplo.com,Standard,2024-03-28
C02449,Andrés,Ramírez,57,Guadalajara,JAL,México,andres.ramirez2449@ejemplo.com,Standard,2024-03-28
C02450,Héctor,Flores,47,Guadalajara,JAL,México,hector.flores2450@ejemplo.com,Premium,2024-03-29
C02451,Paola,Vargas,43,Tijuana,BC,México,paola.vargas2451@ejemplo.com,Standard,2024-03-29
C02452,Paola,Rodríguez,71,Monterrey,NL,México,paola.rodriguez2452@ejemplo.com,Standard,2024-03-29
C02453,Gabriela,Ruiz,68,Guadalajara,JAL,México,gabriela.ruiz2453@ejemplo.com,Standard,2024-03-29
C02454,Mariana,Gómez,75,Puebla,PUE,México,mariana.gomez2454@ejemplo.com,Premium,2024-03-30
C02455,Jorge,Sánchez,57,Chihuahua,CHIH,México,jorge.sanchez2455@ejemplo.com,Standard,2024-03-30
C02456,Ana,López,38,León,GTO,México,ana.lopez2456@ejemplo.com,Premium,2024-03-30
C02457,Valeria,Castillo,24,Monterrey,NL,México,valeria.castillo2457@ejemplo.com,Premium,2024-03-30
C02458,Andrés,Gómez,25,León,GTO,México,andres.gomez2458@ejemplo.com,Premium,2024-03-31
C02459,Diego,Gómez,73,Querétaro,QRO,México,diego.gomez2459@ejemplo.com,Frecuente,2024-03-31
C02460,Paola,Pérez,39,León,GTO,México,paola.perez2460@ejemplo.com,Premium,2024-03-31
C02461,Luis,Gómez,24,Monterrey,NL,México,luis.gomez2461@ejemplo.com,Premium,2024-03-31
C02462,Alejandro,Mendoza,30,Ciudad de México,CDMX,México,alejandro.mendoza2462@ejemplo.com,Premium,2024-04-01
C02463,Ana,Jiménez,19,Puebla,PUE,México,ana.jimenez2463@ejemplo.com,Premium,2024-04-06
C02464,Alejandro,Gómez,48,Veracruz,VER,México,alejandro.gomez2464@ejemplo.com,Frecuente,2024-04-06
C02465,José,Jiménez,52,Mérida,YUC,México,jose.jimenez2465@ejemplo.com,Standard,2024-04-06
C02466,Valeria,Cruz,39,Ciudad de México,CDMX,México,valeria.cruz2466@ejemplo.com,Standard,2024-04-07
C02467,Daniela,Cruz,61,Veracruz,VER,México,daniela.cruz2467@ejemplo.com,Standard,2024-04-08
C02468,Valeria,Castillo,45,Toluca,MEX,México,valeria.castillo2468@ejemplo.com,Premium,2024-04-08
C02469,Alejandro,Pérez,73,Mérida,YUC,México,alejandro.perez2469@ejemplo.com,Standard,2024-04-09
C02470,Ricardo,Hernández,62,León,GTO,México,ricardo.hernandez2470@ejemplo.com,Frecuente,2024-04-09
C02471,Andrés,Reyes,22,Monterrey,NL,México,andres.reyes2471@ejemplo.com,Standard,2024-04-10
C02472,Mariana,Reyes,33,Cancún,QROO,México,mariana.reyes2472@ejemplo.com,Standard,2024-04-10
C02473,Ana,Torres,61,Chihuahua,CHIH,México,ana.torres2473@ejemplo.com,Premium,2024-04-10
C02474,Sofía,Pérez,49,Querétaro,QRO,México,sofia.perez2474@ejemplo.com,Frecuente,2024-04-11
C02475,Fernanda,Cruz,61,Ciudad de México,CDMX,México,fernanda.cruz2475@ejemplo.com,Premium,2024-04-11
C02476,Andrés,Vargas,37,Toluca,MEX,México,andres.vargas2476@ejemplo.com,Standard,2024-04-11
C02477,Mariana,Reyes,20,León,GTO,México,mariana.reyes2477@ejemplo.com,Premium,2024-04-12
C02478,Paola,Cruz,63,León,GTO,México,paola.cruz2478@ejemplo.com,Standard,2024-04-12
C02479,Paola,Gómez,63,Cancún,QROO,México,paola.gomez2479@ejemplo.com,Frecuente,2024-04-12
C02480,José,Ramírez,55,Guadalajara,JAL,México,jose.ramirez2480@ejemplo.com,Standard,2024-04-12
C02481,Jorge,Jiménez,41,Guadalajara,JAL,México,jorge.jimenez2481@ejemplo.com,Premium,2024-04-13
C02482,Ana,Torres,18,Toluca,MEX,México,ana.torres2482@ejemplo.com,Standard,2024-04-13
C02483,Fernanda,Martínez,60,Chihuahua,CHIH,México,fernanda.martinez2483@ejemplo.com,Frecuente,2024-04-14
C02484,Ricardo,Sánchez,56,Ciudad de México,CDMX,México,ricardo.sanchez2484@ejemplo.com,Standard,2024-04-14
C02485,Miguel,Pérez,56,Mérida,YUC,México,miguel.perez2485@ejemplo.com,Frecuente,2024-04-14
C02486,Gabriela,Martínez,27,Mérida,YUC,México,gabriela.martinez2486@ejemplo.com,Frecuente,2024-04-15
C02487,Héctor,Sánchez,60,Tijuana,BC,México,hector.sanchez2487@ejemplo.com,Frecuente,2024-04-16
C02488,Luis,Ortiz,60,Cancún,QROO,México,luis.ortiz2488@ejemplo.com,Premium,2024-04-16
C02489,Miguel,Rodríguez,67,Chihuahua,CHIH,México,miguel.rodriguez2489@ejemplo.com,Standard,2024-04-16
C02490,Laura,Sánchez,50,Toluca,MEX,México,laura.sanchez2490@ejemplo.com,Frecuente,2024-04-16
C02491,Diego,Flores,60,Guadalajara,JAL,México,diego.flores2491@ejemplo.com,Frecuente,2024-04-16
C02492,Andrés,Reyes,41,Querétaro,QRO,México,andres.reyes2492@ejemplo.com,Premium,2024-04-17
C02493,Ana,García,58,Veracruz,VER,México,ana.garcia2493@ejemplo.com,Premium,2024-04-17
C02494,Sofía,Mendoza,58,Monterrey,NL,México,sofia.mendoza2494@ejemplo.com,Premium,2024-04-18
C02495,Gabriela,Torres,63,Chihuahua,CHIH,México,gabriela.torres2495@ejemplo.com,Standard,2024-04-18
C02496,Gabriela,Jiménez,67,Querétaro,QRO,México,gabriela.jimenez2496@ejemplo.com,Frecuente,2024-04-18
C02497,Paola,Hernández,18,Mérida,YUC,México,paola.hernandez2497@ejemplo.com,Standard,2024-04-19
C02498,Carlos,Torres,63,Puebla,PUE,México,carlos.torres2498@ejemplo.com,Premium,2024-04-19
C02499,Valeria,Castillo,63,Veracruz,VER,México,valeria.castillo2499@ejemplo.com,Premium,2024-04-19
C02500,Ana,Hernández,49,Mérida,YUC,México,ana.hernandez2500@ejemplo.com,Frecuente,2024-04-19
C02501,Gabriela,Sánchez,48,Mérida,YUC,México,gabriela.sanchez2501@ejemplo.com,Premium,2024-04-20
C02502,Laura,Cruz,59,Querétaro,QRO,México,laura.cruz2502@ejemplo.com,Premium,2024-04-20
C02503,Andrés,Sánchez,44,Guadalajara,JAL,México,andres.sanchez2503@ejemplo.com,Premium,2024-04-20
C02504,Luis,Castillo,42,Toluca,MEX,México,luis.castillo2504@ejemplo.com,Standard,2024-04-20
C02505,Paola,Gómez,64,Puebla,PUE,México,paola.gomez2505@ejemplo.com,Standard,2024-04-21
C02506,Fernanda,Pérez,63,Monterrey,NL,México,fernanda.perez2506@ejemplo.com,Premium,2024-04-21
C02507,Ricardo,López,30,Toluca,MEX,México,ricardo.lopez2507@ejemplo.com,Premium,2024-04-21
C02508,Paola,Hernández,66,Monterrey,NL,México,paola.hernandez2508@ejemplo.com,Frecuente,2024-04-22
C02509,Jorge,García,36,León,GTO,México,jorge.garcia2509@ejemplo.com,Premium,2024-04-22
C02510,Fernanda,Mendoza,25,Querétaro,QRO,México,fernanda.mendoza2510@ejemplo.com,Premium,2024-04-22
C02511,María,Ramírez,68,Toluca,MEX,México,maria.ramirez2511@ejemplo.com,Premium,2024-04-22
C02512,Carlos,Mendoza,31,Ciudad de México,CDMX,México,carlos.mendoza2512@ejemplo.com,Premium,2024-04-23
C02513,Fernanda,Jiménez,29,Toluca,MEX,México,fernanda.jimenez2513@ejemplo.com,Standard,2024-04-23
C02514,Sofía,Vargas,33,Monterrey,NL,México,sofia.vargas2514@ejemplo.com,Standard,2024-04-24
C02515,Sofía,Cruz,46,Chihuahua,CHIH,México,sofia.cruz2515@ejemplo.com,Premium,2024-04-24
C02516,Sofía,Rodríguez,27,Tijuana,BC,México,sofia.rodriguez2516@ejemplo.com,Frecuente,2024-04-24
C02517,Miguel,Mendoza,27,Ciudad de México,CDMX,México,miguel.mendoza2517@ejemplo.com,Premium,2024-04-24
C02518,Alejandro,Gómez,40,Querétaro,QRO,México,alejandro.gomez2518@ejemplo.com,Frecuente,2024-04-25
C02519,Ana,Morales,30,Ciudad de México,CDMX,México,ana.morales2519@ejemplo.com,Premium,2024-04-26
C02520,Ricardo,Castillo,29,Puebla,PUE,México,ricardo.castillo2520@ejemplo.com,Premium,2024-04-26
C02521,Ricardo,Reyes,70,León,GTO,México,ricardo.reyes2521@ejemplo.com,Frecuente,2024-04-26
C02522,Mariana,Ruiz,52,Mérida,YUC,México,mariana.ruiz2522@ejemplo.com,Frecuente,2024-04-26
C02523,Fernanda,Pérez,18,León,GTO,México,fernanda.perez2523@ejemplo.com,Standard,2024-04-27
C02524,Carlos,Rodríguez,23,Chihuahua,CHIH,México,carlos.rodriguez2524@ejemplo.com,Standard,2024-04-27
C02525,José,Vargas,65,Querétaro,QRO,México,jose.vargas2525@ejemplo.com,Standard,2024-04-27
C02526,Laura,Reyes,33,Mérida,YUC,México,laura.reyes2526@ejemplo.com,Standard,2024-04-27
C02527,Carlos,Gómez,26,Ciudad de México,CDMX,México,carlos.gomez2527@ejemplo.com,Premium,2024-04-28
C02528,Ana,Morales,56,Puebla,PUE,México,ana.morales2528@ejemplo.com,Standard,2024-04-28
C02529,Héctor,Morales,66,León,GTO,México,hector.morales2529@ejemplo.com,Standard,2024-04-28
C02530,Laura,Gómez,41,Ciudad de México,CDMX,México,laura.gomez2530@ejemplo.com,Standard,2024-04-28
C02531,José,Hernández,61,Tijuana,BC,México,jose.hernandez2531@ejemplo.com,Frecuente,2024-04-30
C02532,Paola,Cruz,42,Guadalajara,JAL,México,paola.cruz2532@ejemplo.com,Standard,2024-04-30
C02533,Héctor,Sánchez,24,Chihuahua,CHIH,México,hector.sanchez2533@ejemplo.com,Premium,2024-05-01
C02534,Luis,Reyes,64,Mérida,YUC,México,luis.reyes2534@ejemplo.com,Premium,2024-05-01
C02535,Ana,Sánchez,71,Cancún,QROO,México,ana.sanchez2535@ejemplo.com,Frecuente,2024-05-01
C02536,Carlos,Cruz,75,León,GTO,México,carlos.cruz2536@ejemplo.com,Premium,2024-05-01
C02537,Ana,Gómez,23,Monterrey,NL,México,ana.gomez2537@ejemplo.com,Frecuente,2024-05-01
C02538,Daniela,Martínez,50,Ciudad de México,CDMX,México,daniela.martinez2538@ejemplo.com,Premium,2024-05-02
C02539,Sofía,Sánchez,54,Tijuana,BC,México,sofia.sanchez2539@ejemplo.com,Premium,2024-05-02
C02540,Jorge,Martínez,22,Monterrey,NL,México,jorge.martinez2540@ejemplo.com,Standard,2024-05-03
C02541,Daniela,Cruz,73,Puebla,PUE,México,daniela.cruz2541@ejemplo.com,Premium,2024-05-04
C02542,Alejandro,Gómez,23,Puebla,PUE,México,alejandro.gomez2542@ejemplo.com,Frecuente,2024-05-04
C02543,María,Reyes,33,Toluca,MEX,México,maria.reyes2543@ejemplo.com,Premium,2024-05-04
C02544,Mariana,Castillo,74,Puebla,PUE,México,mariana.castillo2544@ejemplo.com,Standard,2024-05-04
C02545,José,Torres,50,Guadalajara,JAL,México,jose.torres2545@ejemplo.com,Standard,2024-05-04
C02546,Daniela,Ramírez,57,Veracruz,VER,México,daniela.ramirez2546@ejemplo.com,Frecuente,2024-05-04
C02547,Daniela,Cruz,46,Ciudad de México,CDMX,México,daniela.cruz2547@ejemplo.com,Premium,2024-05-05
C02548,Héctor,Martínez,61,Monterrey,NL,México,hector.martinez2548@ejemplo.com,Premium,2024-05-05
C02549,Fernanda,Reyes,22,Tijuana,BC,México,fernanda.reyes2549@ejemplo.com,Standard,2024-05-06
C02550,Paola,Martínez,57,Ciudad de México,CDMX,México,paola.martinez2550@ejemplo.com,Frecuente,2024-05-06
C02551,María,Hernández,21,Chihuahua,CHIH,México,maria.hernandez2551@ejemplo.com,Frecuente,2024-05-06
C02552,Fernanda,Morales,28,Tijuana,BC,México,fernanda.morales2552@ejemplo.com,Frecuente,2024-05-07
C02553,Fernanda,Vargas,47,Toluca,MEX,México,fernanda.vargas2553@ejemplo.com,Standard,2024-05-07
C02554,Andrés,Castillo,44,Guadalajara,JAL,México,andres.castillo2554@ejemplo.com,Standard,2024-05-07
C02555,Jorge,Vargas,26,Mérida,YUC,México,jorge.vargas2555@ejemplo.com,Frecuente,2024-05-07
C02556,Laura,Vargas,64,Guadalajara,JAL,México,laura.vargas2556@ejemplo.com,Frecuente,2024-05-07
C02557,Héctor,Sánchez,35,Monterrey,NL,México,hector.sanchez2557@ejemplo.com,Standard,2024-05-07
C02558,Paola,Morales,68,Tijuana,BC,México,paola.morales2558@ejemplo.com,Standard,2024-05-07
C02559,Diego,Pérez,18,Chihuahua,CHIH,México,diego.perez2559@ejemplo.com,Frecuente,2024-05-08
C02560,Mariana,Reyes,31,Puebla,PUE,México,mariana.reyes2560@ejemplo.com,Premium,2024-05-08
C02561,Daniela,Hernández,35,Toluca,MEX,México,daniela.hernandez2561@ejemplo.com,Premium,2024-05-08
C02562,Laura,Ortiz,52,Guadalajara,JAL,México,laura.ortiz2562@ejemplo.com,Frecuente,2024-05-08
C02563,Fernanda,Vargas,41,Puebla,PUE,México,fernanda.vargas2563@ejemplo.com,Standard,2024-05-08
C02564,Héctor,García,27,Cancún,QROO,México,hector.garcia2564@ejemplo.com,Premium,2024-05-08
C02565,Sofía,Ortiz,51,Querétaro,QRO,México,sofia.ortiz2565@ejemplo.com,Standard,2024-05-09
C02566,Alejandro,Hernández,73,Mérida,YUC,México,alejandro.hernandez2566@ejemplo.com,Standard,2024-05-09
C02567,José,Gómez,25,León,GTO,México,jose.gomez2567@ejemplo.com,Frecuente,2024-05-09
C02568,Ana,Reyes,32,Ciudad de México,CDMX,México,ana.reyes2568@ejemplo.com,Standard,2024-05-09
C02569,María,Jiménez,45,León,GTO,México,maria.jimenez2569@ejemplo.com,Premium,2024-05-10
C02570,Luis,Cruz,60,Chihuahua,CHIH,México,luis.cruz2570@ejemplo.com,Standard,2024-05-10
C02571,Daniela,Sánchez,25,Toluca,MEX,México,daniela.sanchez2571@ejemplo.com,Premium,2024-05-11
C02572,Alejandro,Ramírez,31,Puebla,PUE,México,alejandro.ramirez2572@ejemplo.com,Frecuente,2024-05-11
C02573,Ricardo,Ortiz,31,Tijuana,BC,México,ricardo.ortiz2573@ejemplo.com,Premium,2024-05-11
C02574,Mariana,Flores,53,Veracruz,VER,México,mariana.flores2574@ejemplo.com,Standard,2024-05-12
C02575,Luis,Castillo,22,Toluca,MEX,México,luis.castillo2575@ejemplo.com,Standard,2024-05-12
C02576,Diego,Jiménez,56,Veracruz,VER,México,diego.jimenez2576@ejemplo.com,Standard,2024-05-12
C02577,Alejandro,García,42,Chihuahua,CHIH,México,alejandro.garcia2577@ejemplo.com,Standard,2024-05-13
C02578,Carlos,López,37,Querétaro,QRO,México,carlos.lopez2578@ejemplo.com,Standard,2024-05-13
C02579,Jorge,Hernández,68,Guadalajara,JAL,México,jorge.hernandez2579@ejemplo.com,Standard,2024-05-13
C02580,Daniela,Ruiz,65,Monterrey,NL,México,daniela.ruiz2580@ejemplo.com,Premium,2024-05-13
C02581,Miguel,Flores,64,Puebla,PUE,México,miguel.flores2581@ejemplo.com,Premium,2024-05-14
C02582,Ana,Morales,69,Chihuahua,CHIH,México,ana.morales2582@ejemplo.com,Standard,2024-05-14
C02583,Daniela,Mendoza,31,Puebla,PUE,México,daniela.mendoza2583@ejemplo.com,Premium,2024-05-14
C02584,Carlos,Mendoza,67,Tijuana,BC,México,carlos.mendoza2584@ejemplo.com,Standard,2024-05-15
C02585,Miguel,Ruiz,28,Chihuahua,CHIH,México,miguel.ruiz2585@ejemplo.com,Premium,2024-05-15
C02586,Miguel,Mendoza,37,Guadalajara,JAL,México,miguel.mendoza2586@ejemplo.com,Frecuente,2024-05-15
C02587,Héctor,Mendoza,50,Cancún,QROO,México,hector.mendoza2587@ejemplo.com,Premium,2024-05-15
C02588,Ricardo,Jiménez,61,Mérida,YUC,México,ricardo.jimenez2588@ejemplo.com,Standard,2024-05-16
C02589,Diego,Torres,51,Veracruz,VER,México,diego.torres2589@ejemplo.com,Premium,2024-05-17
C02590,Valeria,Rodríguez,50,Querétaro,QRO,México,valeria.rodriguez2590@ejemplo.com,Standard,2024-05-19
C02591,Diego,Rodríguez,39,Mérida,YUC,México,diego.rodriguez2591@ejemplo.com,Premium,2024-05-20
C02592,Daniela,Ortiz,52,Chihuahua,CHIH,México,daniela.ortiz2592@ejemplo.com,Standard,2024-05-20
C02593,Luis,López,45,Veracruz,VER,México,luis.lopez2593@ejemplo.com,Premium,2024-05-21
C02594,Jorge,Cruz,45,León,GTO,México,jorge.cruz2594@ejemplo.com,Standard,2024-05-21
C02595,Fernanda,Mendoza,51,León,GTO,México,fernanda.mendoza2595@ejemplo.com,Standard,2024-05-21
C02596,Paola,Torres,52,Chihuahua,CHIH,México,paola.torres2596@ejemplo.com,Frecuente,2024-05-21
C02597,Jorge,Ortiz,37,Veracruz,VER,México,jorge.ortiz2597@ejemplo.com,Standard,2024-05-22
C02598,José,García,25,León,GTO,México,jose.garcia2598@ejemplo.com,Standard,2024-05-22
C02599,Miguel,Pérez,35,Puebla,PUE,México,miguel.perez2599@ejemplo.com,Frecuente,2024-05-22
C02600,Sofía,Jiménez,41,Cancún,QROO,México,sofia.jimenez2600@ejemplo.com,Premium,2024-05-23
C02601,Diego,Cruz,27,Monterrey,NL,México,diego.cruz2601@ejemplo.com,Standard,2024-05-24
C02602,Miguel,Castillo,28,Mérida,YUC,México,miguel.castillo2602@ejemplo.com,Premium,2024-05-24
C02603,Sofía,Mendoza,73,Querétaro,QRO,México,sofia.mendoza2603@ejemplo.com,Standard,2024-05-24
C02604,Ana,Gómez,34,Veracruz,VER,México,ana.gomez2604@ejemplo.com,Premium,2024-05-24
C02605,Laura,Cruz,60,Mérida,YUC,México,laura.cruz2605@ejemplo.com,Premium,2024-05-25
C02606,Carlos,Flores,25,Veracruz,VER,México,carlos.flores2606@ejemplo.com,Standard,2024-05-25
C02607,Luis,Torres,74,Toluca,MEX,México,luis.torres2607@ejemplo.com,Standard,2024-05-25
C02608,Ricardo,Sánchez,30,Chihuahua,CHIH,México,ricardo.sanchez2608@ejemplo.com,Premium,2024-05-26
C02609,Sofía,López,40,Monterrey,NL,México,sofia.lopez2609@ejemplo.com,Standard,2024-05-26
C02610,Miguel,Morales,63,Toluca,MEX,México,miguel.morales2610@ejemplo.com,Frecuente,2024-05-26
C02611,Laura,Cruz,29,Puebla,PUE,México,laura.cruz2611@ejemplo.com,Premium,2024-05-26
C02612,Ricardo,Reyes,49,Mérida,YUC,México,ricardo.reyes2612@ejemplo.com,Premium,2024-05-27
C02613,Fernanda,Reyes,63,Querétaro,QRO,México,fernanda.reyes2613@ejemplo.com,Frecuente,2024-05-27
C02614,Daniela,Vargas,19,Puebla,PUE,México,daniela.vargas2614@ejemplo.com,Frecuente,2024-05-27
C02615,Paola,Pérez,19,Veracruz,VER,México,paola.perez2615@ejemplo.com,Premium,2024-05-28
C02616,Jorge,Cruz,63,Chihuahua,CHIH,México,jorge.cruz2616@ejemplo.com,Standard,2024-05-28
C02617,Jorge,Reyes,33,Mérida,YUC,México,jorge.reyes2617@ejemplo.com,Premium,2024-05-28
C02618,Alejandro,López,70,Ciudad de México,CDMX,México,alejandro.lopez2618@ejemplo.com,Frecuente,2024-05-28
C02619,Sofía,Martínez,71,Monterrey,NL,México,sofia.martinez2619@ejemplo.com,Premium,2024-05-30
C02620,Paola,Morales,69,Monterrey,NL,México,paola.morales2620@ejemplo.com,Premium,2024-05-30
C02621,Alejandro,Ruiz,75,Veracruz,VER,México,alejandro.ruiz2621@ejemplo.com,Premium,2024-05-31
C02622,Valeria,Sánchez,65,Tijuana,BC,México,valeria.sanchez2622@ejemplo.com,Standard,2024-06-01
C02623,Héctor,López,40,Ciudad de México,CDMX,México,hector.lopez2623@ejemplo.com,Premium,2024-06-01
C02624,Diego,Cruz,75,Cancún,QROO,México,diego.cruz2624@ejemplo.com,Standard,2024-06-01
C02625,Gabriela,Martínez,38,Veracruz,VER,México,gabriela.martinez2625@ejemplo.com,Standard,2024-06-01
C02626,Valeria,Jiménez,52,Mérida,YUC,México,valeria.jimenez2626@ejemplo.com,Standard,2024-06-01
C02627,Ana,Ruiz,18,Querétaro,QRO,México,ana.ruiz2627@ejemplo.com,Frecuente,2024-06-02
C02628,Laura,Sánchez,73,Monterrey,NL,México,laura.sanchez2628@ejemplo.com,Premium,2024-06-02
C02629,Andrés,Rodríguez,52,Chihuahua,CHIH,México,andres.rodriguez2629@ejemplo.com,Premium,2024-06-02
C02630,José,Vargas,73,Guadalajara,JAL,México,jose.vargas2630@ejemplo.com,Premium,2024-06-02
C02631,Carlos,Martínez,38,Veracruz,VER,México,carlos.martinez2631@ejemplo.com,Standard,2024-06-03
C02632,María,Flores,36,Monterrey,NL,México,maria.flores2632@ejemplo.com,Premium,2024-06-03
C02633,Mariana,Reyes,48,Guadalajara,JAL,México,mariana.reyes2633@ejemplo.com,Standard,2024-06-03
C02634,José,Flores,68,Tijuana,BC,México,jose.flores2634@ejemplo.com,Standard,2024-06-03
C02635,Laura,Hernández,49,Ciudad de México,CDMX,México,laura.hernandez2635@ejemplo.com,Standard,2024-06-03
C02636,Sofía,Morales,63,Ciudad de México,CDMX,México,sofia.morales2636@ejemplo.com,Standard,2024-06-04
C02637,Diego,Ruiz,30,Monterrey,NL,México,diego.ruiz2637@ejemplo.com,Premium,2024-06-04
C02638,Daniela,Gómez,62,León,GTO,México,daniela.gomez2638@ejemplo.com,Premium,2024-06-04
C02639,Héctor,Torres,60,Toluca,MEX,México,hector.torres2639@ejemplo.com,Standard,2024-06-04
C02640,Héctor,Torres,69,Monterrey,NL,México,hector.torres2640@ejemplo.com,Premium,2024-06-05
C02641,Jorge,Jiménez,21,Cancún,QROO,México,jorge.jimenez2641@ejemplo.com,Standard,2024-06-05
C02642,Paola,Castillo,40,Tijuana,BC,México,paola.castillo2642@ejemplo.com,Frecuente,2024-06-05
C02643,José,Castillo,23,Querétaro,QRO,México,jose.castillo2643@ejemplo.com,Premium,2024-06-06
C02644,Jorge,Hernández,41,Tijuana,BC,México,jorge.hernandez2644@ejemplo.com,Premium,2024-06-06
C02645,Diego,Morales,62,Chihuahua,CHIH,México,diego.morales2645@ejemplo.com,Premium,2024-06-06
C02646,Luis,Ruiz,55,Mérida,YUC,México,luis.ruiz2646@ejemplo.com,Premium,2024-06-06
C02647,Valeria,García,61,Mérida,YUC,México,valeria.garcia2647@ejemplo.com,Frecuente,2024-06-06
C02648,Miguel,Rodríguez,60,Chihuahua,CHIH,México,miguel.rodriguez2648@ejemplo.com,Frecuente,2024-06-06
C02649,Luis,Torres,75,Cancún,QROO,México,luis.torres2649@ejemplo.com,Premium,2024-06-06
C02650,Andrés,Ramírez,69,Guadalajara,JAL,México,andres.ramirez2650@ejemplo.com,Frecuente,2024-06-06
C02651,María,Hernández,52,Monterrey,NL,México,maria.hernandez2651@ejemplo.com,Premium,2024-06-06
C02652,Luis,Sánchez,68,Tijuana,BC,México,luis.sanchez2652@ejemplo.com,Frecuente,2024-06-07
C02653,Sofía,Cruz,20,Guadalajara,JAL,México,sofia.cruz2653@ejemplo.com,Frecuente,2024-06-07
C02654,Sofía,Cruz,59,León,GTO,México,sofia.cruz2654@ejemplo.com,Premium,2024-06-08
C02655,Diego,Morales,48,Querétaro,QRO,México,diego.morales2655@ejemplo.com,Standard,2024-06-08
C02656,Carlos,Ramírez,73,Ciudad de México,CDMX,México,carlos.ramirez2656@ejemplo.com,Standard,2024-06-08
C02657,Héctor,García,47,Tijuana,BC,México,hector.garcia2657@ejemplo.com,Premium,2024-06-09
C02658,Alejandro,Pérez,28,Toluca,MEX,México,alejandro.perez2658@ejemplo.com,Premium,2024-06-09
C02659,Jorge,Reyes,59,Chihuahua,CHIH,México,jorge.reyes2659@ejemplo.com,Standard,2024-06-09
C02660,Jorge,Castillo,73,Veracruz,VER,México,jorge.castillo2660@ejemplo.com,Premium,2024-06-10
C02661,Jorge,Gómez,18,Veracruz,VER,México,jorge.gomez2661@ejemplo.com,Premium,2024-06-10
C02662,Fernanda,Pérez,21,Cancún,QROO,México,fernanda.perez2662@ejemplo.com,Premium,2024-06-11
C02663,José,Reyes,56,Veracruz,VER,México,jose.reyes2663@ejemplo.com,Standard,2024-06-11
C02664,Jorge,Jiménez,50,Veracruz,VER,México,jorge.jimenez2664@ejemplo.com,Premium,2024-06-11
C02665,Paola,García,49,Cancún,QROO,México,paola.garcia2665@ejemplo.com,Standard,2024-06-11
C02666,José,Flores,23,Tijuana,BC,México,jose.flores2666@ejemplo.com,Premium,2024-06-12
C02667,Valeria,Gómez,51,Veracruz,VER,México,valeria.gomez2667@ejemplo.com,Premium,2024-06-12
C02668,Fernanda,Gómez,50,Tijuana,BC,México,fernanda.gomez2668@ejemplo.com,Standard,2024-06-13
C02669,Sofía,Cruz,67,Guadalajara,JAL,México,sofia.cruz2669@ejemplo.com,Premium,2024-06-13
C02670,Sofía,Morales,40,Guadalajara,JAL,México,sofia.morales2670@ejemplo.com,Standard,2024-06-13
C02671,Laura,Ruiz,38,Mérida,YUC,México,laura.ruiz2671@ejemplo.com,Premium,2024-06-13
C02672,José,Hernández,22,Ciudad de México,CDMX,México,jose.hernandez2672@ejemplo.com,Standard,2024-06-13
C02673,Andrés,García,50,Guadalajara,JAL,México,andres.garcia2673@ejemplo.com,Premium,2024-06-14
C02674,Daniela,Pérez,55,Monterrey,NL,México,daniela.perez2674@ejemplo.com,Frecuente,2024-06-14
C02675,Mariana,Ramírez,34,Mérida,YUC,México,mariana.ramirez2675@ejemplo.com,Premium,2024-06-14
C02676,Miguel,López,60,Querétaro,QRO,México,miguel.lopez2676@ejemplo.com,Frecuente,2024-06-14
C02677,Paola,Gómez,72,Mérida,YUC,México,paola.gomez2677@ejemplo.com,Premium,2024-06-15
C02678,Paola,Sánchez,28,Mérida,YUC,México,paola.sanchez2678@ejemplo.com,Premium,2024-06-15
C02679,José,Ramírez,51,Veracruz,VER,México,jose.ramirez2679@ejemplo.com,Standard,2024-06-15
C02680,Sofía,Morales,58,Monterrey,NL,México,sofia.morales2680@ejemplo.com,Premium,2024-06-15
C02681,María,Flores,19,Querétaro,QRO,México,maria.flores2681@ejemplo.com,Standard,2024-06-16
C02682,Daniela,Ruiz,28,Cancún,QROO,México,daniela.ruiz2682@ejemplo.com,Standard,2024-06-17
C02683,Gabriela,Jiménez,40,Puebla,PUE,México,gabriela.jimenez2683@ejemplo.com,Standard,2024-06-17
C02684,Jorge,Mendoza,25,Monterrey,NL,México,jorge.mendoza2684@ejemplo.com,Standard,2024-06-17
C02685,Luis,Reyes,38,Ciudad de México,CDMX,México,luis.reyes2685@ejemplo.com,Frecuente,2024-06-18
C02686,Daniela,Ruiz,26,Puebla,PUE,México,daniela.ruiz2686@ejemplo.com,Standard,2024-06-19
C02687,Laura,López,70,Puebla,PUE,México,laura.lopez2687@ejemplo.com,Premium,2024-06-19
C02688,Jorge,Gómez,52,Monterrey,NL,México,jorge.gomez2688@ejemplo.com,Standard,2024-06-19
C02689,Miguel,Pérez,37,Puebla,PUE,México,miguel.perez2689@ejemplo.com,Premium,2024-06-19
C02690,Mariana,García,63,León,GTO,México,mariana.garcia2690@ejemplo.com,Premium,2024-06-20
C02691,Gabriela,Ruiz,19,Toluca,MEX,México,gabriela.ruiz2691@ejemplo.com,Premium,2024-06-20
C02692,Luis,Torres,52,Mérida,YUC,México,luis.torres2692@ejemplo.com,Premium,2024-06-21
C02693,María,Jiménez,57,Ciudad de México,CDMX,México,maria.jimenez2693@ejemplo.com,Premium,2024-06-21
C02694,Andrés,Jiménez,64,León,GTO,México,andres.jimenez2694@ejemplo.com,Premium,2024-06-21
C02695,Jorge,Pérez,30,Guadalajara,JAL,México,jorge.perez2695@ejemplo.com,Standard,2024-06-21
C02696,Andrés,Morales,52,Ciudad de México,CDMX,México,andres.morales2696@ejemplo.com,Standard,2024-06-21
C02697,Luis,Flores,62,Mérida,YUC,México,luis.flores2697@ejemplo.com,Frecuente,2024-06-21
C02698,Ana,Gómez,64,Querétaro,QRO,México,ana.gomez2698@ejemplo.com,Premium,2024-06-21
C02699,Laura,Morales,28,Puebla,PUE,México,laura.morales2699@ejemplo.com,Premium,2024-06-21
C02700,Sofía,Vargas,74,Veracruz,VER,México,sofia.vargas2700@ejemplo.com,Standard,2024-06-22
C02701,Luis,Mendoza,33,Guadalajara,JAL,México,luis.mendoza2701@ejemplo.com,Premium,2024-06-22
C02702,José,Ortiz,40,Ciudad de México,CDMX,México,jose.ortiz2702@ejemplo.com,Premium,2024-06-22
C02703,Luis,Torres,29,Cancún,QROO,México,luis.torres2703@ejemplo.com,Standard,2024-06-22
C02704,Sofía,Mendoza,26,Querétaro,QRO,México,sofia.mendoza2704@ejemplo.com,Standard,2024-06-22
C02705,Alejandro,Rodríguez,32,Toluca,MEX,México,alejandro.rodriguez2705@ejemplo.com,Premium,2024-06-23
C02706,María,Ortiz,25,Ciudad de México,CDMX,México,maria.ortiz2706@ejemplo.com,Standard,2024-06-23
C02707,Héctor,Hernández,60,Querétaro,QRO,México,hector.hernandez2707@ejemplo.com,Standard,2024-06-23
C02708,María,Pérez,52,Guadalajara,JAL,México,maria.perez2708@ejemplo.com,Frecuente,2024-06-23
C02709,José,Ortiz,40,Ciudad de México,CDMX,México,jose.ortiz2709@ejemplo.com,Premium,2024-06-24
C02710,Jorge,García,49,Querétaro,QRO,México,jorge.garcia2710@ejemplo.com,Standard,2024-06-24
C02711,Sofía,Ruiz,53,León,GTO,México,sofia.ruiz2711@ejemplo.com,Standard,2024-06-24
C02712,Ana,Gómez,28,Guadalajara,JAL,México,ana.gomez2712@ejemplo.com,Premium,2024-06-24
C02713,María,López,35,Chihuahua,CHIH,México,maria.lopez2713@ejemplo.com,Standard,2024-06-24
C02714,Héctor,López,69,Mérida,YUC,México,hector.lopez2714@ejemplo.com,Standard,2024-06-24
C02715,Diego,Pérez,18,Querétaro,QRO,México,diego.perez2715@ejemplo.com,Premium,2024-06-25
C02716,José,Mendoza,73,Veracruz,VER,México,jose.mendoza2716@ejemplo.com,Standard,2024-06-25
C02717,Daniela,Rodríguez,73,Puebla,PUE,México,daniela.rodriguez2717@ejemplo.com,Premium,2024-06-25
C02718,Andrés,Flores,32,Monterrey,NL,México,andres.flores2718@ejemplo.com,Standard,2024-06-26
C02719,José,Cruz,36,Toluca,MEX,México,jose.cruz2719@ejemplo.com,Premium,2024-06-26
C02720,Laura,Gómez,29,Guadalajara,JAL,México,laura.gomez2720@ejemplo.com,Standard,2024-06-26
C02721,Miguel,Ramírez,50,Chihuahua,CHIH,México,miguel.ramirez2721@ejemplo.com,Premium,2024-06-26
C02722,Fernanda,López,30,Toluca,MEX,México,fernanda.lopez2722@ejemplo.com,Standard,2024-06-27
C02723,Héctor,Rodríguez,63,Veracruz,VER,México,hector.rodriguez2723@ejemplo.com,Standard,2024-06-27
C02724,Miguel,Torres,40,Querétaro,QRO,México,miguel.torres2724@ejemplo.com,Standard,2024-06-27
C02725,Gabriela,Mendoza,74,Cancún,QROO,México,gabriela.mendoza2725@ejemplo.com,Standard,2024-06-28
C02726,Daniela,Flores,67,Chihuahua,CHIH,México,daniela.flores2726@ejemplo.com,Premium,2024-06-28
C02727,Miguel,Pérez,41,Guadalajara,JAL,México,miguel.perez2727@ejemplo.com,Premium,2024-06-29
C02728,Carlos,Rodríguez,52,Puebla,PUE,México,carlos.rodriguez2728@ejemplo.com,Standard,2024-06-30
C02729,Ana,Mendoza,19,Querétaro,QRO,México,ana.mendoza2729@ejemplo.com,Premium,2024-06-30
C02730,Alejandro,Ruiz,21,Cancún,QROO,México,alejandro.ruiz2730@ejemplo.com,Standard,2024-06-30
C02731,Valeria,Mendoza,47,León,GTO,México,valeria.mendoza2731@ejemplo.com,Standard,2024-07-01
C02732,Carlos,Hernández,45,Veracruz,VER,México,carlos.hernandez2732@ejemplo.com,Frecuente,2024-07-01
C02733,Sofía,Torres,41,Querétaro,QRO,México,sofia.torres2733@ejemplo.com,Premium,2024-07-01
C02734,Valeria,Pérez,23,Monterrey,NL,México,valeria.perez2734@ejemplo.com,Standard,2024-07-02
C02735,Miguel,Castillo,66,Monterrey,NL,México,miguel.castillo2735@ejemplo.com,Premium,2024-07-02
C02736,Sofía,Castillo,41,Toluca,MEX,México,sofia.castillo2736@ejemplo.com,Frecuente,2024-07-02
C02737,Ricardo,Hernández,45,Querétaro,QRO,México,ricardo.hernandez2737@ejemplo.com,Standard,2024-07-02
C02738,Jorge,Ramírez,41,Cancún,QROO,México,jorge.ramirez2738@ejemplo.com,Standard,2024-07-02
C02739,Daniela,Rodríguez,46,Mérida,YUC,México,daniela.rodriguez2739@ejemplo.com,Standard,2024-07-03
C02740,Fernanda,Morales,55,Toluca,MEX,México,fernanda.morales2740@ejemplo.com,Premium,2024-07-04
C02741,Diego,Gómez,62,Monterrey,NL,México,diego.gomez2741@ejemplo.com,Standard,2024-07-04
C02742,María,Ruiz,49,Monterrey,NL,México,maria.ruiz2742@ejemplo.com,Standard,2024-07-04
C02743,Héctor,García,27,León,GTO,México,hector.garcia2743@ejemplo.com,Premium,2024-07-05
C02744,Ana,Reyes,68,Querétaro,QRO,México,ana.reyes2744@ejemplo.com,Frecuente,2024-07-05
C02745,Ricardo,López,34,Toluca,MEX,México,ricardo.lopez2745@ejemplo.com,Frecuente,2024-07-05
C02746,Diego,Jiménez,18,Guadalajara,JAL,México,diego.jimenez2746@ejemplo.com,Frecuente,2024-07-05
C02747,Héctor,López,20,Puebla,PUE,México,hector.lopez2747@ejemplo.com,Standard,2024-07-05
C02748,Diego,Morales,62,Veracruz,VER,México,diego.morales2748@ejemplo.com,Premium,2024-07-05
C02749,Valeria,Cruz,40,Chihuahua,CHIH,México,valeria.cruz2749@ejemplo.com,Standard,2024-07-06
C02750,Mariana,García,19,Ciudad de México,CDMX,México,mariana.garcia2750@ejemplo.com,Premium,2024-07-06
C02751,Jorge,Torres,65,Toluca,MEX,México,jorge.torres2751@ejemplo.com,Standard,2024-07-06
C02752,José,Castillo,35,Ciudad de México,CDMX,México,jose.castillo2752@ejemplo.com,Premium,2024-07-07
C02753,Ana,Hernández,74,Guadalajara,JAL,México,ana.hernandez2753@ejemplo.com,Frecuente,2024-07-07
C02754,Miguel,García,69,Chihuahua,CHIH,México,miguel.garcia2754@ejemplo.com,Premium,2024-07-07
C02755,Ricardo,Vargas,20,Guadalajara,JAL,México,ricardo.vargas2755@ejemplo.com,Premium,2024-07-07
C02756,Mariana,Ruiz,58,Puebla,PUE,México,mariana.ruiz2756@ejemplo.com,Premium,2024-07-08
C02757,Diego,García,52,Guadalajara,JAL,México,diego.garcia2757@ejemplo.com,Standard,2024-07-08
C02758,Miguel,García,27,Cancún,QROO,México,miguel.garcia2758@ejemplo.com,Premium,2024-07-09
C02759,Héctor,Cruz,37,Ciudad de México,CDMX,México,hector.cruz2759@ejemplo.com,Premium,2024-07-09
C02760,José,Gómez,46,Puebla,PUE,México,jose.gomez2760@ejemplo.com,Premium,2024-07-09
C02761,María,Flores,26,Puebla,PUE,México,maria.flores2761@ejemplo.com,Premium,2024-07-10
C02762,Andrés,Morales,59,Cancún,QROO,México,andres.morales2762@ejemplo.com,Frecuente,2024-07-10
C02763,Luis,Rodríguez,34,Querétaro,QRO,México,luis.rodriguez2763@ejemplo.com,Standard,2024-07-10
C02764,Alejandro,Ruiz,72,Monterrey,NL,México,alejandro.ruiz2764@ejemplo.com,Premium,2024-07-10
C02765,Fernanda,Hernández,64,Querétaro,QRO,México,fernanda.hernandez2765@ejemplo.com,Premium,2024-07-11
C02766,Andrés,Vargas,54,Querétaro,QRO,México,andres.vargas2766@ejemplo.com,Premium,2024-07-11
C02767,Gabriela,Pérez,24,Tijuana,BC,México,gabriela.perez2767@ejemplo.com,Premium,2024-07-12
C02768,Fernanda,Ortiz,19,Mérida,YUC,México,fernanda.ortiz2768@ejemplo.com,Premium,2024-07-12
C02769,Sofía,Torres,26,Puebla,PUE,México,sofia.torres2769@ejemplo.com,Premium,2024-07-12
C02770,Mariana,Sánchez,46,Tijuana,BC,México,mariana.sanchez2770@ejemplo.com,Premium,2024-07-13
C02771,Ana,Sánchez,63,Toluca,MEX,México,ana.sanchez2771@ejemplo.com,Premium,2024-07-13
C02772,Miguel,Ruiz,26,Puebla,PUE,México,miguel.ruiz2772@ejemplo.com,Standard,2024-07-14
C02773,Valeria,Flores,59,Puebla,PUE,México,valeria.flores2773@ejemplo.com,Premium,2024-07-14
C02774,Mariana,García,20,Guadalajara,JAL,México,mariana.garcia2774@ejemplo.com,Standard,2024-07-14
C02775,Laura,Rodríguez,33,León,GTO,México,laura.rodriguez2775@ejemplo.com,Standard,2024-07-15
C02776,Héctor,Rodríguez,52,León,GTO,México,hector.rodriguez2776@ejemplo.com,Frecuente,2024-07-15
C02777,Héctor,Mendoza,66,León,GTO,México,hector.mendoza2777@ejemplo.com,Premium,2024-07-15
C02778,Alejandro,Jiménez,63,Monterrey,NL,México,alejandro.jimenez2778@ejemplo.com,Standard,2024-07-15
C02779,José,Hernández,48,Querétaro,QRO,México,jose.hernandez2779@ejemplo.com,Frecuente,2024-07-16
C02780,Sofía,Castillo,20,Puebla,PUE,México,sofia.castillo2780@ejemplo.com,Frecuente,2024-07-16
C02781,Luis,Pérez,35,Toluca,MEX,México,luis.perez2781@ejemplo.com,Standard,2024-07-16
C02782,Diego,Rodríguez,63,Tijuana,BC,México,diego.rodriguez2782@ejemplo.com,Premium,2024-07-16
C02783,Héctor,Flores,22,Tijuana,BC,México,hector.flores2783@ejemplo.com,Frecuente,2024-07-17
C02784,Daniela,Torres,58,Querétaro,QRO,México,daniela.torres2784@ejemplo.com,Standard,2024-07-18
C02785,Fernanda,Jiménez,58,Toluca,MEX,México,fernanda.jimenez2785@ejemplo.com,Premium,2024-07-18
C02786,Luis,López,61,León,GTO,México,luis.lopez2786@ejemplo.com,Premium,2024-07-18
C02787,Andrés,Sánchez,30,Toluca,MEX,México,andres.sanchez2787@ejemplo.com,Frecuente,2024-07-18
C02788,Luis,Rodríguez,32,Querétaro,QRO,México,luis.rodriguez2788@ejemplo.com,Premium,2024-07-18
C02789,Héctor,Hernández,29,Toluca,MEX,México,hector.hernandez2789@ejemplo.com,Standard,2024-07-19
C02790,Alejandro,Torres,40,Chihuahua,CHIH,México,alejandro.torres2790@ejemplo.com,Premium,2024-07-20
C02791,Alejandro,Reyes,48,Mérida,YUC,México,alejandro.reyes2791@ejemplo.com,Standard,2024-07-20
C02792,Jorge,Ortiz,24,León,GTO,México,jorge.ortiz2792@ejemplo.com,Premium,2024-07-20
C02793,Andrés,Gómez,50,Chihuahua,CHIH,México,andres.gomez2793@ejemplo.com,Standard,2024-07-20
C02794,Carlos,Ortiz,31,Chihuahua,CHIH,México,carlos.ortiz2794@ejemplo.com,Standard,2024-07-21
C02795,Miguel,Gómez,50,Puebla,PUE,México,miguel.gomez2795@ejemplo.com,Frecuente,2024-07-21
C02796,José,Sánchez,35,León,GTO,México,jose.sanchez2796@ejemplo.com,Premium,2024-07-22
C02797,Gabriela,Martínez,73,Querétaro,QRO,México,gabriela.martinez2797@ejemplo.com,Premium,2024-07-23
C02798,Diego,Ramírez,36,Guadalajara,JAL,México,diego.ramirez2798@ejemplo.com,Premium,2024-07-23
C02799,Luis,Flores,68,Tijuana,BC,México,luis.flores2799@ejemplo.com,Premium,2024-07-24
C02800,Ricardo,Cruz,28,Veracruz,VER,México,ricardo.cruz2800@ejemplo.com,Frecuente,2024-07-24
C02801,José,Ruiz,22,Veracruz,VER,México,jose.ruiz2801@ejemplo.com,Premium,2024-07-25
C02802,Diego,Sánchez,28,Toluca,MEX,México,diego.sanchez2802@ejemplo.com,Premium,2024-07-25
C02803,Andrés,López,42,Veracruz,VER,México,andres.lopez2803@ejemplo.com,Standard,2024-07-25
C02804,Héctor,Castillo,70,Mérida,YUC,México,hector.castillo2804@ejemplo.com,Premium,2024-07-26
C02805,Paola,Rodríguez,28,Toluca,MEX,México,paola.rodriguez2805@ejemplo.com,Premium,2024-07-27
C02806,Andrés,Martínez,63,Guadalajara,JAL,México,andres.martinez2806@ejemplo.com,Standard,2024-07-27
C02807,Ana,Reyes,58,Puebla,PUE,México,ana.reyes2807@ejemplo.com,Premium,2024-07-27
C02808,Luis,Flores,37,Monterrey,NL,México,luis.flores2808@ejemplo.com,Frecuente,2024-07-28
C02809,Diego,Sánchez,37,Veracruz,VER,México,diego.sanchez2809@ejemplo.com,Standard,2024-07-28
C02810,María,Sánchez,72,Cancún,QROO,México,maria.sanchez2810@ejemplo.com,Premium,2024-07-29
C02811,Luis,Rodríguez,59,Veracruz,VER,México,luis.rodriguez2811@ejemplo.com,Standard,2024-07-29
C02812,Daniela,Morales,31,Tijuana,BC,México,daniela.morales2812@ejemplo.com,Frecuente,2024-07-29
C02813,Laura,Torres,70,Tijuana,BC,México,laura.torres2813@ejemplo.com,Premium,2024-07-29
C02814,Héctor,Jiménez,41,León,GTO,México,hector.jimenez2814@ejemplo.com,Standard,2024-07-29
C02815,Fernanda,Rodríguez,22,Mérida,YUC,México,fernanda.rodriguez2815@ejemplo.com,Premium,2024-07-29
C02816,Gabriela,Castillo,65,Tijuana,BC,México,gabriela.castillo2816@ejemplo.com,Standard,2024-07-30
C02817,Luis,Gómez,68,Puebla,PUE,México,luis.gomez2817@ejemplo.com,Standard,2024-07-30
C02818,Luis,Torres,43,Mérida,YUC,México,luis.torres2818@ejemplo.com,Premium,2024-07-30
C02819,Daniela,Rodríguez,58,Ciudad de México,CDMX,México,daniela.rodriguez2819@ejemplo.com,Standard,2024-07-30
C02820,Héctor,Castillo,31,Monterrey,NL,México,hector.castillo2820@ejemplo.com,Premium,2024-07-31
C02821,Ricardo,Pérez,67,Ciudad de México,CDMX,México,ricardo.perez2821@ejemplo.com,Standard,2024-07-31
C02822,Luis,Martínez,39,Guadalajara,JAL,México,luis.martinez2822@ejemplo.com,Standard,2024-07-31
C02823,Miguel,Hernández,33,Monterrey,NL,México,miguel.hernandez2823@ejemplo.com,Premium,2024-07-31
C02824,Fernanda,Ortiz,47,Ciudad de México,CDMX,México,fernanda.ortiz2824@ejemplo.com,Premium,2024-08-01
C02825,Héctor,Flores,33,Ciudad de México,CDMX,México,hector.flores2825@ejemplo.com,Frecuente,2024-08-01
C02826,Gabriela,Pérez,53,Toluca,MEX,México,gabriela.perez2826@ejemplo.com,Premium,2024-08-01
C02827,Sofía,Gómez,61,Monterrey,NL,México,sofia.gomez2827@ejemplo.com,Premium,2024-08-01
C02828,María,Mendoza,41,Mérida,YUC,México,maria.mendoza2828@ejemplo.com,Premium,2024-08-01
C02829,Valeria,Flores,63,Guadalajara,JAL,México,valeria.flores2829@ejemplo.com,Standard,2024-08-01
C02830,María,Flores,43,Veracruz,VER,México,maria.flores2830@ejemplo.com,Premium,2024-08-02
C02831,Ricardo,Mendoza,74,Monterrey,NL,México,ricardo.mendoza2831@ejemplo.com,Frecuente,2024-08-02
C02832,Carlos,Sánchez,33,León,GTO,México,carlos.sanchez2832@ejemplo.com,Standard,2024-08-02
C02833,José,Reyes,58,Cancún,QROO,México,jose.reyes2833@ejemplo.com,Premium,2024-08-02
C02834,Luis,Pérez,49,Toluca,MEX,México,luis.perez2834@ejemplo.com,Standard,2024-08-02
C02835,Alejandro,López,72,Cancún,QROO,México,alejandro.lopez2835@ejemplo.com,Premium,2024-08-03
C02836,Luis,Castillo,30,Mérida,YUC,México,luis.castillo2836@ejemplo.com,Premium,2024-08-03
C02837,María,Rodríguez,29,Toluca,MEX,México,maria.rodriguez2837@ejemplo.com,Standard,2024-08-03
C02838,Daniela,Ruiz,68,Toluca,MEX,México,daniela.ruiz2838@ejemplo.com,Premium,2024-08-04
C02839,Paola,Torres,70,Tijuana,BC,México,paola.torres2839@ejemplo.com,Frecuente,2024-08-04
C02840,José,Vargas,61,Veracruz,VER,México,jose.vargas2840@ejemplo.com,Standard,2024-08-04
C02841,Fernanda,Rodríguez,45,Veracruz,VER,México,fernanda.rodriguez2841@ejemplo.com,Premium,2024-08-05
C02842,Ana,López,41,León,GTO,México,ana.lopez2842@ejemplo.com,Frecuente,2024-08-07
C02843,Gabriela,Torres,56,Veracruz,VER,México,gabriela.torres2843@ejemplo.com,Standard,2024-08-07
C02844,Gabriela,Flores,61,Guadalajara,JAL,México,gabriela.flores2844@ejemplo.com,Premium,2024-08-08
C02845,Ricardo,Vargas,34,Mérida,YUC,México,ricardo.vargas2845@ejemplo.com,Standard,2024-08-08
C02846,Carlos,Vargas,18,Cancún,QROO,México,carlos.vargas2846@ejemplo.com,Frecuente,2024-08-09
C02847,Sofía,Pérez,22,Veracruz,VER,México,sofia.perez2847@ejemplo.com,Premium,2024-08-09
C02848,Alejandro,Ortiz,37,Guadalajara,JAL,México,alejandro.ortiz2848@ejemplo.com,Premium,2024-08-10
C02849,Laura,García,57,Toluca,MEX,México,laura.garcia2849@ejemplo.com,Standard,2024-08-10
C02850,Ana,Reyes,43,Ciudad de México,CDMX,México,ana.reyes2850@ejemplo.com,Premium,2024-08-11
C02851,Carlos,Mendoza,53,Tijuana,BC,México,carlos.mendoza2851@ejemplo.com,Premium,2024-08-12
C02852,Valeria,Martínez,45,León,GTO,México,valeria.martinez2852@ejemplo.com,Standard,2024-08-12
C02853,Ana,García,32,Puebla,PUE,México,ana.garcia2853@ejemplo.com,Frecuente,2024-08-12
C02854,Luis,Rodríguez,61,Chihuahua,CHIH,México,luis.rodriguez2854@ejemplo.com,Standard,2024-08-12
C02855,Andrés,Castillo,59,Veracruz,VER,México,andres.castillo2855@ejemplo.com,Premium,2024-08-13
C02856,Héctor,Hernández,73,Guadalajara,JAL,México,hector.hernandez2856@ejemplo.com,Premium,2024-08-13
C02857,Laura,Rodríguez,65,Puebla,PUE,México,laura.rodriguez2857@ejemplo.com,Premium,2024-08-13
C02858,Diego,Gómez,40,Ciudad de México,CDMX,México,diego.gomez2858@ejemplo.com,Premium,2024-08-14
C02859,Laura,Mendoza,58,León,GTO,México,laura.mendoza2859@ejemplo.com,Standard,2024-08-14
C02860,Alejandro,Rodríguez,38,Chihuahua,CHIH,México,alejandro.rodriguez2860@ejemplo.com,Premium,2024-08-15
C02861,Daniela,Mendoza,68,Cancún,QROO,México,daniela.mendoza2861@ejemplo.com,Frecuente,2024-08-15
C02862,Luis,Pérez,53,Guadalajara,JAL,México,luis.perez2862@ejemplo.com,Standard,2024-08-15
C02863,Paola,Ramírez,66,Monterrey,NL,México,paola.ramirez2863@ejemplo.com,Standard,2024-08-15
C02864,Valeria,Pérez,34,Ciudad de México,CDMX,México,valeria.perez2864@ejemplo.com,Frecuente,2024-08-16
C02865,Ana,López,18,Querétaro,QRO,México,ana.lopez2865@ejemplo.com,Standard,2024-08-16
C02866,Luis,Rodríguez,26,León,GTO,México,luis.rodriguez2866@ejemplo.com,Frecuente,2024-08-17
C02867,Andrés,Ramírez,48,Guadalajara,JAL,México,andres.ramirez2867@ejemplo.com,Standard,2024-08-17
C02868,Miguel,Mendoza,73,Chihuahua,CHIH,México,miguel.mendoza2868@ejemplo.com,Standard,2024-08-17
C02869,Jorge,Flores,54,Puebla,PUE,México,jorge.flores2869@ejemplo.com,Premium,2024-08-17
C02870,Fernanda,Ramírez,64,Mérida,YUC,México,fernanda.ramirez2870@ejemplo.com,Premium,2024-08-18
C02871,Laura,Torres,45,León,GTO,México,laura.torres2871@ejemplo.com,Frecuente,2024-08-18
C02872,Sofía,Hernández,73,Mérida,YUC,México,sofia.hernandez2872@ejemplo.com,Premium,2024-08-18
C02873,José,Rodríguez,72,Querétaro,QRO,México,jose.rodriguez2873@ejemplo.com,Frecuente,2024-08-19
C02874,Carlos,Flores,30,Tijuana,BC,México,carlos.flores2874@ejemplo.com,Premium,2024-08-19
C02875,Sofía,Ruiz,68,Querétaro,QRO,México,sofia.ruiz2875@ejemplo.com,Standard,2024-08-19
C02876,Jorge,López,19,Monterrey,NL,México,jorge.lopez2876@ejemplo.com,Premium,2024-08-19
C02877,José,Ruiz,52,Puebla,PUE,México,jose.ruiz2877@ejemplo.com,Frecuente,2024-08-20
C02878,Fernanda,Ruiz,43,Toluca,MEX,México,fernanda.ruiz2878@ejemplo.com,Premium,2024-08-21
C02879,Paola,Castillo,35,Chihuahua,CHIH,México,paola.castillo2879@ejemplo.com,Premium,2024-08-21
C02880,Laura,Ramírez,72,Chihuahua,CHIH,México,laura.ramirez2880@ejemplo.com,Frecuente,2024-08-22
C02881,María,Morales,56,Puebla,PUE,México,maria.morales2881@ejemplo.com,Premium,2024-08-22
C02882,Laura,Gómez,26,Puebla,PUE,México,laura.gomez2882@ejemplo.com,Premium,2024-08-22
C02883,Alejandro,Vargas,26,Ciudad de México,CDMX,México,alejandro.vargas2883@ejemplo.com,Frecuente,2024-08-23
C02884,Ricardo,Mendoza,24,Puebla,PUE,México,ricardo.mendoza2884@ejemplo.com,Frecuente,2024-08-23
C02885,Héctor,Torres,35,Cancún,QROO,México,hector.torres2885@ejemplo.com,Premium,2024-08-23
C02886,Ricardo,Cruz,21,Puebla,PUE,México,ricardo.cruz2886@ejemplo.com,Standard,2024-08-23
C02887,Carlos,Cruz,33,León,GTO,México,carlos.cruz2887@ejemplo.com,Premium,2024-08-23
C02888,Jorge,Cruz,62,Ciudad de México,CDMX,México,jorge.cruz2888@ejemplo.com,Premium,2024-08-24
C02889,Héctor,Ruiz,68,Tijuana,BC,México,hector.ruiz2889@ejemplo.com,Standard,2024-08-24
C02890,Ricardo,Castillo,63,Puebla,PUE,México,ricardo.castillo2890@ejemplo.com,Premium,2024-08-25
C02891,Ana,Martínez,46,Querétaro,QRO,México,ana.martinez2891@ejemplo.com,Standard,2024-08-25
C02892,Gabriela,Sánchez,58,Ciudad de México,CDMX,México,gabriela.sanchez2892@ejemplo.com,Premium,2024-08-26
C02893,Carlos,Castillo,72,Querétaro,QRO,México,carlos.castillo2893@ejemplo.com,Frecuente,2024-08-26
C02894,Ana,Vargas,21,Toluca,MEX,México,ana.vargas2894@ejemplo.com,Standard,2024-08-26
C02895,Andrés,Flores,70,Chihuahua,CHIH,México,andres.flores2895@ejemplo.com,Premium,2024-08-28
C02896,Laura,Gómez,59,Puebla,PUE,México,laura.gomez2896@ejemplo.com,Frecuente,2024-08-28
C02897,Gabriela,Martínez,40,Querétaro,QRO,México,gabriela.martinez2897@ejemplo.com,Frecuente,2024-08-28
C02898,Gabriela,Vargas,44,León,GTO,México,gabriela.vargas2898@ejemplo.com,Premium,2024-08-29
C02899,Gabriela,Hernández,43,Querétaro,QRO,México,gabriela.hernandez2899@ejemplo.com,Frecuente,2024-08-29
C02900,Sofía,Ortiz,27,Mérida,YUC,México,sofia.ortiz2900@ejemplo.com,Premium,2024-08-29
C02901,Diego,Rodríguez,31,Tijuana,BC,México,diego.rodriguez2901@ejemplo.com,Premium,2024-08-29
C02902,José,García,35,Chihuahua,CHIH,México,jose.garcia2902@ejemplo.com,Premium,2024-08-30
C02903,Carlos,Reyes,18,Cancún,QROO,México,carlos.reyes2903@ejemplo.com,Premium,2024-08-30
C02904,Mariana,García,47,Veracruz,VER,México,mariana.garcia2904@ejemplo.com,Standard,2024-08-30
C02905,Jorge,Mendoza,45,Toluca,MEX,México,jorge.mendoza2905@ejemplo.com,Standard,2024-08-30
C02906,Alejandro,Gómez,37,Tijuana,BC,México,alejandro.gomez2906@ejemplo.com,Frecuente,2024-08-30
C02907,Paola,Pérez,28,Puebla,PUE,México,paola.perez2907@ejemplo.com,Premium,2024-08-31
C02908,Andrés,García,74,Guadalajara,JAL,México,andres.garcia2908@ejemplo.com,Premium,2024-08-31
C02909,Diego,García,57,Cancún,QROO,México,diego.garcia2909@ejemplo.com,Premium,2024-08-31
C02910,Laura,Vargas,45,León,GTO,México,laura.vargas2910@ejemplo.com,Premium,2024-08-31
C02911,Miguel,Jiménez,59,Tijuana,BC,México,miguel.jimenez2911@ejemplo.com,Frecuente,2024-09-01
C02912,Valeria,Morales,39,Ciudad de México,CDMX,México,valeria.morales2912@ejemplo.com,Standard,2024-09-02
C02913,Ana,Morales,30,Toluca,MEX,México,ana.morales2913@ejemplo.com,Standard,2024-09-03
C02914,Mariana,Gómez,57,Monterrey,NL,México,mariana.gomez2914@ejemplo.com,Standard,2024-09-03
C02915,Diego,Reyes,62,Mérida,YUC,México,diego.reyes2915@ejemplo.com,Premium,2024-09-03
C02916,Alejandro,Morales,55,Ciudad de México,CDMX,México,alejandro.morales2916@ejemplo.com,Premium,2024-09-03
C02917,Daniela,Cruz,50,Ciudad de México,CDMX,México,daniela.cruz2917@ejemplo.com,Premium,2024-09-04
C02918,Diego,Flores,18,Chihuahua,CHIH,México,diego.flores2918@ejemplo.com,Frecuente,2024-09-04
C02919,Laura,Reyes,54,León,GTO,México,laura.reyes2919@ejemplo.com,Premium,2024-09-05
C02920,María,Morales,53,Ciudad de México,CDMX,México,maria.morales2920@ejemplo.com,Premium,2024-09-05
C02921,Carlos,Mendoza,41,Guadalajara,JAL,México,carlos.mendoza2921@ejemplo.com,Standard,2024-09-05
C02922,Carlos,Castillo,32,Querétaro,QRO,México,carlos.castillo2922@ejemplo.com,Premium,2024-09-07
C02923,Luis,Sánchez,74,León,GTO,México,luis.sanchez2923@ejemplo.com,Standard,2024-09-08
C02924,Diego,Morales,39,Querétaro,QRO,México,diego.morales2924@ejemplo.com,Premium,2024-09-08
C02925,Diego,López,33,Chihuahua,CHIH,México,diego.lopez2925@ejemplo.com,Standard,2024-09-09
C02926,Daniela,Morales,58,Cancún,QROO,México,daniela.morales2926@ejemplo.com,Premium,2024-09-09
C02927,Mariana,Morales,45,Cancún,QROO,México,mariana.morales2927@ejemplo.com,Frecuente,2024-09-10
C02928,Sofía,García,50,Puebla,PUE,México,sofia.garcia2928@ejemplo.com,Standard,2024-09-10
C02929,Alejandro,Martínez,55,León,GTO,México,alejandro.martinez2929@ejemplo.com,Premium,2024-09-10
C02930,Carlos,Ramírez,39,Chihuahua,CHIH,México,carlos.ramirez2930@ejemplo.com,Standard,2024-09-11
C02931,Carlos,Pérez,26,Ciudad de México,CDMX,México,carlos.perez2931@ejemplo.com,Standard,2024-09-11
C02932,Laura,Ruiz,27,León,GTO,México,laura.ruiz2932@ejemplo.com,Standard,2024-09-11
C02933,José,Hernández,72,Chihuahua,CHIH,México,jose.hernandez2933@ejemplo.com,Frecuente,2024-09-12
C02934,Fernanda,Castillo,47,Querétaro,QRO,México,fernanda.castillo2934@ejemplo.com,Standard,2024-09-12
C02935,Daniela,Ruiz,42,Toluca,MEX,México,daniela.ruiz2935@ejemplo.com,Premium,2024-09-13
C02936,Ricardo,Morales,36,Tijuana,BC,México,ricardo.morales2936@ejemplo.com,Premium,2024-09-13
C02937,Ricardo,Torres,59,Monterrey,NL,México,ricardo.torres2937@ejemplo.com,Premium,2024-09-14
C02938,José,Jiménez,70,Toluca,MEX,México,jose.jimenez2938@ejemplo.com,Standard,2024-09-14
C02939,Laura,Ortiz,62,Puebla,PUE,México,laura.ortiz2939@ejemplo.com,Frecuente,2024-09-14
C02940,Diego,Ruiz,48,Toluca,MEX,México,diego.ruiz2940@ejemplo.com,Standard,2024-09-14
C02941,Jorge,Ortiz,45,Puebla,PUE,México,jorge.ortiz2941@ejemplo.com,Premium,2024-09-14
C02942,Mariana,Pérez,68,Tijuana,BC,México,mariana.perez2942@ejemplo.com,Frecuente,2024-09-15
C02943,Valeria,Reyes,67,León,GTO,México,valeria.reyes2943@ejemplo.com,Standard,2024-09-15
C02944,Diego,Torres,40,Tijuana,BC,México,diego.torres2944@ejemplo.com,Premium,2024-09-15
C02945,Mariana,Ortiz,73,Toluca,MEX,México,mariana.ortiz2945@ejemplo.com,Frecuente,2024-09-16
C02946,Luis,Jiménez,65,Ciudad de México,CDMX,México,luis.jimenez2946@ejemplo.com,Premium,2024-09-17
C02947,Andrés,Vargas,67,Ciudad de México,CDMX,México,andres.vargas2947@ejemplo.com,Standard,2024-09-17
C02948,Ricardo,Ramírez,21,Ciudad de México,CDMX,México,ricardo.ramirez2948@ejemplo.com,Standard,2024-09-17
C02949,Valeria,Ramírez,25,Puebla,PUE,México,valeria.ramirez2949@ejemplo.com,Frecuente,2024-09-17
C02950,Laura,Rodríguez,35,Ciudad de México,CDMX,México,laura.rodriguez2950@ejemplo.com,Premium,2024-09-17
C02951,Jorge,Martínez,62,Tijuana,BC,México,jorge.martinez2951@ejemplo.com,Premium,2024-09-18
C02952,Ana,Martínez,22,Ciudad de México,CDMX,México,ana.martinez2952@ejemplo.com,Standard,2024-09-19
C02953,Alejandro,Mendoza,22,Toluca,MEX,México,alejandro.mendoza2953@ejemplo.com,Frecuente,2024-09-19
C02954,Laura,Ortiz,19,Guadalajara,JAL,México,laura.ortiz2954@ejemplo.com,Premium,2024-09-20
C02955,Daniela,García,29,Veracruz,VER,México,daniela.garcia2955@ejemplo.com,Premium,2024-09-20
C02956,Diego,Pérez,71,Chihuahua,CHIH,México,diego.perez2956@ejemplo.com,Frecuente,2024-09-20
C02957,Daniela,Gómez,59,León,GTO,México,daniela.gomez2957@ejemplo.com,Standard,2024-09-20
C02958,Fernanda,Castillo,59,Toluca,MEX,México,fernanda.castillo2958@ejemplo.com,Premium,2024-09-20
C02959,Mariana,Pérez,34,Toluca,MEX,México,mariana.perez2959@ejemplo.com,Premium,2024-09-21
C02960,Daniela,López,54,Chihuahua,CHIH,México,daniela.lopez2960@ejemplo.com,Standard,2024-09-21
C02961,María,Vargas,63,Mérida,YUC,México,maria.vargas2961@ejemplo.com,Standard,2024-09-21
C02962,Laura,Ortiz,48,Cancún,QROO,México,laura.ortiz2962@ejemplo.com,Standard,2024-09-22
C02963,Valeria,Reyes,67,Querétaro,QRO,México,valeria.reyes2963@ejemplo.com,Standard,2024-09-23
C02964,José,Gómez,51,Cancún,QROO,México,jose.gomez2964@ejemplo.com,Premium,2024-09-23
C02965,Laura,Jiménez,36,Tijuana,BC,México,laura.jimenez2965@ejemplo.com,Standard,2024-09-23
C02966,Valeria,Ruiz,55,Guadalajara,JAL,México,valeria.ruiz2966@ejemplo.com,Premium,2024-09-24
C02967,Ana,Ortiz,72,Veracruz,VER,México,ana.ortiz2967@ejemplo.com,Frecuente,2024-09-25
C02968,Ana,Morales,65,León,GTO,México,ana.morales2968@ejemplo.com,Premium,2024-09-25
C02969,Miguel,Martínez,46,León,GTO,México,miguel.martinez2969@ejemplo.com,Premium,2024-09-25
C02970,María,Jiménez,52,Puebla,PUE,México,maria.jimenez2970@ejemplo.com,Premium,2024-09-25
C02971,Ana,Morales,74,Toluca,MEX,México,ana.morales2971@ejemplo.com,Premium,2024-09-25
C02972,Laura,Ruiz,61,Mérida,YUC,México,laura.ruiz2972@ejemplo.com,Premium,2024-09-25
C02973,José,Mendoza,47,Ciudad de México,CDMX,México,jose.mendoza2973@ejemplo.com,Standard,2024-09-25
C02974,Ana,García,34,Veracruz,VER,México,ana.garcia2974@ejemplo.com,Frecuente,2024-09-25
C02975,Diego,Martínez,70,Veracruz,VER,México,diego.martinez2975@ejemplo.com,Standard,2024-09-27
C02976,Fernanda,Vargas,74,Chihuahua,CHIH,México,fernanda.vargas2976@ejemplo.com,Standard,2024-09-27
C02977,Laura,Gómez,22,Querétaro,QRO,México,laura.gomez2977@ejemplo.com,Premium,2024-09-27
C02978,Mariana,Martínez,19,Monterrey,NL,México,mariana.martinez2978@ejemplo.com,Standard,2024-09-27
C02979,Fernanda,García,24,Ciudad de México,CDMX,México,fernanda.garcia2979@ejemplo.com,Premium,2024-09-27
C02980,Mariana,Jiménez,40,León,GTO,México,mariana.jimenez2980@ejemplo.com,Premium,2024-09-28
C02981,Gabriela,Hernández,27,Chihuahua,CHIH,México,gabriela.hernandez2981@ejemplo.com,Premium,2024-09-28
C02982,Mariana,García,69,Guadalajara,JAL,México,mariana.garcia2982@ejemplo.com,Premium,2024-09-28
C02983,Luis,Vargas,71,León,GTO,México,luis.vargas2983@ejemplo.com,Standard,2024-09-28
C02984,José,Vargas,28,Ciudad de México,CDMX,México,jose.vargas2984@ejemplo.com,Premium,2024-09-29
C02985,Andrés,López,66,Toluca,MEX,México,andres.lopez2985@ejemplo.com,Premium,2024-09-29
C02986,Laura,Cruz,26,Ciudad de México,CDMX,México,laura.cruz2986@ejemplo.com,Frecuente,2024-09-29
C02987,Héctor,Ramírez,63,Veracruz,VER,México,hector.ramirez2987@ejemplo.com,Premium,2024-09-30
C02988,Carlos,Sánchez,39,Monterrey,NL,México,carlos.sanchez2988@ejemplo.com,Standard,2024-09-30
C02989,Miguel,López,20,Tijuana,BC,México,miguel.lopez2989@ejemplo.com,Premium,2024-09-30
C02990,Ana,Cruz,42,León,GTO,México,ana.cruz2990@ejemplo.com,Frecuente,2024-10-01
C02991,Ana,Reyes,65,Chihuahua,CHIH,México,ana.reyes2991@ejemplo.com,Standard,2024-10-01
C02992,Miguel,Martínez,72,Tijuana,BC,México,miguel.martinez2992@ejemplo.com,Premium,2024-10-01
C02993,Daniela,Vargas,25,Veracruz,VER,México,daniela.vargas2993@ejemplo.com,Frecuente,2024-10-01
C02994,Laura,Pérez,66,Ciudad de México,CDMX,México,laura.perez2994@ejemplo.com,Premium,2024-10-01
C02995,Héctor,García,35,Querétaro,QRO,México,hector.garcia2995@ejemplo.com,Premium,2024-10-02
C02996,Fernanda,Gómez,44,Veracruz,VER,México,fernanda.gomez2996@ejemplo.com,Standard,2024-10-03
C02997,Andrés,Sánchez,24,Puebla,PUE,México,andres.sanchez2997@ejemplo.com,Standard,2024-10-03
C02998,Carlos,Hernández,74,Mérida,YUC,México,carlos.hernandez2998@ejemplo.com,Premium,2024-10-03
C02999,Diego,Castillo,63,Querétaro,QRO,México,diego.castillo2999@ejemplo.com,Premium,2024-10-05
C03000,Ricardo,Ramírez,55,Tijuana,BC,México,ricardo.ramirez3000@ejemplo.com,Premium,2024-10-05
C03001,Jorge,Vargas,60,Toluca,MEX,México,jorge.vargas3001@ejemplo.com,Standard,2024-10-05
C03002,Andrés,Mendoza,68,Mérida,YUC,México,andres.mendoza3002@ejemplo.com,Frecuente,2024-10-05
C03003,Sofía,Reyes,26,León,GTO,México,sofia.reyes3003@ejemplo.com,Premium,2024-10-06
C03004,María,López,32,Mérida,YUC,México,maria.lopez3004@ejemplo.com,Frecuente,2024-10-06
C03005,Alejandro,García,20,Veracruz,VER,México,alejandro.garcia3005@ejemplo.com,Premium,2024-10-06
C03006,Gabriela,Ramírez,46,Querétaro,QRO,México,gabriela.ramirez3006@ejemplo.com,Standard,2024-10-07
C03007,José,Flores,46,Toluca,MEX,México,jose.flores3007@ejemplo.com,Frecuente,2024-10-07
C03008,Ana,Ruiz,19,Cancún,QROO,México,ana.ruiz3008@ejemplo.com,Standard,2024-10-07
C03009,Carlos,Mendoza,56,Toluca,MEX,México,carlos.mendoza3009@ejemplo.com,Premium,2024-10-08
C03010,Luis,Ortiz,18,Chihuahua,CHIH,México,luis.ortiz3010@ejemplo.com,Premium,2024-10-08
C03011,Valeria,Sánchez,63,Monterrey,NL,México,valeria.sanchez3011@ejemplo.com,Premium,2024-10-09
C03012,Ricardo,Martínez,58,Puebla,PUE,México,ricardo.martinez3012@ejemplo.com,Standard,2024-10-10
C03013,Laura,Ruiz,65,Puebla,PUE,México,laura.ruiz3013@ejemplo.com,Frecuente,2024-10-10
C03014,Fernanda,Mendoza,24,Querétaro,QRO,México,fernanda.mendoza3014@ejemplo.com,Premium,2024-10-11
C03015,Paola,García,68,Querétaro,QRO,México,paola.garcia3015@ejemplo.com,Premium,2024-10-12
C03016,Ricardo,Martínez,49,Ciudad de México,CDMX,México,ricardo.martinez3016@ejemplo.com,Premium,2024-10-12
C03017,José,Vargas,68,Chihuahua,CHIH,México,jose.vargas3017@ejemplo.com,Standard,2024-10-12
C03018,Ricardo,Ramírez,58,Chihuahua,CHIH,México,ricardo.ramirez3018@ejemplo.com,Standard,2024-10-12
C03019,Ana,Ruiz,56,Cancún,QROO,México,ana.ruiz3019@ejemplo.com,Premium,2024-10-13
C03020,Jorge,Ramírez,19,Puebla,PUE,México,jorge.ramirez3020@ejemplo.com,Standard,2024-10-13
C03021,Sofía,Ortiz,58,Toluca,MEX,México,sofia.ortiz3021@ejemplo.com,Premium,2024-10-13
C03022,Sofía,Ortiz,44,Puebla,PUE,México,sofia.ortiz3022@ejemplo.com,Standard,2024-10-13
C03023,Mariana,Martínez,67,Puebla,PUE,México,mariana.martinez3023@ejemplo.com,Premium,2024-10-13
C03024,Ricardo,Rodríguez,57,Veracruz,VER,México,ricardo.rodriguez3024@ejemplo.com,Premium,2024-10-13
C03025,Ricardo,Ortiz,22,Veracruz,VER,México,ricardo.ortiz3025@ejemplo.com,Standard,2024-10-14
C03026,Alejandro,Sánchez,69,Cancún,QROO,México,alejandro.sanchez3026@ejemplo.com,Standard,2024-10-14
C03027,Valeria,Castillo,21,Monterrey,NL,México,valeria.castillo3027@ejemplo.com,Premium,2024-10-15
C03028,Miguel,Ortiz,35,Guadalajara,JAL,México,miguel.ortiz3028@ejemplo.com,Standard,2024-10-15
C03029,José,Castillo,30,Veracruz,VER,México,jose.castillo3029@ejemplo.com,Standard,2024-10-16
C03030,Valeria,Rodríguez,74,Puebla,PUE,México,valeria.rodriguez3030@ejemplo.com,Premium,2024-10-16
C03031,Sofía,Martínez,26,León,GTO,México,sofia.martinez3031@ejemplo.com,Frecuente,2024-10-16
C03032,Luis,Gómez,66,Tijuana,BC,México,luis.gomez3032@ejemplo.com,Frecuente,2024-10-16
C03033,Jorge,Torres,30,Querétaro,QRO,México,jorge.torres3033@ejemplo.com,Premium,2024-10-18
C03034,Sofía,Morales,55,Veracruz,VER,México,sofia.morales3034@ejemplo.com,Frecuente,2024-10-18
C03035,Héctor,Mendoza,23,Cancún,QROO,México,hector.mendoza3035@ejemplo.com,Standard,2024-10-18
C03036,Fernanda,Vargas,40,Querétaro,QRO,México,fernanda.vargas3036@ejemplo.com,Premium,2024-10-19
C03037,Mariana,Ortiz,54,Tijuana,BC,México,mariana.ortiz3037@ejemplo.com,Standard,2024-10-19
C03038,Laura,Castillo,59,Monterrey,NL,México,laura.castillo3038@ejemplo.com,Premium,2024-10-19
C03039,Carlos,López,68,Mérida,YUC,México,carlos.lopez3039@ejemplo.com,Standard,2024-10-19
C03040,Andrés,López,65,Mérida,YUC,México,andres.lopez3040@ejemplo.com,Frecuente,2024-10-20
C03041,Gabriela,Reyes,48,Guadalajara,JAL,México,gabriela.reyes3041@ejemplo.com,Premium,2024-10-20
C03042,Ana,Jiménez,35,Tijuana,BC,México,ana.jimenez3042@ejemplo.com,Standard,2024-10-20
C03043,Mariana,Castillo,33,Cancún,QROO,México,mariana.castillo3043@ejemplo.com,Premium,2024-10-21
C03044,Ricardo,Pérez,75,Ciudad de México,CDMX,México,ricardo.perez3044@ejemplo.com,Standard,2024-10-21
C03045,José,Hernández,53,Veracruz,VER,México,jose.hernandez3045@ejemplo.com,Standard,2024-10-21
C03046,Carlos,Martínez,70,Chihuahua,CHIH,México,carlos.martinez3046@ejemplo.com,Premium,2024-10-22
C03047,José,Mendoza,43,Cancún,QROO,México,jose.mendoza3047@ejemplo.com,Standard,2024-10-22
C03048,Alejandro,Castillo,46,Ciudad de México,CDMX,México,alejandro.castillo3048@ejemplo.com,Premium,2024-10-22
C03049,Andrés,Rodríguez,65,Mérida,YUC,México,andres.rodriguez3049@ejemplo.com,Standard,2024-10-22
C03050,Paola,López,59,Chihuahua,CHIH,México,paola.lopez3050@ejemplo.com,Standard,2024-10-23
C03051,Sofía,Rodríguez,29,Ciudad de México,CDMX,México,sofia.rodriguez3051@ejemplo.com,Standard,2024-10-24
C03052,Alejandro,Jiménez,48,Toluca,MEX,México,alejandro.jimenez3052@ejemplo.com,Premium,2024-10-24
C03053,José,Sánchez,30,Chihuahua,CHIH,México,jose.sanchez3053@ejemplo.com,Standard,2024-10-25
C03054,Daniela,López,62,Ciudad de México,CDMX,México,daniela.lopez3054@ejemplo.com,Standard,2024-10-25
C03055,Daniela,García,19,Monterrey,NL,México,daniela.garcia3055@ejemplo.com,Standard,2024-10-26
C03056,Daniela,Martínez,65,León,GTO,México,daniela.martinez3056@ejemplo.com,Standard,2024-10-27
C03057,Jorge,Martínez,71,Chihuahua,CHIH,México,jorge.martinez3057@ejemplo.com,Frecuente,2024-10-27
C03058,Fernanda,Flores,19,Toluca,MEX,México,fernanda.flores3058@ejemplo.com,Premium,2024-10-27
C03059,Jorge,Castillo,54,Mérida,YUC,México,jorge.castillo3059@ejemplo.com,Premium,2024-10-27
C03060,Alejandro,Reyes,22,Cancún,QROO,México,alejandro.reyes3060@ejemplo.com,Frecuente,2024-10-27
C03061,María,García,38,Mérida,YUC,México,maria.garcia3061@ejemplo.com,Premium,2024-10-27
C03062,Luis,García,37,Mérida,YUC,México,luis.garcia3062@ejemplo.com,Frecuente,2024-10-28
C03063,Ricardo,Pérez,48,Toluca,MEX,México,ricardo.perez3063@ejemplo.com,Standard,2024-10-28
C03064,María,Jiménez,71,Ciudad de México,CDMX,México,maria.jimenez3064@ejemplo.com,Frecuente,2024-10-28
C03065,Paola,López,44,Monterrey,NL,México,paola.lopez3065@ejemplo.com,Standard,2024-10-29
C03066,Jorge,Morales,41,Ciudad de México,CDMX,México,jorge.morales3066@ejemplo.com,Frecuente,2024-10-29
C03067,Ana,Ortiz,23,Toluca,MEX,México,ana.ortiz3067@ejemplo.com,Standard,2024-10-30
C03068,Luis,Reyes,69,León,GTO,México,luis.reyes3068@ejemplo.com,Standard,2024-10-30
C03069,Héctor,Flores,36,Ciudad de México,CDMX,México,hector.flores3069@ejemplo.com,Premium,2024-10-31
C03070,Diego,Pérez,44,Guadalajara,JAL,México,diego.perez3070@ejemplo.com,Premium,2024-10-31
C03071,Laura,Flores,23,Puebla,PUE,México,laura.flores3071@ejemplo.com,Premium,2024-10-31
C03072,María,Sánchez,34,Monterrey,NL,México,maria.sanchez3072@ejemplo.com,Frecuente,2024-10-31
C03073,Daniela,Gómez,50,Mérida,YUC,México,daniela.gomez3073@ejemplo.com,Premium,2024-10-31
C03074,Carlos,Rodríguez,70,Querétaro,QRO,México,carlos.rodriguez3074@ejemplo.com,Standard,2024-11-01
C03075,Héctor,Mendoza,37,Tijuana,BC,México,hector.mendoza3075@ejemplo.com,Standard,2024-11-03
C03076,Héctor,Ramírez,50,Guadalajara,JAL,México,hector.ramirez3076@ejemplo.com,Premium,2024-11-03
C03077,Luis,Martínez,68,Cancún,QROO,México,luis.martinez3077@ejemplo.com,Frecuente,2024-11-03
C03078,María,Flores,38,Toluca,MEX,México,maria.flores3078@ejemplo.com,Premium,2024-11-03
C03079,Miguel,Mendoza,35,Cancún,QROO,México,miguel.mendoza3079@ejemplo.com,Standard,2024-11-03
C03080,Héctor,Morales,20,Toluca,MEX,México,hector.morales3080@ejemplo.com,Standard,2024-11-03
C03081,Gabriela,García,70,Chihuahua,CHIH,México,gabriela.garcia3081@ejemplo.com,Premium,2024-11-03
C03082,José,Ruiz,24,Chihuahua,CHIH,México,jose.ruiz3082@ejemplo.com,Premium,2024-11-04
C03083,Luis,Sánchez,30,Cancún,QROO,México,luis.sanchez3083@ejemplo.com,Standard,2024-11-04
C03084,Paola,Castillo,26,Ciudad de México,CDMX,México,paola.castillo3084@ejemplo.com,Premium,2024-11-04
C03085,Daniela,Sánchez,59,Tijuana,BC,México,daniela.sanchez3085@ejemplo.com,Standard,2024-11-04
C03086,Diego,Mendoza,39,Querétaro,QRO,México,diego.mendoza3086@ejemplo.com,Standard,2024-11-05
C03087,Daniela,Morales,58,León,GTO,México,daniela.morales3087@ejemplo.com,Premium,2024-11-06
C03088,Alejandro,Flores,53,Chihuahua,CHIH,México,alejandro.flores3088@ejemplo.com,Premium,2024-11-06
C03089,Paola,Vargas,18,Cancún,QROO,México,paola.vargas3089@ejemplo.com,Premium,2024-11-07
C03090,Fernanda,García,35,Tijuana,BC,México,fernanda.garcia3090@ejemplo.com,Standard,2024-11-07
C03091,Luis,Reyes,18,Toluca,MEX,México,luis.reyes3091@ejemplo.com,Standard,2024-11-07
C03092,Sofía,Cruz,21,León,GTO,México,sofia.cruz3092@ejemplo.com,Premium,2024-11-07
C03093,Daniela,Jiménez,45,Toluca,MEX,México,daniela.jimenez3093@ejemplo.com,Standard,2024-11-08
C03094,Ana,Martínez,33,Cancún,QROO,México,ana.martinez3094@ejemplo.com,Standard,2024-11-08
C03095,Carlos,Reyes,23,Cancún,QROO,México,carlos.reyes3095@ejemplo.com,Standard,2024-11-09
C03096,Sofía,Ramírez,41,Tijuana,BC,México,sofia.ramirez3096@ejemplo.com,Premium,2024-11-09
C03097,Carlos,Martínez,44,Tijuana,BC,México,carlos.martinez3097@ejemplo.com,Premium,2024-11-09
C03098,María,Morales,75,Puebla,PUE,México,maria.morales3098@ejemplo.com,Premium,2024-11-09
C03099,Laura,Mendoza,56,Puebla,PUE,México,laura.mendoza3099@ejemplo.com,Standard,2024-11-10
C03100,Andrés,García,40,Cancún,QROO,México,andres.garcia3100@ejemplo.com,Standard,2024-11-10
C03101,José,García,45,Tijuana,BC,México,jose.garcia3101@ejemplo.com,Premium,2024-11-10
C03102,Alejandro,Ruiz,23,Guadalajara,JAL,México,alejandro.ruiz3102@ejemplo.com,Premium,2024-11-10
C03103,Ricardo,Hernández,40,Ciudad de México,CDMX,México,ricardo.hernandez3103@ejemplo.com,Standard,2024-11-10
C03104,Daniela,Castillo,51,Chihuahua,CHIH,México,daniela.castillo3104@ejemplo.com,Premium,2024-11-10
C03105,Ricardo,Reyes,19,Querétaro,QRO,México,ricardo.reyes3105@ejemplo.com,Standard,2024-11-11
C03106,Luis,Cruz,71,Mérida,YUC,México,luis.cruz3106@ejemplo.com,Premium,2024-11-12
C03107,Fernanda,Mendoza,47,Chihuahua,CHIH,México,fernanda.mendoza3107@ejemplo.com,Premium,2024-11-12
C03108,José,Reyes,63,Guadalajara,JAL,México,jose.reyes3108@ejemplo.com,Standard,2024-11-13
C03109,Daniela,Cruz,33,Veracruz,VER,México,daniela.cruz3109@ejemplo.com,Premium,2024-11-13
C03110,Héctor,Sánchez,66,León,GTO,México,hector.sanchez3110@ejemplo.com,Standard,2024-11-13
C03111,Carlos,Rodríguez,39,Cancún,QROO,México,carlos.rodriguez3111@ejemplo.com,Premium,2024-11-13
C03112,Héctor,Hernández,71,Querétaro,QRO,México,hector.hernandez3112@ejemplo.com,Premium,2024-11-14
C03113,Ricardo,Pérez,48,León,GTO,México,ricardo.perez3113@ejemplo.com,Standard,2024-11-14
C03114,Sofía,Ruiz,54,Monterrey,NL,México,sofia.ruiz3114@ejemplo.com,Premium,2024-11-14
C03115,Carlos,Vargas,29,Puebla,PUE,México,carlos.vargas3115@ejemplo.com,Standard,2024-11-14
C03116,Mariana,Rodríguez,75,Veracruz,VER,México,mariana.rodriguez3116@ejemplo.com,Standard,2024-11-15
C03117,Diego,Ramírez,29,Puebla,PUE,México,diego.ramirez3117@ejemplo.com,Frecuente,2024-11-15
C03118,María,Ruiz,19,León,GTO,México,maria.ruiz3118@ejemplo.com,Premium,2024-11-16
C03119,José,Vargas,43,Veracruz,VER,México,jose.vargas3119@ejemplo.com,Premium,2024-11-16
C03120,Héctor,Castillo,66,Cancún,QROO,México,hector.castillo3120@ejemplo.com,Premium,2024-11-16
C03121,Fernanda,Rodríguez,71,Puebla,PUE,México,fernanda.rodriguez3121@ejemplo.com,Frecuente,2024-11-17
C03122,Mariana,Gómez,67,Chihuahua,CHIH,México,mariana.gomez3122@ejemplo.com,Premium,2024-11-17
C03123,Andrés,Gómez,50,Toluca,MEX,México,andres.gomez3123@ejemplo.com,Premium,2024-11-18
C03124,Andrés,Hernández,71,Mérida,YUC,México,andres.hernandez3124@ejemplo.com,Standard,2024-11-18
C03125,Paola,Rodríguez,46,Guadalajara,JAL,México,paola.rodriguez3125@ejemplo.com,Premium,2024-11-18
C03126,Ricardo,Rodríguez,45,Querétaro,QRO,México,ricardo.rodriguez3126@ejemplo.com,Standard,2024-11-18
C03127,José,Flores,28,Querétaro,QRO,México,jose.flores3127@ejemplo.com,Standard,2024-11-19
C03128,Valeria,Mendoza,63,Monterrey,NL,México,valeria.mendoza3128@ejemplo.com,Standard,2024-11-19
C03129,Ana,Ramírez,36,Tijuana,BC,México,ana.ramirez3129@ejemplo.com,Standard,2024-11-19
C03130,Diego,Pérez,29,Guadalajara,JAL,México,diego.perez3130@ejemplo.com,Premium,2024-11-19
C03131,Diego,Mendoza,39,León,GTO,México,diego.mendoza3131@ejemplo.com,Standard,2024-11-19
C03132,Paola,Vargas,52,Querétaro,QRO,México,paola.vargas3132@ejemplo.com,Standard,2024-11-20
C03133,Daniela,Morales,33,León,GTO,México,daniela.morales3133@ejemplo.com,Premium,2024-11-20
C03134,Sofía,Ramírez,38,Querétaro,QRO,México,sofia.ramirez3134@ejemplo.com,Frecuente,2024-11-21
C03135,Andrés,Ortiz,37,León,GTO,México,andres.ortiz3135@ejemplo.com,Standard,2024-11-21
C03136,Daniela,Flores,52,León,GTO,México,daniela.flores3136@ejemplo.com,Frecuente,2024-11-21
C03137,Héctor,Torres,59,Guadalajara,JAL,México,hector.torres3137@ejemplo.com,Standard,2024-11-22
C03138,Alejandro,Torres,57,Querétaro,QRO,México,alejandro.torres3138@ejemplo.com,Premium,2024-11-23
C03139,Gabriela,Ortiz,26,León,GTO,México,gabriela.ortiz3139@ejemplo.com,Premium,2024-11-23
C03140,Ricardo,Ruiz,38,Cancún,QROO,México,ricardo.ruiz3140@ejemplo.com,Premium,2024-11-23
C03141,Paola,García,55,Monterrey,NL,México,paola.garcia3141@ejemplo.com,Premium,2024-11-23
C03142,María,Vargas,30,Toluca,MEX,México,maria.vargas3142@ejemplo.com,Premium,2024-11-23
C03143,José,Martínez,22,Monterrey,NL,México,jose.martinez3143@ejemplo.com,Premium,2024-11-24
C03144,Jorge,Flores,36,Veracruz,VER,México,jorge.flores3144@ejemplo.com,Premium,2024-11-25
C03145,Jorge,Ruiz,57,León,GTO,México,jorge.ruiz3145@ejemplo.com,Frecuente,2024-11-25
C03146,José,Torres,56,Puebla,PUE,México,jose.torres3146@ejemplo.com,Premium,2024-11-26
C03147,Mariana,García,25,Monterrey,NL,México,mariana.garcia3147@ejemplo.com,Standard,2024-11-26
C03148,Ricardo,Torres,57,Chihuahua,CHIH,México,ricardo.torres3148@ejemplo.com,Standard,2024-11-28
C03149,Laura,Hernández,29,Mérida,YUC,México,laura.hernandez3149@ejemplo.com,Standard,2024-11-28
C03150,Miguel,Pérez,60,Toluca,MEX,México,miguel.perez3150@ejemplo.com,Premium,2024-11-29
C03151,Héctor,Castillo,50,Toluca,MEX,México,hector.castillo3151@ejemplo.com,Standard,2024-11-29
C03152,José,Torres,25,Ciudad de México,CDMX,México,jose.torres3152@ejemplo.com,Standard,2024-11-30
C03153,José,Sánchez,38,León,GTO,México,jose.sanchez3153@ejemplo.com,Frecuente,2024-11-30
C03154,Jorge,Pérez,65,Tijuana,BC,México,jorge.perez3154@ejemplo.com,Premium,2024-11-30
C03155,José,Mendoza,43,Chihuahua,CHIH,México,jose.mendoza3155@ejemplo.com,Premium,2024-11-30
C03156,Valeria,Ortiz,57,Monterrey,NL,México,valeria.ortiz3156@ejemplo.com,Standard,2024-12-01
C03157,Laura,Pérez,61,Ciudad de México,CDMX,México,laura.perez3157@ejemplo.com,Premium,2024-12-01
C03158,Ricardo,Jiménez,19,Cancún,QROO,México,ricardo.jimenez3158@ejemplo.com,Standard,2024-12-01
C03159,Alejandro,Martínez,72,Mérida,YUC,México,alejandro.martinez3159@ejemplo.com,Standard,2024-12-01
C03160,Fernanda,Jiménez,37,Mérida,YUC,México,fernanda.jimenez3160@ejemplo.com,Standard,2024-12-01
C03161,Ricardo,Hernández,64,Puebla,PUE,México,ricardo.hernandez3161@ejemplo.com,Frecuente,2024-12-01
C03162,María,Cruz,45,Querétaro,QRO,México,maria.cruz3162@ejemplo.com,Standard,2024-12-02
C03163,Carlos,Mendoza,51,Veracruz,VER,México,carlos.mendoza3163@ejemplo.com,Frecuente,2024-12-03
C03164,Sofía,Torres,38,Toluca,MEX,México,sofia.torres3164@ejemplo.com,Standard,2024-12-04
C03165,Sofía,Torres,67,Veracruz,VER,México,sofia.torres3165@ejemplo.com,Premium,2024-12-04
C03166,Andrés,Morales,24,Puebla,PUE,México,andres.morales3166@ejemplo.com,Standard,2024-12-04
C03167,Diego,Castillo,69,Chihuahua,CHIH,México,diego.castillo3167@ejemplo.com,Standard,2024-12-05
C03168,Carlos,Sánchez,30,Tijuana,BC,México,carlos.sanchez3168@ejemplo.com,Frecuente,2024-12-05
C03169,Fernanda,López,69,Veracruz,VER,México,fernanda.lopez3169@ejemplo.com,Premium,2024-12-05
C03170,Luis,Gómez,19,Chihuahua,CHIH,México,luis.gomez3170@ejemplo.com,Premium,2024-12-05
C03171,Gabriela,Morales,18,Guadalajara,JAL,México,gabriela.morales3171@ejemplo.com,Frecuente,2024-12-05
C03172,Alejandro,García,23,Veracruz,VER,México,alejandro.garcia3172@ejemplo.com,Premium,2024-12-06
C03173,Sofía,Ramírez,49,Cancún,QROO,México,sofia.ramirez3173@ejemplo.com,Standard,2024-12-07
C03174,Luis,Martínez,33,Toluca,MEX,México,luis.martinez3174@ejemplo.com,Standard,2024-12-07
C03175,Miguel,Martínez,52,Mérida,YUC,México,miguel.martinez3175@ejemplo.com,Premium,2024-12-08
C03176,Jorge,Jiménez,65,Monterrey,NL,México,jorge.jimenez3176@ejemplo.com,Premium,2024-12-08
C03177,Ricardo,Ruiz,19,Veracruz,VER,México,ricardo.ruiz3177@ejemplo.com,Standard,2024-12-08
C03178,Laura,Ruiz,48,Guadalajara,JAL,México,laura.ruiz3178@ejemplo.com,Premium,2024-12-09
C03179,Daniela,López,60,Toluca,MEX,México,daniela.lopez3179@ejemplo.com,Standard,2024-12-09
C03180,Ricardo,Flores,42,Monterrey,NL,México,ricardo.flores3180@ejemplo.com,Standard,2024-12-09
C03181,Fernanda,Vargas,71,Toluca,MEX,México,fernanda.vargas3181@ejemplo.com,Standard,2024-12-10
C03182,Diego,García,56,Querétaro,QRO,México,diego.garcia3182@ejemplo.com,Premium,2024-12-10
C03183,Andrés,Morales,20,Monterrey,NL,México,andres.morales3183@ejemplo.com,Premium,2024-12-10
C03184,Paola,Vargas,49,Monterrey,NL,México,paola.vargas3184@ejemplo.com,Standard,2024-12-10
C03185,Valeria,Pérez,40,Puebla,PUE,México,valeria.perez3185@ejemplo.com,Premium,2024-12-11
C03186,Héctor,Pérez,25,Chihuahua,CHIH,México,hector.perez3186@ejemplo.com,Premium,2024-12-11
C03187,José,López,73,Toluca,MEX,México,jose.lopez3187@ejemplo.com,Frecuente,2024-12-11
C03188,Ricardo,Cruz,30,León,GTO,México,ricardo.cruz3188@ejemplo.com,Premium,2024-12-11
C03189,Ricardo,Jiménez,22,Cancún,QROO,México,ricardo.jimenez3189@ejemplo.com,Premium,2024-12-12
C03190,Ana,Jiménez,30,Querétaro,QRO,México,ana.jimenez3190@ejemplo.com,Frecuente,2024-12-12
C03191,Ana,Ortiz,65,Chihuahua,CHIH,México,ana.ortiz3191@ejemplo.com,Premium,2024-12-13
C03192,Carlos,López,52,Puebla,PUE,México,carlos.lopez3192@ejemplo.com,Premium,2024-12-13
C03193,Ana,Ortiz,65,Veracruz,VER,México,ana.ortiz3193@ejemplo.com,Premium,2024-12-13
C03194,Valeria,Castillo,44,Tijuana,BC,México,valeria.castillo3194@ejemplo.com,Standard,2024-12-14
C03195,Diego,Ruiz,24,Tijuana,BC,México,diego.ruiz3195@ejemplo.com,Frecuente,2024-12-14
C03196,Jorge,García,40,Querétaro,QRO,México,jorge.garcia3196@ejemplo.com,Standard,2024-12-14
C03197,Carlos,Pérez,29,León,GTO,México,carlos.perez3197@ejemplo.com,Frecuente,2024-12-14
C03198,Daniela,Reyes,50,León,GTO,México,daniela.reyes3198@ejemplo.com,Premium,2024-12-14
C03199,Luis,Reyes,33,Toluca,MEX,México,luis.reyes3199@ejemplo.com,Standard,2024-12-15
C03200,Alejandro,Hernández,74,Guadalajara,JAL,México,alejandro.hernandez3200@ejemplo.com,Premium,2024-12-15
C03201,José,Ramírez,39,Guadalajara,JAL,México,jose.ramirez3201@ejemplo.com,Frecuente,2024-12-15
C03202,Sofía,Martínez,36,Chihuahua,CHIH,México,sofia.martinez3202@ejemplo.com,Frecuente,2024-12-16
C03203,Valeria,Cruz,75,Veracruz,VER,México,valeria.cruz3203@ejemplo.com,Premium,2024-12-16
C03204,Daniela,Rodríguez,48,Guadalajara,JAL,México,daniela.rodriguez3204@ejemplo.com,Frecuente,2024-12-16
C03205,José,Jiménez,27,Chihuahua,CHIH,México,jose.jimenez3205@ejemplo.com,Standard,2024-12-17
C03206,Valeria,García,45,Puebla,PUE,México,valeria.garcia3206@ejemplo.com,Premium,2024-12-17
C03207,Fernanda,Hernández,32,Veracruz,VER,México,fernanda.hernandez3207@ejemplo.com,Standard,2024-12-17
C03208,Carlos,Sánchez,59,Veracruz,VER,México,carlos.sanchez3208@ejemplo.com,Frecuente,2024-12-18
C03209,Carlos,Cruz,51,Cancún,QROO,México,carlos.cruz3209@ejemplo.com,Premium,2024-12-18
C03210,Alejandro,Morales,60,Monterrey,NL,México,alejandro.morales3210@ejemplo.com,Premium,2024-12-18
C03211,Daniela,Reyes,72,Toluca,MEX,México,daniela.reyes3211@ejemplo.com,Frecuente,2024-12-18
C03212,Laura,Rodríguez,60,Guadalajara,JAL,México,laura.rodriguez3212@ejemplo.com,Premium,2024-12-19
C03213,Mariana,Torres,37,Tijuana,BC,México,mariana.torres3213@ejemplo.com,Premium,2024-12-19
C03214,Andrés,Ruiz,29,Cancún,QROO,México,andres.ruiz3214@ejemplo.com,Standard,2024-12-19
C03215,Laura,Rodríguez,48,Ciudad de México,CDMX,México,laura.rodriguez3215@ejemplo.com,Standard,2024-12-19
C03216,Andrés,Castillo,44,Tijuana,BC,México,andres.castillo3216@ejemplo.com,Premium,2024-12-20
C03217,Valeria,Flores,36,Toluca,MEX,México,valeria.flores3217@ejemplo.com,Premium,2024-12-20
C03218,Alejandro,Rodríguez,65,Guadalajara,JAL,México,alejandro.rodriguez3218@ejemplo.com,Frecuente,2024-12-20
C03219,Fernanda,López,70,Tijuana,BC,México,fernanda.lopez3219@ejemplo.com,Standard,2024-12-20
C03220,Luis,Martínez,40,Ciudad de México,CDMX,México,luis.martinez3220@ejemplo.com,Standard,2024-12-21
C03221,Carlos,Gómez,57,Cancún,QROO,México,carlos.gomez3221@ejemplo.com,Frecuente,2024-12-21
C03222,Carlos,Morales,75,Ciudad de México,CDMX,México,carlos.morales3222@ejemplo.com,Premium,2024-12-21
C03223,Jorge,Pérez,18,Puebla,PUE,México,jorge.perez3223@ejemplo.com,Frecuente,2024-12-22
C03224,Héctor,García,39,Mérida,YUC,México,hector.garcia3224@ejemplo.com,Standard,2024-12-22
C03225,Gabriela,Pérez,60,Monterrey,NL,México,gabriela.perez3225@ejemplo.com,Frecuente,2024-12-22
C03226,Paola,Flores,46,Monterrey,NL,México,paola.flores3226@ejemplo.com,Premium,2024-12-22
C03227,Jorge,Sánchez,63,Chihuahua,CHIH,México,jorge.sanchez3227@ejemplo.com,Premium,2024-12-23
C03228,Luis,Rodríguez,45,Toluca,MEX,México,luis.rodriguez3228@ejemplo.com,Standard,2024-12-24
C03229,Carlos,Sánchez,21,Ciudad de México,CDMX,México,carlos.sanchez3229@ejemplo.com,Frecuente,2024-12-25
C03230,Paola,Jiménez,43,Chihuahua,CHIH,México,paola.jimenez3230@ejemplo.com,Frecuente,2024-12-26
C03231,Carlos,Morales,41,Querétaro,QRO,México,carlos.morales3231@ejemplo.com,Premium,2024-12-26
C03232,Sofía,Rodríguez,67,Guadalajara,JAL,México,sofia.rodriguez3232@ejemplo.com,Standard,2024-12-27
C03233,Gabriela,López,26,Chihuahua,CHIH,México,gabriela.lopez3233@ejemplo.com,Premium,2024-12-27
C03234,Valeria,Pérez,27,Tijuana,BC,México,valeria.perez3234@ejemplo.com,Standard,2024-12-28
C03235,María,Sánchez,26,Puebla,PUE,México,maria.sanchez3235@ejemplo.com,Frecuente,2024-12-28
C03236,Gabriela,Ruiz,50,Guadalajara,JAL,México,gabriela.ruiz3236@ejemplo.com,Standard,2024-12-28
C03237,Mariana,Mendoza,75,Chihuahua,CHIH,México,mariana.mendoza3237@ejemplo.com,Premium,2024-12-28
C03238,Carlos,Castillo,53,Puebla,PUE,México,carlos.castillo3238@ejemplo.com,Frecuente,2024-12-29
C03239,Luis,Martínez,65,Cancún,QROO,México,luis.martinez3239@ejemplo.com,Premium,2024-12-30
C03240,Fernanda,García,67,Monterrey,NL,México,fernanda.garcia3240@ejemplo.com,Standard,2024-12-30
C03241,Andrés,Ramírez,52,Chihuahua,CHIH,México,andres.ramirez3241@ejemplo.com,Standard,2024-12-30
C03242,Mariana,Cruz,53,Toluca,MEX,México,mariana.cruz3242@ejemplo.com,Standard,2024-12-31
C03243,Luis,López,32,Mérida,YUC,México,luis.lopez3243@ejemplo.com,Standard,2025-01-01
C03244,Paola,García,73,Tijuana,BC,México,paola.garcia3244@ejemplo.com,Standard,2025-01-02
C03245,Valeria,Castillo,63,Cancún,QROO,México,valeria.castillo3245@ejemplo.com,Premium,2025-01-03
C03246,Gabriela,Martínez,68,Querétaro,QRO,México,gabriela.martinez3246@ejemplo.com,Premium,2025-01-03
C03247,José,Martínez,75,Veracruz,VER,México,jose.martinez3247@ejemplo.com,Standard,2025-01-03
C03248,María,Pérez,38,León,GTO,México,maria.perez3248@ejemplo.com,Standard,2025-01-05
C03249,José,Torres,26,Ciudad de México,CDMX,México,jose.torres3249@ejemplo.com,Standard,2025-01-06
C03250,Mariana,Martínez,67,Toluca,MEX,México,mariana.martinez3250@ejemplo.com,Premium,2025-01-06
C03251,Jorge,Castillo,45,Monterrey,NL,México,jorge.castillo3251@ejemplo.com,Premium,2025-01-06
C03252,Ricardo,Mendoza,73,Puebla,PUE,México,ricardo.mendoza3252@ejemplo.com,Standard,2025-01-07
C03253,Miguel,Jiménez,58,Querétaro,QRO,México,miguel.jimenez3253@ejemplo.com,Standard,2025-01-07
C03254,Luis,Torres,32,Monterrey,NL,México,luis.torres3254@ejemplo.com,Standard,2025-01-07
C03255,Héctor,Flores,38,Veracruz,VER,México,hector.flores3255@ejemplo.com,Standard,2025-01-08
C03256,Fernanda,Ramírez,53,Veracruz,VER,México,fernanda.ramirez3256@ejemplo.com,Premium,2025-01-08
C03257,Valeria,Hernández,40,Guadalajara,JAL,México,valeria.hernandez3257@ejemplo.com,Premium,2025-01-09
C03258,Paola,Castillo,34,Puebla,PUE,México,paola.castillo3258@ejemplo.com,Premium,2025-01-09
C03259,Luis,Hernández,30,Tijuana,BC,México,luis.hernandez3259@ejemplo.com,Standard,2025-01-09
C03260,Alejandro,Vargas,55,León,GTO,México,alejandro.vargas3260@ejemplo.com,Premium,2025-01-10
C03261,Jorge,Vargas,20,Cancún,QROO,México,jorge.vargas3261@ejemplo.com,Premium,2025-01-10
C03262,Andrés,Vargas,23,León,GTO,México,andres.vargas3262@ejemplo.com,Frecuente,2025-01-11
C03263,Paola,Torres,20,Ciudad de México,CDMX,México,paola.torres3263@ejemplo.com,Premium,2025-01-11
C03264,Jorge,Reyes,60,Mérida,YUC,México,jorge.reyes3264@ejemplo.com,Standard,2025-01-11
C03265,Laura,Torres,19,Monterrey,NL,México,laura.torres3265@ejemplo.com,Premium,2025-01-11
C03266,José,Ruiz,42,Monterrey,NL,México,jose.ruiz3266@ejemplo.com,Premium,2025-01-12
C03267,Diego,Torres,25,Toluca,MEX,México,diego.torres3267@ejemplo.com,Premium,2025-01-12
C03268,Luis,Ramírez,52,Guadalajara,JAL,México,luis.ramirez3268@ejemplo.com,Frecuente,2025-01-12
C03269,Diego,Castillo,19,Ciudad de México,CDMX,México,diego.castillo3269@ejemplo.com,Standard,2025-01-13
C03270,Luis,Ortiz,19,Querétaro,QRO,México,luis.ortiz3270@ejemplo.com,Standard,2025-01-13
C03271,Carlos,Gómez,41,León,GTO,México,carlos.gomez3271@ejemplo.com,Frecuente,2025-01-13
C03272,Miguel,García,58,Mérida,YUC,México,miguel.garcia3272@ejemplo.com,Premium,2025-01-13
C03273,Diego,Gómez,24,Guadalajara,JAL,México,diego.gomez3273@ejemplo.com,Standard,2025-01-14
C03274,Luis,Rodríguez,46,Toluca,MEX,México,luis.rodriguez3274@ejemplo.com,Premium,2025-01-14
C03275,Laura,Mendoza,64,Tijuana,BC,México,laura.mendoza3275@ejemplo.com,Standard,2025-01-14
C03276,Gabriela,Morales,54,León,GTO,México,gabriela.morales3276@ejemplo.com,Frecuente,2025-01-14
C03277,Paola,López,61,Monterrey,NL,México,paola.lopez3277@ejemplo.com,Premium,2025-01-14
C03278,Andrés,Ortiz,36,Chihuahua,CHIH,México,andres.ortiz3278@ejemplo.com,Frecuente,2025-01-14
C03279,Ricardo,Reyes,72,Puebla,PUE,México,ricardo.reyes3279@ejemplo.com,Standard,2025-01-14
C03280,Paola,Hernández,26,Veracruz,VER,México,paola.hernandez3280@ejemplo.com,Premium,2025-01-15
C03281,Jorge,Vargas,53,Tijuana,BC,México,jorge.vargas3281@ejemplo.com,Premium,2025-01-15
C03282,María,Martínez,43,León,GTO,México,maria.martinez3282@ejemplo.com,Standard,2025-01-15
C03283,Miguel,Morales,19,Mérida,YUC,México,miguel.morales3283@ejemplo.com,Standard,2025-01-15
C03284,Luis,Cruz,72,Ciudad de México,CDMX,México,luis.cruz3284@ejemplo.com,Premium,2025-01-16
C03285,Paola,Ramírez,58,Guadalajara,JAL,México,paola.ramirez3285@ejemplo.com,Standard,2025-01-16
C03286,Miguel,Castillo,31,Tijuana,BC,México,miguel.castillo3286@ejemplo.com,Premium,2025-01-16
C03287,Laura,Morales,21,Monterrey,NL,México,laura.morales3287@ejemplo.com,Frecuente,2025-01-17
C03288,María,López,57,Cancún,QROO,México,maria.lopez3288@ejemplo.com,Premium,2025-01-17
C03289,Luis,Morales,49,Guadalajara,JAL,México,luis.morales3289@ejemplo.com,Standard,2025-01-17
C03290,Fernanda,Torres,20,Cancún,QROO,México,fernanda.torres3290@ejemplo.com,Standard,2025-01-18
C03291,José,Reyes,75,Monterrey,NL,México,jose.reyes3291@ejemplo.com,Standard,2025-01-19
C03292,Sofía,Reyes,59,Monterrey,NL,México,sofia.reyes3292@ejemplo.com,Frecuente,2025-01-19
C03293,Laura,Martínez,44,Tijuana,BC,México,laura.martinez3293@ejemplo.com,Frecuente,2025-01-19
C03294,Miguel,Reyes,31,Mérida,YUC,México,miguel.reyes3294@ejemplo.com,Premium,2025-01-20
C03295,Laura,García,33,Tijuana,BC,México,laura.garcia3295@ejemplo.com,Premium,2025-01-20
C03296,Daniela,Martínez,44,Tijuana,BC,México,daniela.martinez3296@ejemplo.com,Standard,2025-01-20
C03297,Paola,Mendoza,21,Tijuana,BC,México,paola.mendoza3297@ejemplo.com,Premium,2025-01-21
C03298,José,Mendoza,39,Tijuana,BC,México,jose.mendoza3298@ejemplo.com,Standard,2025-01-21
C03299,Laura,Sánchez,30,Tijuana,BC,México,laura.sanchez3299@ejemplo.com,Premium,2025-01-21
C03300,José,López,24,Chihuahua,CHIH,México,jose.lopez3300@ejemplo.com,Frecuente,2025-01-22
C03301,Mariana,Morales,25,Mérida,YUC,México,mariana.morales3301@ejemplo.com,Standard,2025-01-22
C03302,Ana,Vargas,38,Querétaro,QRO,México,ana.vargas3302@ejemplo.com,Standard,2025-01-22
C03303,Fernanda,Ramírez,40,León,GTO,México,fernanda.ramirez3303@ejemplo.com,Premium,2025-01-22
C03304,Luis,Jiménez,38,Mérida,YUC,México,luis.jimenez3304@ejemplo.com,Frecuente,2025-01-23
C03305,Carlos,Torres,58,Veracruz,VER,México,carlos.torres3305@ejemplo.com,Standard,2025-01-23
C03306,José,Vargas,48,Mérida,YUC,México,jose.vargas3306@ejemplo.com,Standard,2025-01-24
C03307,Fernanda,Flores,29,Monterrey,NL,México,fernanda.flores3307@ejemplo.com,Frecuente,2025-01-24
C03308,Fernanda,Flores,74,Mérida,YUC,México,fernanda.flores3308@ejemplo.com,Premium,2025-01-25
C03309,Andrés,García,60,Toluca,MEX,México,andres.garcia3309@ejemplo.com,Premium,2025-01-25
C03310,Valeria,Flores,45,Monterrey,NL,México,valeria.flores3310@ejemplo.com,Premium,2025-01-25
C03311,Laura,Mendoza,20,Monterrey,NL,México,laura.mendoza3311@ejemplo.com,Standard,2025-01-26
C03312,Miguel,Hernández,71,Cancún,QROO,México,miguel.hernandez3312@ejemplo.com,Standard,2025-01-26
C03313,José,Rodríguez,61,Chihuahua,CHIH,México,jose.rodriguez3313@ejemplo.com,Premium,2025-01-26
C03314,Alejandro,Ramírez,44,Tijuana,BC,México,alejandro.ramirez3314@ejemplo.com,Frecuente,2025-01-26
C03315,Miguel,Ortiz,27,Mérida,YUC,México,miguel.ortiz3315@ejemplo.com,Premium,2025-01-27
C03316,Laura,Jiménez,24,Cancún,QROO,México,laura.jimenez3316@ejemplo.com,Standard,2025-01-27
C03317,Daniela,Flores,34,Cancún,QROO,México,daniela.flores3317@ejemplo.com,Standard,2025-01-28
C03318,Fernanda,Ortiz,31,Guadalajara,JAL,México,fernanda.ortiz3318@ejemplo.com,Premium,2025-01-28
C03319,Ana,García,30,Tijuana,BC,México,ana.garcia3319@ejemplo.com,Premium,2025-01-29
C03320,Ana,Pérez,41,Veracruz,VER,México,ana.perez3320@ejemplo.com,Standard,2025-01-30
C03321,Daniela,Pérez,20,Chihuahua,CHIH,México,daniela.perez3321@ejemplo.com,Standard,2025-01-31
C03322,Luis,López,36,Toluca,MEX,México,luis.lopez3322@ejemplo.com,Premium,2025-01-31
C03323,Jorge,Morales,68,Ciudad de México,CDMX,México,jorge.morales3323@ejemplo.com,Standard,2025-01-31
C03324,Sofía,Ruiz,68,Querétaro,QRO,México,sofia.ruiz3324@ejemplo.com,Standard,2025-01-31
C03325,Luis,López,18,Ciudad de México,CDMX,México,luis.lopez3325@ejemplo.com,Premium,2025-01-31
C03326,Gabriela,Rodríguez,57,Puebla,PUE,México,gabriela.rodriguez3326@ejemplo.com,Standard,2025-02-01
C03327,Carlos,Cruz,75,Chihuahua,CHIH,México,carlos.cruz3327@ejemplo.com,Premium,2025-02-01
C03328,María,Cruz,51,Tijuana,BC,México,maria.cruz3328@ejemplo.com,Frecuente,2025-02-02
C03329,Ricardo,Mendoza,40,Monterrey,NL,México,ricardo.mendoza3329@ejemplo.com,Standard,2025-02-02
C03330,Jorge,García,46,León,GTO,México,jorge.garcia3330@ejemplo.com,Premium,2025-02-03
C03331,Miguel,Morales,30,Toluca,MEX,México,miguel.morales3331@ejemplo.com,Standard,2025-02-03
C03332,Ana,Morales,41,Cancún,QROO,México,ana.morales3332@ejemplo.com,Premium,2025-02-03
C03333,Andrés,Ortiz,72,Toluca,MEX,México,andres.ortiz3333@ejemplo.com,Frecuente,2025-02-03
C03334,Miguel,Cruz,53,León,GTO,México,miguel.cruz3334@ejemplo.com,Standard,2025-02-04
C03335,Mariana,Jiménez,42,Cancún,QROO,México,mariana.jimenez3335@ejemplo.com,Premium,2025-02-04
C03336,José,Gómez,25,Chihuahua,CHIH,México,jose.gomez3336@ejemplo.com,Standard,2025-02-05
C03337,María,Reyes,70,Puebla,PUE,México,maria.reyes3337@ejemplo.com,Premium,2025-02-05
C03338,Luis,Sánchez,27,Querétaro,QRO,México,luis.sanchez3338@ejemplo.com,Frecuente,2025-02-06
C03339,Jorge,Ruiz,59,Mérida,YUC,México,jorge.ruiz3339@ejemplo.com,Frecuente,2025-02-07
C03340,Fernanda,Cruz,35,León,GTO,México,fernanda.cruz3340@ejemplo.com,Standard,2025-02-08
C03341,Gabriela,Martínez,34,Querétaro,QRO,México,gabriela.martinez3341@ejemplo.com,Standard,2025-02-09
C03342,Mariana,Hernández,27,Querétaro,QRO,México,mariana.hernandez3342@ejemplo.com,Standard,2025-02-09
C03343,Ana,Castillo,39,Guadalajara,JAL,México,ana.castillo3343@ejemplo.com,Premium,2025-02-09
C03344,Andrés,López,57,Cancún,QROO,México,andres.lopez3344@ejemplo.com,Premium,2025-02-10
C03345,Carlos,Torres,42,Guadalajara,JAL,México,carlos.torres3345@ejemplo.com,Frecuente,2025-02-10
C03346,Mariana,Flores,19,Querétaro,QRO,México,mariana.flores3346@ejemplo.com,Premium,2025-02-10
C03347,Sofía,Gómez,33,Tijuana,BC,México,sofia.gomez3347@ejemplo.com,Premium,2025-02-10
C03348,Sofía,Pérez,27,Toluca,MEX,México,sofia.perez3348@ejemplo.com,Premium,2025-02-10
C03349,Andrés,Torres,41,Querétaro,QRO,México,andres.torres3349@ejemplo.com,Frecuente,2025-02-11
C03350,Paola,Vargas,70,Ciudad de México,CDMX,México,paola.vargas3350@ejemplo.com,Frecuente,2025-02-11
C03351,Diego,Martínez,73,Mérida,YUC,México,diego.martinez3351@ejemplo.com,Premium,2025-02-12
C03352,Valeria,Rodríguez,75,Monterrey,NL,México,valeria.rodriguez3352@ejemplo.com,Premium,2025-02-12
C03353,Carlos,López,24,Tijuana,BC,México,carlos.lopez3353@ejemplo.com,Standard,2025-02-13
C03354,Jorge,Pérez,46,Puebla,PUE,México,jorge.perez3354@ejemplo.com,Premium,2025-02-13
C03355,Valeria,Jiménez,20,Guadalajara,JAL,México,valeria.jimenez3355@ejemplo.com,Frecuente,2025-02-14
C03356,Mariana,Ruiz,46,Veracruz,VER,México,mariana.ruiz3356@ejemplo.com,Frecuente,2025-02-14
C03357,Alejandro,Torres,51,Puebla,PUE,México,alejandro.torres3357@ejemplo.com,Standard,2025-02-14
C03358,Daniela,Martínez,62,Mérida,YUC,México,daniela.martinez3358@ejemplo.com,Premium,2025-02-14
C03359,Daniela,Rodríguez,37,Toluca,MEX,México,daniela.rodriguez3359@ejemplo.com,Standard,2025-02-15
C03360,Gabriela,Gómez,20,Tijuana,BC,México,gabriela.gomez3360@ejemplo.com,Frecuente,2025-02-15
C03361,Ricardo,Ramírez,44,Veracruz,VER,México,ricardo.ramirez3361@ejemplo.com,Premium,2025-02-15
C03362,Andrés,Vargas,42,Tijuana,BC,México,andres.vargas3362@ejemplo.com,Frecuente,2025-02-15
C03363,Paola,Rodríguez,54,Veracruz,VER,México,paola.rodriguez3363@ejemplo.com,Premium,2025-02-16
C03364,Diego,Ruiz,23,Querétaro,QRO,México,diego.ruiz3364@ejemplo.com,Frecuente,2025-02-16
C03365,Gabriela,Gómez,53,Ciudad de México,CDMX,México,gabriela.gomez3365@ejemplo.com,Standard,2025-02-16
C03366,Daniela,Ramírez,41,Chihuahua,CHIH,México,daniela.ramirez3366@ejemplo.com,Premium,2025-02-16
C03367,Carlos,Martínez,60,Chihuahua,CHIH,México,carlos.martinez3367@ejemplo.com,Standard,2025-02-17
C03368,Fernanda,Cruz,75,Veracruz,VER,México,fernanda.cruz3368@ejemplo.com,Premium,2025-02-17
C03369,Fernanda,Flores,31,Guadalajara,JAL,México,fernanda.flores3369@ejemplo.com,Premium,2025-02-18
C03370,Alejandro,Castillo,61,Chihuahua,CHIH,México,alejandro.castillo3370@ejemplo.com,Frecuente,2025-02-19
C03371,Mariana,López,25,Tijuana,BC,México,mariana.lopez3371@ejemplo.com,Premium,2025-02-20
C03372,Héctor,Hernández,75,Chihuahua,CHIH,México,hector.hernandez3372@ejemplo.com,Frecuente,2025-02-20
C03373,Daniela,Martínez,45,Veracruz,VER,México,daniela.martinez3373@ejemplo.com,Premium,2025-02-21
C03374,Diego,Mendoza,61,Monterrey,NL,México,diego.mendoza3374@ejemplo.com,Standard,2025-02-21
C03375,Alejandro,Cruz,63,Tijuana,BC,México,alejandro.cruz3375@ejemplo.com,Frecuente,2025-02-21
C03376,Diego,Ruiz,53,Puebla,PUE,México,diego.ruiz3376@ejemplo.com,Standard,2025-02-21
C03377,Ricardo,Hernández,40,Puebla,PUE,México,ricardo.hernandez3377@ejemplo.com,Frecuente,2025-02-21
C03378,Laura,Ramírez,61,Cancún,QROO,México,laura.ramirez3378@ejemplo.com,Frecuente,2025-02-21
C03379,Alejandro,Gómez,45,Tijuana,BC,México,alejandro.gomez3379@ejemplo.com,Standard,2025-02-22
C03380,Fernanda,Gómez,56,Cancún,QROO,México,fernanda.gomez3380@ejemplo.com,Standard,2025-02-24
C03381,Ana,Ramírez,53,León,GTO,México,ana.ramirez3381@ejemplo.com,Premium,2025-02-24
C03382,Laura,Gómez,44,Monterrey,NL,México,laura.gomez3382@ejemplo.com,Premium,2025-02-25
C03383,José,Ortiz,24,Ciudad de México,CDMX,México,jose.ortiz3383@ejemplo.com,Premium,2025-02-25
C03384,Andrés,Reyes,34,León,GTO,México,andres.reyes3384@ejemplo.com,Frecuente,2025-02-26
C03385,Mariana,Sánchez,72,Monterrey,NL,México,mariana.sanchez3385@ejemplo.com,Standard,2025-02-26
C03386,Valeria,Ruiz,48,Monterrey,NL,México,valeria.ruiz3386@ejemplo.com,Standard,2025-02-26
C03387,Jorge,Ruiz,54,Cancún,QROO,México,jorge.ruiz3387@ejemplo.com,Frecuente,2025-02-26
C03388,Héctor,Cruz,32,Puebla,PUE,México,hector.cruz3388@ejemplo.com,Premium,2025-02-26
C03389,Alejandro,Hernández,58,Monterrey,NL,México,alejandro.hernandez3389@ejemplo.com,Frecuente,2025-02-26
C03390,Sofía,Gómez,46,Puebla,PUE,México,sofia.gomez3390@ejemplo.com,Premium,2025-02-26
C03391,Mariana,Martínez,30,Mérida,YUC,México,mariana.martinez3391@ejemplo.com,Premium,2025-02-27
C03392,Luis,García,26,Chihuahua,CHIH,México,luis.garcia3392@ejemplo.com,Standard,2025-02-27
C03393,Alejandro,Morales,40,Veracruz,VER,México,alejandro.morales3393@ejemplo.com,Premium,2025-02-27
C03394,Diego,López,50,León,GTO,México,diego.lopez3394@ejemplo.com,Standard,2025-02-28
C03395,Laura,Gómez,34,Chihuahua,CHIH,México,laura.gomez3395@ejemplo.com,Standard,2025-02-28
C03396,Gabriela,Rodríguez,32,Mérida,YUC,México,gabriela.rodriguez3396@ejemplo.com,Frecuente,2025-02-28
C03397,Daniela,Gómez,33,Tijuana,BC,México,daniela.gomez3397@ejemplo.com,Premium,2025-03-01
C03398,Ricardo,Morales,35,Toluca,MEX,México,ricardo.morales3398@ejemplo.com,Premium,2025-03-02
C03399,Gabriela,Ramírez,60,Puebla,PUE,México,gabriela.ramirez3399@ejemplo.com,Premium,2025-03-02
C03400,Diego,Ramírez,46,Toluca,MEX,México,diego.ramirez3400@ejemplo.com,Standard,2025-03-03
C03401,Daniela,Mendoza,45,Veracruz,VER,México,daniela.mendoza3401@ejemplo.com,Premium,2025-03-03
C03402,Ana,Castillo,27,Tijuana,BC,México,ana.castillo3402@ejemplo.com,Premium,2025-03-04
C03403,Laura,García,49,Cancún,QROO,México,laura.garcia3403@ejemplo.com,Frecuente,2025-03-04
C03404,Héctor,Torres,73,Toluca,MEX,México,hector.torres3404@ejemplo.com,Frecuente,2025-03-04
C03405,Héctor,Gómez,61,Toluca,MEX,México,hector.gomez3405@ejemplo.com,Frecuente,2025-03-05
C03406,Diego,Jiménez,43,Monterrey,NL,México,diego.jimenez3406@ejemplo.com,Premium,2025-03-05
C03407,Laura,Reyes,35,Veracruz,VER,México,laura.reyes3407@ejemplo.com,Standard,2025-03-05
C03408,Jorge,Rodríguez,38,Mérida,YUC,México,jorge.rodriguez3408@ejemplo.com,Premium,2025-03-05
C03409,Miguel,López,19,Ciudad de México,CDMX,México,miguel.lopez3409@ejemplo.com,Premium,2025-03-06
C03410,Andrés,Gómez,19,Guadalajara,JAL,México,andres.gomez3410@ejemplo.com,Premium,2025-03-06
C03411,Alejandro,Ruiz,63,León,GTO,México,alejandro.ruiz3411@ejemplo.com,Frecuente,2025-03-06
C03412,Paola,Gómez,66,Querétaro,QRO,México,paola.gomez3412@ejemplo.com,Standard,2025-03-06
C03413,Ana,Pérez,74,Guadalajara,JAL,México,ana.perez3413@ejemplo.com,Premium,2025-03-07
C03414,Ricardo,Sánchez,54,Mérida,YUC,México,ricardo.sanchez3414@ejemplo.com,Standard,2025-03-07
C03415,Daniela,Pérez,71,Cancún,QROO,México,daniela.perez3415@ejemplo.com,Frecuente,2025-03-07
C03416,Laura,Flores,42,Ciudad de México,CDMX,México,laura.flores3416@ejemplo.com,Premium,2025-03-08
C03417,Luis,Ramírez,32,Tijuana,BC,México,luis.ramirez3417@ejemplo.com,Standard,2025-03-09
C03418,José,Torres,32,Querétaro,QRO,México,jose.torres3418@ejemplo.com,Premium,2025-03-09
C03419,Andrés,Pérez,31,Toluca,MEX,México,andres.perez3419@ejemplo.com,Premium,2025-03-10
C03420,Ana,Sánchez,61,Cancún,QROO,México,ana.sanchez3420@ejemplo.com,Frecuente,2025-03-10
C03421,Paola,Sánchez,18,Guadalajara,JAL,México,paola.sanchez3421@ejemplo.com,Premium,2025-03-11
C03422,Daniela,Sánchez,72,Cancún,QROO,México,daniela.sanchez3422@ejemplo.com,Standard,2025-03-11
C03423,Ana,Torres,62,Chihuahua,CHIH,México,ana.torres3423@ejemplo.com,Premium,2025-03-11
C03424,María,Ruiz,40,Ciudad de México,CDMX,México,maria.ruiz3424@ejemplo.com,Standard,2025-03-12
C03425,Laura,Ruiz,58,Veracruz,VER,México,laura.ruiz3425@ejemplo.com,Standard,2025-03-12
C03426,José,López,25,Guadalajara,JAL,México,jose.lopez3426@ejemplo.com,Frecuente,2025-03-12
C03427,Sofía,Reyes,43,Cancún,QROO,México,sofia.reyes3427@ejemplo.com,Frecuente,2025-03-12
C03428,Diego,Torres,24,Tijuana,BC,México,diego.torres3428@ejemplo.com,Standard,2025-03-13
C03429,Valeria,Martínez,24,León,GTO,México,valeria.martinez3429@ejemplo.com,Premium,2025-03-14
C03430,Valeria,Torres,18,Chihuahua,CHIH,México,valeria.torres3430@ejemplo.com,Premium,2025-03-14
C03431,Laura,Hernández,64,Chihuahua,CHIH,México,laura.hernandez3431@ejemplo.com,Standard,2025-03-14
C03432,Ricardo,Cruz,61,Chihuahua,CHIH,México,ricardo.cruz3432@ejemplo.com,Standard,2025-03-15
C03433,Laura,Torres,69,Toluca,MEX,México,laura.torres3433@ejemplo.com,Premium,2025-03-17
C03434,Daniela,Morales,74,Puebla,PUE,México,daniela.morales3434@ejemplo.com,Frecuente,2025-03-17
C03435,Carlos,Pérez,73,Querétaro,QRO,México,carlos.perez3435@ejemplo.com,Premium,2025-03-17
C03436,Laura,Cruz,75,León,GTO,México,laura.cruz3436@ejemplo.com,Premium,2025-03-17
C03437,Ricardo,Flores,18,Monterrey,NL,México,ricardo.flores3437@ejemplo.com,Frecuente,2025-03-18
C03438,Mariana,Torres,63,Mérida,YUC,México,mariana.torres3438@ejemplo.com,Standard,2025-03-18
C03439,Sofía,Hernández,59,Mérida,YUC,México,sofia.hernandez3439@ejemplo.com,Standard,2025-03-19
C03440,Daniela,Pérez,27,Veracruz,VER,México,daniela.perez3440@ejemplo.com,Premium,2025-03-19
C03441,Fernanda,Cruz,25,Ciudad de México,CDMX,México,fernanda.cruz3441@ejemplo.com,Premium,2025-03-19
C03442,Ricardo,Hernández,74,Guadalajara,JAL,México,ricardo.hernandez3442@ejemplo.com,Standard,2025-03-20
C03443,Carlos,Martínez,69,Ciudad de México,CDMX,México,carlos.martinez3443@ejemplo.com,Premium,2025-03-20
C03444,Miguel,Hernández,37,Mérida,YUC,México,miguel.hernandez3444@ejemplo.com,Standard,2025-03-20
C03445,Andrés,Hernández,22,Mérida,YUC,México,andres.hernandez3445@ejemplo.com,Premium,2025-03-21
C03446,Carlos,Pérez,37,Cancún,QROO,México,carlos.perez3446@ejemplo.com,Premium,2025-03-21
C03447,Fernanda,Reyes,18,Monterrey,NL,México,fernanda.reyes3447@ejemplo.com,Premium,2025-03-22
C03448,Ricardo,Rodríguez,57,Puebla,PUE,México,ricardo.rodriguez3448@ejemplo.com,Premium,2025-03-22
C03449,Héctor,López,40,Querétaro,QRO,México,hector.lopez3449@ejemplo.com,Premium,2025-03-23
C03450,Ana,Pérez,20,Ciudad de México,CDMX,México,ana.perez3450@ejemplo.com,Standard,2025-03-23
C03451,Valeria,Martínez,74,Toluca,MEX,México,valeria.martinez3451@ejemplo.com,Standard,2025-03-24
C03452,Gabriela,Hernández,65,Ciudad de México,CDMX,México,gabriela.hernandez3452@ejemplo.com,Premium,2025-03-25
C03453,Andrés,López,70,León,GTO,México,andres.lopez3453@ejemplo.com,Standard,2025-03-25
C03454,Jorge,Martínez,75,Querétaro,QRO,México,jorge.martinez3454@ejemplo.com,Premium,2025-03-25
C03455,Gabriela,García,18,Veracruz,VER,México,gabriela.garcia3455@ejemplo.com,Premium,2025-03-26
C03456,Ricardo,García,62,León,GTO,México,ricardo.garcia3456@ejemplo.com,Frecuente,2025-03-27
C03457,Mariana,Rodríguez,63,Querétaro,QRO,México,mariana.rodriguez3457@ejemplo.com,Standard,2025-03-27
C03458,Valeria,Ortiz,63,León,GTO,México,valeria.ortiz3458@ejemplo.com,Standard,2025-03-29
C03459,José,Reyes,33,Guadalajara,JAL,México,jose.reyes3459@ejemplo.com,Premium,2025-03-29
C03460,Sofía,Ramírez,40,Monterrey,NL,México,sofia.ramirez3460@ejemplo.com,Premium,2025-03-30
C03461,Andrés,Vargas,71,Querétaro,QRO,México,andres.vargas3461@ejemplo.com,Standard,2025-03-30
C03462,Mariana,Cruz,21,Chihuahua,CHIH,México,mariana.cruz3462@ejemplo.com,Standard,2025-03-30
C03463,Daniela,Flores,55,Toluca,MEX,México,daniela.flores3463@ejemplo.com,Standard,2025-03-31
C03464,Miguel,Flores,63,Tijuana,BC,México,miguel.flores3464@ejemplo.com,Frecuente,2025-03-31
C03465,Fernanda,Ortiz,64,Puebla,PUE,México,fernanda.ortiz3465@ejemplo.com,Premium,2025-03-31
C03466,Andrés,Ruiz,52,Veracruz,VER,México,andres.ruiz3466@ejemplo.com,Standard,2025-03-31
C03467,María,Castillo,62,Mérida,YUC,México,maria.castillo3467@ejemplo.com,Standard,2025-04-01
C03468,Paola,Ortiz,70,Guadalajara,JAL,México,paola.ortiz3468@ejemplo.com,Premium,2025-04-01
C03469,Andrés,Gómez,62,Monterrey,NL,México,andres.gomez3469@ejemplo.com,Premium,2025-04-02
C03470,Laura,Reyes,24,Chihuahua,CHIH,México,laura.reyes3470@ejemplo.com,Standard,2025-04-03
C03471,Valeria,Torres,32,Chihuahua,CHIH,México,valeria.torres3471@ejemplo.com,Premium,2025-04-04
C03472,Ricardo,Jiménez,35,Chihuahua,CHIH,México,ricardo.jimenez3472@ejemplo.com,Standard,2025-04-04
C03473,Fernanda,Rodríguez,37,Ciudad de México,CDMX,México,fernanda.rodriguez3473@ejemplo.com,Standard,2025-04-04
C03474,María,Martínez,38,Toluca,MEX,México,maria.martinez3474@ejemplo.com,Standard,2025-04-04
C03475,Héctor,Mendoza,30,Guadalajara,JAL,México,hector.mendoza3475@ejemplo.com,Standard,2025-04-04
C03476,Gabriela,Ramírez,57,Toluca,MEX,México,gabriela.ramirez3476@ejemplo.com,Standard,2025-04-04
C03477,Fernanda,Castillo,24,Chihuahua,CHIH,México,fernanda.castillo3477@ejemplo.com,Standard,2025-04-04
C03478,Luis,Ortiz,63,Tijuana,BC,México,luis.ortiz3478@ejemplo.com,Frecuente,2025-04-04
C03479,Jorge,Hernández,56,Monterrey,NL,México,jorge.hernandez3479@ejemplo.com,Premium,2025-04-05
C03480,Daniela,López,73,León,GTO,México,daniela.lopez3480@ejemplo.com,Frecuente,2025-04-05
C03481,Jorge,García,18,Ciudad de México,CDMX,México,jorge.garcia3481@ejemplo.com,Premium,2025-04-06
C03482,Paola,Ramírez,35,Mérida,YUC,México,paola.ramirez3482@ejemplo.com,Premium,2025-04-06
C03483,Mariana,Rodríguez,70,Puebla,PUE,México,mariana.rodriguez3483@ejemplo.com,Standard,2025-04-06
C03484,Héctor,Hernández,46,Querétaro,QRO,México,hector.hernandez3484@ejemplo.com,Premium,2025-04-07
C03485,Diego,López,50,Toluca,MEX,México,diego.lopez3485@ejemplo.com,Premium,2025-04-08
C03486,Fernanda,Reyes,19,Veracruz,VER,México,fernanda.reyes3486@ejemplo.com,Premium,2025-04-08
C03487,Fernanda,Ortiz,62,Tijuana,BC,México,fernanda.ortiz3487@ejemplo.com,Standard,2025-04-09
C03488,Luis,Martínez,32,Puebla,PUE,México,luis.martinez3488@ejemplo.com,Standard,2025-04-10
C03489,Luis,Jiménez,73,Chihuahua,CHIH,México,luis.jimenez3489@ejemplo.com,Premium,2025-04-11
C03490,Andrés,Reyes,39,Tijuana,BC,México,andres.reyes3490@ejemplo.com,Standard,2025-04-11
C03491,José,Hernández,28,Monterrey,NL,México,jose.hernandez3491@ejemplo.com,Premium,2025-04-12
C03492,Sofía,Reyes,52,Chihuahua,CHIH,México,sofia.reyes3492@ejemplo.com,Frecuente,2025-04-12
C03493,Fernanda,Hernández,45,Veracruz,VER,México,fernanda.hernandez3493@ejemplo.com,Premium,2025-04-12
C03494,Gabriela,Torres,45,Puebla,PUE,México,gabriela.torres3494@ejemplo.com,Standard,2025-04-12
C03495,Carlos,Reyes,73,Guadalajara,JAL,México,carlos.reyes3495@ejemplo.com,Standard,2025-04-13
C03496,Miguel,Flores,39,Guadalajara,JAL,México,miguel.flores3496@ejemplo.com,Standard,2025-04-13
C03497,Mariana,Ortiz,41,Cancún,QROO,México,mariana.ortiz3497@ejemplo.com,Frecuente,2025-04-13
C03498,Ricardo,Gómez,54,Puebla,PUE,México,ricardo.gomez3498@ejemplo.com,Premium,2025-04-13
C03499,Jorge,Rodríguez,27,Cancún,QROO,México,jorge.rodriguez3499@ejemplo.com,Standard,2025-04-13
C03500,Héctor,Vargas,66,Toluca,MEX,México,hector.vargas3500@ejemplo.com,Premium,2025-04-14
C03501,Sofía,Sánchez,31,Ciudad de México,CDMX,México,sofia.sanchez3501@ejemplo.com,Standard,2025-04-14
C03502,Carlos,Martínez,32,Chihuahua,CHIH,México,carlos.martinez3502@ejemplo.com,Premium,2025-04-15
C03503,Sofía,Pérez,18,Ciudad de México,CDMX,México,sofia.perez3503@ejemplo.com,Premium,2025-04-15
C03504,Diego,García,37,Guadalajara,JAL,México,diego.garcia3504@ejemplo.com,Premium,2025-04-15
C03505,Ricardo,Martínez,51,León,GTO,México,ricardo.martinez3505@ejemplo.com,Premium,2025-04-16
C03506,Ricardo,Ortiz,58,Cancún,QROO,México,ricardo.ortiz3506@ejemplo.com,Frecuente,2025-04-17
C03507,Fernanda,Ramírez,70,Veracruz,VER,México,fernanda.ramirez3507@ejemplo.com,Standard,2025-04-17
C03508,Luis,Mendoza,63,Mérida,YUC,México,luis.mendoza3508@ejemplo.com,Premium,2025-04-18
C03509,Miguel,Gómez,36,Querétaro,QRO,México,miguel.gomez3509@ejemplo.com,Standard,2025-04-18
C03510,Héctor,Pérez,65,León,GTO,México,hector.perez3510@ejemplo.com,Standard,2025-04-18
C03511,Daniela,Cruz,29,Toluca,MEX,México,daniela.cruz3511@ejemplo.com,Premium,2025-04-18
C03512,Laura,Reyes,30,León,GTO,México,laura.reyes3512@ejemplo.com,Premium,2025-04-18
C03513,Héctor,Hernández,38,Tijuana,BC,México,hector.hernandez3513@ejemplo.com,Standard,2025-04-20
C03514,Miguel,Ortiz,49,Veracruz,VER,México,miguel.ortiz3514@ejemplo.com,Premium,2025-04-20
C03515,Valeria,García,29,Puebla,PUE,México,valeria.garcia3515@ejemplo.com,Standard,2025-04-20
C03516,Fernanda,Ruiz,70,Tijuana,BC,México,fernanda.ruiz3516@ejemplo.com,Premium,2025-04-20
C03517,Luis,García,33,Puebla,PUE,México,luis.garcia3517@ejemplo.com,Premium,2025-04-21
C03518,Mariana,Pérez,40,Puebla,PUE,México,mariana.perez3518@ejemplo.com,Standard,2025-04-21
C03519,Alejandro,Ruiz,53,Monterrey,NL,México,alejandro.ruiz3519@ejemplo.com,Standard,2025-04-21
C03520,Sofía,Castillo,42,Mérida,YUC,México,sofia.castillo3520@ejemplo.com,Frecuente,2025-04-21
C03521,Valeria,Jiménez,41,León,GTO,México,valeria.jimenez3521@ejemplo.com,Premium,2025-04-22
C03522,Mariana,Martínez,75,Querétaro,QRO,México,mariana.martinez3522@ejemplo.com,Standard,2025-04-22
C03523,Andrés,García,43,Veracruz,VER,México,andres.garcia3523@ejemplo.com,Frecuente,2025-04-22
C03524,Gabriela,Ramírez,24,Querétaro,QRO,México,gabriela.ramirez3524@ejemplo.com,Standard,2025-04-22
C03525,José,Ramírez,60,Querétaro,QRO,México,jose.ramirez3525@ejemplo.com,Frecuente,2025-04-22
C03526,Sofía,Mendoza,58,Ciudad de México,CDMX,México,sofia.mendoza3526@ejemplo.com,Frecuente,2025-04-23
C03527,Luis,Jiménez,30,Chihuahua,CHIH,México,luis.jimenez3527@ejemplo.com,Standard,2025-04-23
C03528,Héctor,Vargas,67,Guadalajara,JAL,México,hector.vargas3528@ejemplo.com,Frecuente,2025-04-24
C03529,Alejandro,Vargas,40,Guadalajara,JAL,México,alejandro.vargas3529@ejemplo.com,Standard,2025-04-24
C03530,Daniela,López,26,Veracruz,VER,México,daniela.lopez3530@ejemplo.com,Standard,2025-04-24
C03531,Andrés,Cruz,28,Mérida,YUC,México,andres.cruz3531@ejemplo.com,Frecuente,2025-04-24
C03532,Luis,Torres,59,Ciudad de México,CDMX,México,luis.torres3532@ejemplo.com,Frecuente,2025-04-24
C03533,Carlos,Martínez,30,Querétaro,QRO,México,carlos.martinez3533@ejemplo.com,Premium,2025-04-25
C03534,José,Cruz,45,Cancún,QROO,México,jose.cruz3534@ejemplo.com,Premium,2025-04-26
C03535,Fernanda,Hernández,60,Ciudad de México,CDMX,México,fernanda.hernandez3535@ejemplo.com,Premium,2025-04-26
C03536,Héctor,Gómez,67,Toluca,MEX,México,hector.gomez3536@ejemplo.com,Frecuente,2025-04-26
C03537,Valeria,Gómez,46,León,GTO,México,valeria.gomez3537@ejemplo.com,Premium,2025-04-27
C03538,Paola,Cruz,70,Ciudad de México,CDMX,México,paola.cruz3538@ejemplo.com,Premium,2025-04-27
C03539,Miguel,García,35,Cancún,QROO,México,miguel.garcia3539@ejemplo.com,Standard,2025-04-28
C03540,Paola,Hernández,68,Monterrey,NL,México,paola.hernandez3540@ejemplo.com,Premium,2025-04-29
C03541,Luis,Martínez,32,León,GTO,México,luis.martinez3541@ejemplo.com,Frecuente,2025-04-29
C03542,Mariana,López,21,Tijuana,BC,México,mariana.lopez3542@ejemplo.com,Standard,2025-04-29
C03543,Fernanda,Reyes,60,Monterrey,NL,México,fernanda.reyes3543@ejemplo.com,Premium,2025-04-29
C03544,Fernanda,Ramírez,61,Mérida,YUC,México,fernanda.ramirez3544@ejemplo.com,Premium,2025-04-29
C03545,Diego,Ruiz,71,Querétaro,QRO,México,diego.ruiz3545@ejemplo.com,Standard,2025-04-30
C03546,Héctor,Gómez,71,Tijuana,BC,México,hector.gomez3546@ejemplo.com,Standard,2025-04-30
C03547,Andrés,Mendoza,23,Chihuahua,CHIH,México,andres.mendoza3547@ejemplo.com,Standard,2025-05-01
C03548,Gabriela,Jiménez,54,Cancún,QROO,México,gabriela.jimenez3548@ejemplo.com,Premium,2025-05-03
C03549,Laura,Reyes,58,Querétaro,QRO,México,laura.reyes3549@ejemplo.com,Frecuente,2025-05-03
C03550,Ana,Flores,52,Monterrey,NL,México,ana.flores3550@ejemplo.com,Standard,2025-05-03
C03551,Gabriela,Flores,19,Mérida,YUC,México,gabriela.flores3551@ejemplo.com,Standard,2025-05-04
C03552,Miguel,Hernández,20,Ciudad de México,CDMX,México,miguel.hernandez3552@ejemplo.com,Premium,2025-05-04
C03553,Luis,Cruz,56,Chihuahua,CHIH,México,luis.cruz3553@ejemplo.com,Frecuente,2025-05-04
C03554,José,Hernández,67,Ciudad de México,CDMX,México,jose.hernandez3554@ejemplo.com,Standard,2025-05-04
C03555,Alejandro,Reyes,28,León,GTO,México,alejandro.reyes3555@ejemplo.com,Premium,2025-05-05
C03556,Gabriela,Flores,20,Tijuana,BC,México,gabriela.flores3556@ejemplo.com,Frecuente,2025-05-05
C03557,Gabriela,Castillo,41,León,GTO,México,gabriela.castillo3557@ejemplo.com,Frecuente,2025-05-05
C03558,Sofía,Hernández,36,Tijuana,BC,México,sofia.hernandez3558@ejemplo.com,Standard,2025-05-06
C03559,Valeria,Flores,75,Ciudad de México,CDMX,México,valeria.flores3559@ejemplo.com,Standard,2025-05-07
C03560,Andrés,Morales,71,Veracruz,VER,México,andres.morales3560@ejemplo.com,Premium,2025-05-07
C03561,Mariana,García,50,Toluca,MEX,México,mariana.garcia3561@ejemplo.com,Standard,2025-05-08
C03562,Miguel,Hernández,73,Ciudad de México,CDMX,México,miguel.hernandez3562@ejemplo.com,Premium,2025-05-08
C03563,Mariana,Reyes,31,Ciudad de México,CDMX,México,mariana.reyes3563@ejemplo.com,Standard,2025-05-08
C03564,María,Hernández,75,Mérida,YUC,México,maria.hernandez3564@ejemplo.com,Premium,2025-05-08
C03565,Diego,Ramírez,43,Veracruz,VER,México,diego.ramirez3565@ejemplo.com,Premium,2025-05-08
C03566,Jorge,Torres,45,Mérida,YUC,México,jorge.torres3566@ejemplo.com,Frecuente,2025-05-08
C03567,Paola,García,20,Ciudad de México,CDMX,México,paola.garcia3567@ejemplo.com,Premium,2025-05-08
C03568,Diego,Reyes,28,León,GTO,México,diego.reyes3568@ejemplo.com,Frecuente,2025-05-09
C03569,Miguel,Ramírez,29,Querétaro,QRO,México,miguel.ramirez3569@ejemplo.com,Premium,2025-05-10
C03570,Gabriela,Vargas,46,Cancún,QROO,México,gabriela.vargas3570@ejemplo.com,Premium,2025-05-10
C03571,Alejandro,Reyes,29,Tijuana,BC,México,alejandro.reyes3571@ejemplo.com,Premium,2025-05-11
C03572,Ricardo,Flores,23,Ciudad de México,CDMX,México,ricardo.flores3572@ejemplo.com,Premium,2025-05-11
C03573,Alejandro,Reyes,53,Ciudad de México,CDMX,México,alejandro.reyes3573@ejemplo.com,Standard,2025-05-11
C03574,Alejandro,Gómez,68,Cancún,QROO,México,alejandro.gomez3574@ejemplo.com,Premium,2025-05-11
C03575,Mariana,Torres,22,Cancún,QROO,México,mariana.torres3575@ejemplo.com,Standard,2025-05-11
C03576,Ana,Morales,50,Puebla,PUE,México,ana.morales3576@ejemplo.com,Standard,2025-05-11
C03577,Valeria,Morales,73,Ciudad de México,CDMX,México,valeria.morales3577@ejemplo.com,Premium,2025-05-12
C03578,Mariana,Ortiz,41,Toluca,MEX,México,mariana.ortiz3578@ejemplo.com,Premium,2025-05-12
C03579,Alejandro,Castillo,28,Guadalajara,JAL,México,alejandro.castillo3579@ejemplo.com,Premium,2025-05-12
C03580,Jorge,Cruz,22,Monterrey,NL,México,jorge.cruz3580@ejemplo.com,Premium,2025-05-12
C03581,Ricardo,López,72,Querétaro,QRO,México,ricardo.lopez3581@ejemplo.com,Premium,2025-05-13
C03582,Laura,Hernández,41,León,GTO,México,laura.hernandez3582@ejemplo.com,Standard,2025-05-13
C03583,Sofía,Ortiz,24,Veracruz,VER,México,sofia.ortiz3583@ejemplo.com,Standard,2025-05-13
C03584,Laura,López,68,Cancún,QROO,México,laura.lopez3584@ejemplo.com,Frecuente,2025-05-14
C03585,Ricardo,Reyes,64,Veracruz,VER,México,ricardo.reyes3585@ejemplo.com,Standard,2025-05-14
C03586,Laura,Morales,58,Cancún,QROO,México,laura.morales3586@ejemplo.com,Standard,2025-05-14
C03587,Paola,Vargas,22,Chihuahua,CHIH,México,paola.vargas3587@ejemplo.com,Premium,2025-05-14
C03588,Valeria,Ramírez,22,Monterrey,NL,México,valeria.ramirez3588@ejemplo.com,Premium,2025-05-14
C03589,Luis,Rodríguez,30,Ciudad de México,CDMX,México,luis.rodriguez3589@ejemplo.com,Standard,2025-05-14
C03590,Héctor,Torres,27,León,GTO,México,hector.torres3590@ejemplo.com,Premium,2025-05-15
C03591,José,Sánchez,48,Veracruz,VER,México,jose.sanchez3591@ejemplo.com,Premium,2025-05-15
C03592,José,Ramírez,40,León,GTO,México,jose.ramirez3592@ejemplo.com,Frecuente,2025-05-16
C03593,Ana,Flores,62,Tijuana,BC,México,ana.flores3593@ejemplo.com,Premium,2025-05-17
C03594,José,Ortiz,23,Querétaro,QRO,México,jose.ortiz3594@ejemplo.com,Premium,2025-05-17
C03595,Ricardo,Jiménez,60,Guadalajara,JAL,México,ricardo.jimenez3595@ejemplo.com,Frecuente,2025-05-17
C03596,Valeria,Sánchez,72,Tijuana,BC,México,valeria.sanchez3596@ejemplo.com,Premium,2025-05-17
C03597,Mariana,Rodríguez,25,León,GTO,México,mariana.rodriguez3597@ejemplo.com,Premium,2025-05-18
C03598,Luis,Ramírez,55,Guadalajara,JAL,México,luis.ramirez3598@ejemplo.com,Premium,2025-05-18
C03599,Sofía,Jiménez,47,Querétaro,QRO,México,sofia.jimenez3599@ejemplo.com,Premium,2025-05-18
C03600,Daniela,Sánchez,23,Puebla,PUE,México,daniela.sanchez3600@ejemplo.com,Frecuente,2025-05-18
C03601,Héctor,Gómez,34,Querétaro,QRO,México,hector.gomez3601@ejemplo.com,Standard,2025-05-19
C03602,Fernanda,Pérez,63,Toluca,MEX,México,fernanda.perez3602@ejemplo.com,Standard,2025-05-19
C03603,Sofía,López,68,Chihuahua,CHIH,México,sofia.lopez3603@ejemplo.com,Premium,2025-05-19
C03604,Andrés,Vargas,39,Tijuana,BC,México,andres.vargas3604@ejemplo.com,Premium,2025-05-20
C03605,Ricardo,García,24,Toluca,MEX,México,ricardo.garcia3605@ejemplo.com,Standard,2025-05-20
C03606,Mariana,Gómez,32,León,GTO,México,mariana.gomez3606@ejemplo.com,Premium,2025-05-21
C03607,Carlos,Cruz,66,Veracruz,VER,México,carlos.cruz3607@ejemplo.com,Premium,2025-05-21
C03608,María,Hernández,51,León,GTO,México,maria.hernandez3608@ejemplo.com,Standard,2025-05-22
C03609,Andrés,Martínez,42,Mérida,YUC,México,andres.martinez3609@ejemplo.com,Frecuente,2025-05-22
C03610,Miguel,Ruiz,18,León,GTO,México,miguel.ruiz3610@ejemplo.com,Frecuente,2025-05-22
C03611,Ana,García,63,Puebla,PUE,México,ana.garcia3611@ejemplo.com,Frecuente,2025-05-22
C03612,Diego,Ortiz,44,León,GTO,México,diego.ortiz3612@ejemplo.com,Standard,2025-05-22
C03613,María,Ortiz,49,León,GTO,México,maria.ortiz3613@ejemplo.com,Standard,2025-05-23
C03614,Valeria,Flores,66,Cancún,QROO,México,valeria.flores3614@ejemplo.com,Frecuente,2025-05-23
C03615,Ricardo,Reyes,50,Guadalajara,JAL,México,ricardo.reyes3615@ejemplo.com,Premium,2025-05-23
C03616,Carlos,Jiménez,71,Mérida,YUC,México,carlos.jimenez3616@ejemplo.com,Premium,2025-05-24
C03617,Paola,Vargas,50,León,GTO,México,paola.vargas3617@ejemplo.com,Premium,2025-05-25
C03618,Alejandro,Pérez,37,Monterrey,NL,México,alejandro.perez3618@ejemplo.com,Frecuente,2025-05-25
C03619,Miguel,Ruiz,71,Toluca,MEX,México,miguel.ruiz3619@ejemplo.com,Frecuente,2025-05-25
C03620,Jorge,Ortiz,55,Chihuahua,CHIH,México,jorge.ortiz3620@ejemplo.com,Standard,2025-05-25
C03621,Miguel,Ortiz,62,Mérida,YUC,México,miguel.ortiz3621@ejemplo.com,Premium,2025-05-25
C03622,Luis,Sánchez,31,Veracruz,VER,México,luis.sanchez3622@ejemplo.com,Frecuente,2025-05-26
C03623,Gabriela,Torres,56,Chihuahua,CHIH,México,gabriela.torres3623@ejemplo.com,Premium,2025-05-26
C03624,Paola,García,50,Querétaro,QRO,México,paola.garcia3624@ejemplo.com,Premium,2025-05-26
C03625,Ana,Reyes,24,Chihuahua,CHIH,México,ana.reyes3625@ejemplo.com,Standard,2025-05-26
C03626,Sofía,López,32,Veracruz,VER,México,sofia.lopez3626@ejemplo.com,Standard,2025-05-26
C03627,Paola,Rodríguez,70,Guadalajara,JAL,México,paola.rodriguez3627@ejemplo.com,Frecuente,2025-05-27
C03628,Héctor,Rodríguez,51,Veracruz,VER,México,hector.rodriguez3628@ejemplo.com,Premium,2025-05-27
C03629,Sofía,Morales,62,Ciudad de México,CDMX,México,sofia.morales3629@ejemplo.com,Premium,2025-05-28
C03630,Miguel,Flores,27,Querétaro,QRO,México,miguel.flores3630@ejemplo.com,Standard,2025-05-30
C03631,José,Hernández,30,Veracruz,VER,México,jose.hernandez3631@ejemplo.com,Premium,2025-05-30
C03632,Jorge,Sánchez,72,León,GTO,México,jorge.sanchez3632@ejemplo.com,Frecuente,2025-05-31
C03633,José,Ortiz,42,Puebla,PUE,México,jose.ortiz3633@ejemplo.com,Premium,2025-05-31
C03634,Alejandro,Torres,69,Cancún,QROO,México,alejandro.torres3634@ejemplo.com,Premium,2025-05-31
C03635,Héctor,Ramírez,64,Monterrey,NL,México,hector.ramirez3635@ejemplo.com,Premium,2025-05-31
C03636,Paola,Sánchez,37,Monterrey,NL,México,paola.sanchez3636@ejemplo.com,Standard,2025-05-31
C03637,Miguel,Rodríguez,73,Chihuahua,CHIH,México,miguel.rodriguez3637@ejemplo.com,Frecuente,2025-05-31
C03638,Gabriela,Rodríguez,63,Ciudad de México,CDMX,México,gabriela.rodriguez3638@ejemplo.com,Premium,2025-06-01
C03639,Paola,Martínez,25,Veracruz,VER,México,paola.martinez3639@ejemplo.com,Premium,2025-06-01
C03640,María,Jiménez,23,Querétaro,QRO,México,maria.jimenez3640@ejemplo.com,Frecuente,2025-06-01
C03641,Valeria,Hernández,25,Ciudad de México,CDMX,México,valeria.hernandez3641@ejemplo.com,Standard,2025-06-01
C03642,Héctor,Vargas,60,Toluca,MEX,México,hector.vargas3642@ejemplo.com,Premium,2025-06-02
C03643,Alejandro,Jiménez,26,Ciudad de México,CDMX,México,alejandro.jimenez3643@ejemplo.com,Premium,2025-06-02
C03644,Valeria,Mendoza,34,Puebla,PUE,México,valeria.mendoza3644@ejemplo.com,Frecuente,2025-06-02
C03645,Miguel,López,43,Monterrey,NL,México,miguel.lopez3645@ejemplo.com,Standard,2025-06-02
C03646,Jorge,Gómez,25,Toluca,MEX,México,jorge.gomez3646@ejemplo.com,Premium,2025-06-03
C03647,Daniela,Gómez,37,Tijuana,BC,México,daniela.gomez3647@ejemplo.com,Premium,2025-06-03
C03648,Laura,Martínez,57,Cancún,QROO,México,laura.martinez3648@ejemplo.com,Premium,2025-06-03
C03649,Héctor,Ortiz,74,Ciudad de México,CDMX,México,hector.ortiz3649@ejemplo.com,Premium,2025-06-03
C03650,Ana,Ramírez,45,León,GTO,México,ana.ramirez3650@ejemplo.com,Premium,2025-06-03
C03651,Gabriela,Hernández,61,León,GTO,México,gabriela.hernandez3651@ejemplo.com,Premium,2025-06-03
C03652,Valeria,Ramírez,48,Puebla,PUE,México,valeria.ramirez3652@ejemplo.com,Premium,2025-06-03
C03653,Carlos,Morales,45,Chihuahua,CHIH,México,carlos.morales3653@ejemplo.com,Premium,2025-06-04
C03654,Laura,Martínez,48,Querétaro,QRO,México,laura.martinez3654@ejemplo.com,Standard,2025-06-05
C03655,Miguel,Torres,73,León,GTO,México,miguel.torres3655@ejemplo.com,Standard,2025-06-05
C03656,Andrés,Ruiz,21,Monterrey,NL,México,andres.ruiz3656@ejemplo.com,Frecuente,2025-06-05
C03657,María,Morales,47,Veracruz,VER,México,maria.morales3657@ejemplo.com,Premium,2025-06-06
C03658,Héctor,Torres,20,Monterrey,NL,México,hector.torres3658@ejemplo.com,Frecuente,2025-06-06
C03659,Ana,Reyes,68,Cancún,QROO,México,ana.reyes3659@ejemplo.com,Frecuente,2025-06-06
C03660,Alejandro,Morales,52,Guadalajara,JAL,México,alejandro.morales3660@ejemplo.com,Frecuente,2025-06-06
C03661,Alejandro,Ortiz,20,Ciudad de México,CDMX,México,alejandro.ortiz3661@ejemplo.com,Premium,2025-06-06
C03662,Diego,Gómez,54,Guadalajara,JAL,México,diego.gomez3662@ejemplo.com,Premium,2025-06-06
C03663,Jorge,Ramírez,43,Veracruz,VER,México,jorge.ramirez3663@ejemplo.com,Standard,2025-06-07
C03664,Alejandro,Torres,20,Monterrey,NL,México,alejandro.torres3664@ejemplo.com,Premium,2025-06-07
C03665,Carlos,Rodríguez,74,Chihuahua,CHIH,México,carlos.rodriguez3665@ejemplo.com,Premium,2025-06-07
C03666,Laura,García,39,Mérida,YUC,México,laura.garcia3666@ejemplo.com,Premium,2025-06-07
C03667,Gabriela,Ortiz,19,Guadalajara,JAL,México,gabriela.ortiz3667@ejemplo.com,Standard,2025-06-08
C03668,Fernanda,Jiménez,53,Querétaro,QRO,México,fernanda.jimenez3668@ejemplo.com,Standard,2025-06-08
C03669,Miguel,García,39,Querétaro,QRO,México,miguel.garcia3669@ejemplo.com,Premium,2025-06-08
C03670,Héctor,Pérez,56,Puebla,PUE,México,hector.perez3670@ejemplo.com,Frecuente,2025-06-08
C03671,Daniela,Mendoza,27,Cancún,QROO,México,daniela.mendoza3671@ejemplo.com,Standard,2025-06-08
C03672,Laura,Sánchez,66,Chihuahua,CHIH,México,laura.sanchez3672@ejemplo.com,Premium,2025-06-09
C03673,Sofía,García,42,Chihuahua,CHIH,México,sofia.garcia3673@ejemplo.com,Premium,2025-06-09
C03674,Miguel,Reyes,42,Mérida,YUC,México,miguel.reyes3674@ejemplo.com,Premium,2025-06-09
C03675,Mariana,Castillo,64,Chihuahua,CHIH,México,mariana.castillo3675@ejemplo.com,Frecuente,2025-06-09
C03676,Miguel,Torres,49,Veracruz,VER,México,miguel.torres3676@ejemplo.com,Standard,2025-06-10
C03677,Paola,López,18,Guadalajara,JAL,México,paola.lopez3677@ejemplo.com,Standard,2025-06-10
C03678,Luis,Jiménez,51,Cancún,QROO,México,luis.jimenez3678@ejemplo.com,Standard,2025-06-10
C03679,Valeria,Ruiz,55,Toluca,MEX,México,valeria.ruiz3679@ejemplo.com,Premium,2025-06-10
C03680,Héctor,Ruiz,36,Ciudad de México,CDMX,México,hector.ruiz3680@ejemplo.com,Frecuente,2025-06-11
C03681,Gabriela,Morales,28,Cancún,QROO,México,gabriela.morales3681@ejemplo.com,Frecuente,2025-06-11
C03682,Diego,Morales,21,Chihuahua,CHIH,México,diego.morales3682@ejemplo.com,Standard,2025-06-11
C03683,Miguel,Flores,67,Puebla,PUE,México,miguel.flores3683@ejemplo.com,Standard,2025-06-11
C03684,Diego,Jiménez,18,Chihuahua,CHIH,México,diego.jimenez3684@ejemplo.com,Premium,2025-06-11
C03685,Daniela,Reyes,51,Veracruz,VER,México,daniela.reyes3685@ejemplo.com,Premium,2025-06-12
C03686,Valeria,Morales,66,Cancún,QROO,México,valeria.morales3686@ejemplo.com,Premium,2025-06-12
C03687,Laura,Rodríguez,38,Cancún,QROO,México,laura.rodriguez3687@ejemplo.com,Standard,2025-06-13
C03688,Ana,López,29,Mérida,YUC,México,ana.lopez3688@ejemplo.com,Standard,2025-06-14
C03689,Luis,García,59,Tijuana,BC,México,luis.garcia3689@ejemplo.com,Frecuente,2025-06-14
C03690,Andrés,Torres,54,Querétaro,QRO,México,andres.torres3690@ejemplo.com,Premium,2025-06-14
C03691,Carlos,Ortiz,18,Mérida,YUC,México,carlos.ortiz3691@ejemplo.com,Premium,2025-06-14
C03692,Alejandro,Reyes,51,Querétaro,QRO,México,alejandro.reyes3692@ejemplo.com,Premium,2025-06-15
C03693,Mariana,Torres,18,Toluca,MEX,México,mariana.torres3693@ejemplo.com,Frecuente,2025-06-16
C03694,Paola,Castillo,41,Toluca,MEX,México,paola.castillo3694@ejemplo.com,Standard,2025-06-16
C03695,Fernanda,Reyes,35,Tijuana,BC,México,fernanda.reyes3695@ejemplo.com,Standard,2025-06-17
C03696,Gabriela,Pérez,66,Mérida,YUC,México,gabriela.perez3696@ejemplo.com,Standard,2025-06-17
C03697,Andrés,Ramírez,74,Monterrey,NL,México,andres.ramirez3697@ejemplo.com,Standard,2025-06-17
C03698,Luis,Castillo,58,Monterrey,NL,México,luis.castillo3698@ejemplo.com,Premium,2025-06-18
C03699,José,Hernández,60,Tijuana,BC,México,jose.hernandez3699@ejemplo.com,Premium,2025-06-18
C03700,Héctor,Jiménez,19,Ciudad de México,CDMX,México,hector.jimenez3700@ejemplo.com,Premium,2025-06-18
C03701,Valeria,López,21,Chihuahua,CHIH,México,valeria.lopez3701@ejemplo.com,Premium,2025-06-18
C03702,Ricardo,Jiménez,63,Guadalajara,JAL,México,ricardo.jimenez3702@ejemplo.com,Standard,2025-06-20
C03703,Mariana,Cruz,42,Puebla,PUE,México,mariana.cruz3703@ejemplo.com,Premium,2025-06-20
C03704,Laura,Hernández,47,Puebla,PUE,México,laura.hernandez3704@ejemplo.com,Standard,2025-06-20
C03705,Daniela,Ramírez,58,Monterrey,NL,México,daniela.ramirez3705@ejemplo.com,Standard,2025-06-20
C03706,Daniela,Morales,38,Tijuana,BC,México,daniela.morales3706@ejemplo.com,Standard,2025-06-20
C03707,Valeria,Gómez,57,León,GTO,México,valeria.gomez3707@ejemplo.com,Frecuente,2025-06-21
C03708,Laura,Pérez,60,Chihuahua,CHIH,México,laura.perez3708@ejemplo.com,Premium,2025-06-21
C03709,Fernanda,López,31,Monterrey,NL,México,fernanda.lopez3709@ejemplo.com,Standard,2025-06-22
C03710,Gabriela,Rodríguez,57,Monterrey,NL,México,gabriela.rodriguez3710@ejemplo.com,Premium,2025-06-22
C03711,Ana,Martínez,27,Querétaro,QRO,México,ana.martinez3711@ejemplo.com,Standard,2025-06-22
C03712,Daniela,López,36,Puebla,PUE,México,daniela.lopez3712@ejemplo.com,Standard,2025-06-22
C03713,Gabriela,Ortiz,63,Toluca,MEX,México,gabriela.ortiz3713@ejemplo.com,Premium,2025-06-22
C03714,Mariana,Castillo,75,Monterrey,NL,México,mariana.castillo3714@ejemplo.com,Premium,2025-06-23
C03715,Luis,Sánchez,21,Tijuana,BC,México,luis.sanchez3715@ejemplo.com,Standard,2025-06-23
C03716,Carlos,López,55,Mérida,YUC,México,carlos.lopez3716@ejemplo.com,Standard,2025-06-23
C03717,Daniela,Ramírez,51,Tijuana,BC,México,daniela.ramirez3717@ejemplo.com,Standard,2025-06-23
C03718,Fernanda,Castillo,53,Cancún,QROO,México,fernanda.castillo3718@ejemplo.com,Premium,2025-06-23
C03719,Jorge,Castillo,63,Toluca,MEX,México,jorge.castillo3719@ejemplo.com,Standard,2025-06-24
C03720,Andrés,Rodríguez,22,Mérida,YUC,México,andres.rodriguez3720@ejemplo.com,Standard,2025-06-24
C03721,Andrés,López,60,Querétaro,QRO,México,andres.lopez3721@ejemplo.com,Premium,2025-06-24
C03722,Ana,Castillo,34,Veracruz,VER,México,ana.castillo3722@ejemplo.com,Standard,2025-06-24
C03723,Paola,Cruz,26,Veracruz,VER,México,paola.cruz3723@ejemplo.com,Standard,2025-06-24
C03724,Luis,Mendoza,43,Veracruz,VER,México,luis.mendoza3724@ejemplo.com,Frecuente,2025-06-25
C03725,Alejandro,Hernández,19,Ciudad de México,CDMX,México,alejandro.hernandez3725@ejemplo.com,Premium,2025-06-25
C03726,Daniela,Reyes,54,Chihuahua,CHIH,México,daniela.reyes3726@ejemplo.com,Premium,2025-06-26
C03727,Gabriela,Reyes,50,Chihuahua,CHIH,México,gabriela.reyes3727@ejemplo.com,Frecuente,2025-06-26
C03728,Mariana,López,47,Toluca,MEX,México,mariana.lopez3728@ejemplo.com,Frecuente,2025-06-26
C03729,Mariana,Gómez,19,León,GTO,México,mariana.gomez3729@ejemplo.com,Premium,2025-06-27
C03730,Andrés,Flores,62,Tijuana,BC,México,andres.flores3730@ejemplo.com,Frecuente,2025-06-27
C03731,Valeria,López,20,León,GTO,México,valeria.lopez3731@ejemplo.com,Premium,2025-06-27
C03732,Diego,Hernández,33,Mérida,YUC,México,diego.hernandez3732@ejemplo.com,Frecuente,2025-06-27
C03733,María,García,40,Toluca,MEX,México,maria.garcia3733@ejemplo.com,Premium,2025-06-28
C03734,Fernanda,Flores,58,Tijuana,BC,México,fernanda.flores3734@ejemplo.com,Premium,2025-06-28
C03735,Paola,Vargas,41,León,GTO,México,paola.vargas3735@ejemplo.com,Frecuente,2025-06-28
C03736,Valeria,Martínez,65,Toluca,MEX,México,valeria.martinez3736@ejemplo.com,Premium,2025-06-28
C03737,José,Gómez,72,Chihuahua,CHIH,México,jose.gomez3737@ejemplo.com,Frecuente,2025-06-29
C03738,Diego,Torres,62,Monterrey,NL,México,diego.torres3738@ejemplo.com,Standard,2025-06-29
C03739,Andrés,Vargas,20,Chihuahua,CHIH,México,andres.vargas3739@ejemplo.com,Premium,2025-06-29
C03740,José,Ramírez,62,Monterrey,NL,México,jose.ramirez3740@ejemplo.com,Frecuente,2025-06-30
C03741,Miguel,Flores,29,Veracruz,VER,México,miguel.flores3741@ejemplo.com,Standard,2025-06-30
C03742,Sofía,Vargas,69,Ciudad de México,CDMX,México,sofia.vargas3742@ejemplo.com,Frecuente,2025-06-30
C03743,Gabriela,Hernández,74,Monterrey,NL,México,gabriela.hernandez3743@ejemplo.com,Frecuente,2025-06-30
C03744,Diego,Ramírez,22,Cancún,QROO,México,diego.ramirez3744@ejemplo.com,Premium,2025-07-01
C03745,José,López,23,Mérida,YUC,México,jose.lopez3745@ejemplo.com,Premium,2025-07-01
C03746,Luis,Pérez,58,León,GTO,México,luis.perez3746@ejemplo.com,Premium,2025-07-01
C03747,Laura,Rodríguez,26,Tijuana,BC,México,laura.rodriguez3747@ejemplo.com,Standard,2025-07-01
C03748,Ricardo,Hernández,74,Ciudad de México,CDMX,México,ricardo.hernandez3748@ejemplo.com,Premium,2025-07-01
C03749,Alejandro,Rodríguez,49,Cancún,QROO,México,alejandro.rodriguez3749@ejemplo.com,Premium,2025-07-01
C03750,Valeria,Castillo,51,Mérida,YUC,México,valeria.castillo3750@ejemplo.com,Standard,2025-07-02
C03751,Ana,Pérez,67,Mérida,YUC,México,ana.perez3751@ejemplo.com,Premium,2025-07-02
C03752,Ricardo,Flores,30,Tijuana,BC,México,ricardo.flores3752@ejemplo.com,Standard,2025-07-02
C03753,José,Mendoza,50,Chihuahua,CHIH,México,jose.mendoza3753@ejemplo.com,Standard,2025-07-02
C03754,Andrés,Martínez,75,Toluca,MEX,México,andres.martinez3754@ejemplo.com,Premium,2025-07-03
C03755,Andrés,Ruiz,19,Monterrey,NL,México,andres.ruiz3755@ejemplo.com,Premium,2025-07-04
C03756,Ricardo,López,28,Ciudad de México,CDMX,México,ricardo.lopez3756@ejemplo.com,Premium,2025-07-04
C03757,Andrés,Morales,26,Monterrey,NL,México,andres.morales3757@ejemplo.com,Standard,2025-07-04
C03758,Gabriela,Vargas,37,Ciudad de México,CDMX,México,gabriela.vargas3758@ejemplo.com,Premium,2025-07-04
C03759,Ana,Jiménez,25,León,GTO,México,ana.jimenez3759@ejemplo.com,Frecuente,2025-07-04
C03760,Miguel,Rodríguez,27,Cancún,QROO,México,miguel.rodriguez3760@ejemplo.com,Standard,2025-07-05
C03761,Mariana,Jiménez,67,Querétaro,QRO,México,mariana.jimenez3761@ejemplo.com,Premium,2025-07-05
C03762,Luis,Reyes,44,Cancún,QROO,México,luis.reyes3762@ejemplo.com,Frecuente,2025-07-06
C03763,Paola,Ruiz,38,Toluca,MEX,México,paola.ruiz3763@ejemplo.com,Frecuente,2025-07-06
C03764,Carlos,Vargas,42,Toluca,MEX,México,carlos.vargas3764@ejemplo.com,Premium,2025-07-06
C03765,Sofía,Gómez,74,Querétaro,QRO,México,sofia.gomez3765@ejemplo.com,Frecuente,2025-07-06
C03766,Ana,Hernández,46,Cancún,QROO,México,ana.hernandez3766@ejemplo.com,Premium,2025-07-06
C03767,Ana,Reyes,45,Mérida,YUC,México,ana.reyes3767@ejemplo.com,Standard,2025-07-07
C03768,Fernanda,Cruz,71,Veracruz,VER,México,fernanda.cruz3768@ejemplo.com,Premium,2025-07-08
C03769,Diego,Morales,20,Toluca,MEX,México,diego.morales3769@ejemplo.com,Standard,2025-07-08
C03770,Héctor,Mendoza,45,Puebla,PUE,México,hector.mendoza3770@ejemplo.com,Frecuente,2025-07-09
C03771,Luis,Morales,61,Chihuahua,CHIH,México,luis.morales3771@ejemplo.com,Frecuente,2025-07-09
C03772,Alejandro,Jiménez,47,Tijuana,BC,México,alejandro.jimenez3772@ejemplo.com,Frecuente,2025-07-09
C03773,Luis,Ruiz,68,Toluca,MEX,México,luis.ruiz3773@ejemplo.com,Premium,2025-07-10
C03774,Carlos,Pérez,69,Veracruz,VER,México,carlos.perez3774@ejemplo.com,Standard,2025-07-10
C03775,Luis,Morales,37,Toluca,MEX,México,luis.morales3775@ejemplo.com,Premium,2025-07-10
C03776,Ricardo,García,65,Guadalajara,JAL,México,ricardo.garcia3776@ejemplo.com,Premium,2025-07-10
C03777,Héctor,Ortiz,32,Monterrey,NL,México,hector.ortiz3777@ejemplo.com,Premium,2025-07-10
C03778,Andrés,Torres,31,Toluca,MEX,México,andres.torres3778@ejemplo.com,Frecuente,2025-07-10
C03779,Diego,Pérez,74,Guadalajara,JAL,México,diego.perez3779@ejemplo.com,Standard,2025-07-11
C03780,Valeria,Torres,18,Ciudad de México,CDMX,México,valeria.torres3780@ejemplo.com,Premium,2025-07-11
C03781,Luis,García,38,Puebla,PUE,México,luis.garcia3781@ejemplo.com,Frecuente,2025-07-12
C03782,Ana,Torres,54,Querétaro,QRO,México,ana.torres3782@ejemplo.com,Standard,2025-07-12
C03783,Diego,Gómez,41,Guadalajara,JAL,México,diego.gomez3783@ejemplo.com,Premium,2025-07-12
C03784,Paola,López,67,Guadalajara,JAL,México,paola.lopez3784@ejemplo.com,Standard,2025-07-13
C03785,Sofía,Jiménez,32,Tijuana,BC,México,sofia.jimenez3785@ejemplo.com,Standard,2025-07-13
C03786,Luis,Reyes,50,Cancún,QROO,México,luis.reyes3786@ejemplo.com,Standard,2025-07-14
C03787,Ana,Ortiz,25,Mérida,YUC,México,ana.ortiz3787@ejemplo.com,Standard,2025-07-15
C03788,Daniela,Castillo,30,Toluca,MEX,México,daniela.castillo3788@ejemplo.com,Standard,2025-07-15
C03789,Miguel,Castillo,28,Veracruz,VER,México,miguel.castillo3789@ejemplo.com,Premium,2025-07-15
C03790,María,Sánchez,60,Ciudad de México,CDMX,México,maria.sanchez3790@ejemplo.com,Standard,2025-07-15
C03791,Luis,Rodríguez,29,León,GTO,México,luis.rodriguez3791@ejemplo.com,Premium,2025-07-15
C03792,José,Rodríguez,56,Guadalajara,JAL,México,jose.rodriguez3792@ejemplo.com,Premium,2025-07-15
C03793,Jorge,Cruz,38,Tijuana,BC,México,jorge.cruz3793@ejemplo.com,Premium,2025-07-15
C03794,Ricardo,Mendoza,50,Tijuana,BC,México,ricardo.mendoza3794@ejemplo.com,Standard,2025-07-16
C03795,José,Ramírez,68,León,GTO,México,jose.ramirez3795@ejemplo.com,Premium,2025-07-16
C03796,Paola,Martínez,68,Puebla,PUE,México,paola.martinez3796@ejemplo.com,Premium,2025-07-16
C03797,Carlos,Ruiz,18,Chihuahua,CHIH,México,carlos.ruiz3797@ejemplo.com,Premium,2025-07-16
C03798,Ricardo,Torres,63,Tijuana,BC,México,ricardo.torres3798@ejemplo.com,Frecuente,2025-07-17
C03799,Héctor,Flores,73,Toluca,MEX,México,hector.flores3799@ejemplo.com,Premium,2025-07-18
C03800,Paola,Mendoza,56,Veracruz,VER,México,paola.mendoza3800@ejemplo.com,Premium,2025-07-19
C03801,Daniela,Pérez,28,Mérida,YUC,México,daniela.perez3801@ejemplo.com,Premium,2025-07-19
C03802,Paola,Hernández,56,Guadalajara,JAL,México,paola.hernandez3802@ejemplo.com,Standard,2025-07-19
C03803,Paola,Ortiz,54,León,GTO,México,paola.ortiz3803@ejemplo.com,Premium,2025-07-20
C03804,Andrés,Flores,56,Querétaro,QRO,México,andres.flores3804@ejemplo.com,Premium,2025-07-20
C03805,Luis,Morales,42,Tijuana,BC,México,luis.morales3805@ejemplo.com,Frecuente,2025-07-20
C03806,Miguel,Vargas,48,Querétaro,QRO,México,miguel.vargas3806@ejemplo.com,Standard,2025-07-20
C03807,Valeria,Cruz,55,Puebla,PUE,México,valeria.cruz3807@ejemplo.com,Standard,2025-07-21
C03808,Sofía,López,44,Puebla,PUE,México,sofia.lopez3808@ejemplo.com,Standard,2025-07-21
C03809,Paola,Reyes,62,Veracruz,VER,México,paola.reyes3809@ejemplo.com,Frecuente,2025-07-21
C03810,Fernanda,Gómez,59,Puebla,PUE,México,fernanda.gomez3810@ejemplo.com,Frecuente,2025-07-21
C03811,Alejandro,Torres,35,Querétaro,QRO,México,alejandro.torres3811@ejemplo.com,Standard,2025-07-21
C03812,Valeria,Cruz,53,León,GTO,México,valeria.cruz3812@ejemplo.com,Standard,2025-07-21
C03813,Valeria,García,61,Monterrey,NL,México,valeria.garcia3813@ejemplo.com,Frecuente,2025-07-21
C03814,Alejandro,Morales,46,Cancún,QROO,México,alejandro.morales3814@ejemplo.com,Frecuente,2025-07-21
C03815,Fernanda,Cruz,59,Chihuahua,CHIH,México,fernanda.cruz3815@ejemplo.com,Premium,2025-07-22
C03816,María,Cruz,25,Toluca,MEX,México,maria.cruz3816@ejemplo.com,Frecuente,2025-07-22
C03817,María,Cruz,40,Ciudad de México,CDMX,México,maria.cruz3817@ejemplo.com,Standard,2025-07-22
C03818,Gabriela,Jiménez,58,Tijuana,BC,México,gabriela.jimenez3818@ejemplo.com,Standard,2025-07-22
C03819,Paola,Vargas,69,Ciudad de México,CDMX,México,paola.vargas3819@ejemplo.com,Premium,2025-07-23
C03820,Ricardo,Hernández,55,Cancún,QROO,México,ricardo.hernandez3820@ejemplo.com,Premium,2025-07-23
C03821,Fernanda,Pérez,56,Puebla,PUE,México,fernanda.perez3821@ejemplo.com,Standard,2025-07-23
C03822,María,Morales,37,Chihuahua,CHIH,México,maria.morales3822@ejemplo.com,Standard,2025-07-23
C03823,Jorge,Castillo,58,Monterrey,NL,México,jorge.castillo3823@ejemplo.com,Premium,2025-07-23
C03824,Laura,Torres,38,Chihuahua,CHIH,México,laura.torres3824@ejemplo.com,Standard,2025-07-24
C03825,Andrés,Ramírez,21,Tijuana,BC,México,andres.ramirez3825@ejemplo.com,Premium,2025-07-24
C03826,Andrés,Vargas,32,Veracruz,VER,México,andres.vargas3826@ejemplo.com,Standard,2025-07-24
C03827,Ana,Pérez,53,Monterrey,NL,México,ana.perez3827@ejemplo.com,Standard,2025-07-24
C03828,Ricardo,Morales,73,Puebla,PUE,México,ricardo.morales3828@ejemplo.com,Standard,2025-07-24
C03829,Jorge,Reyes,46,Tijuana,BC,México,jorge.reyes3829@ejemplo.com,Premium,2025-07-24
C03830,Sofía,Morales,67,Veracruz,VER,México,sofia.morales3830@ejemplo.com,Premium,2025-07-25
C03831,Alejandro,Cruz,63,León,GTO,México,alejandro.cruz3831@ejemplo.com,Premium,2025-07-25
C03832,Paola,Ruiz,50,Toluca,MEX,México,paola.ruiz3832@ejemplo.com,Standard,2025-07-25
C03833,Mariana,Mendoza,64,Mérida,YUC,México,mariana.mendoza3833@ejemplo.com,Frecuente,2025-07-26
C03834,Luis,López,41,Toluca,MEX,México,luis.lopez3834@ejemplo.com,Standard,2025-07-26
C03835,Alejandro,Martínez,43,Cancún,QROO,México,alejandro.martinez3835@ejemplo.com,Standard,2025-07-26
C03836,Miguel,Vargas,60,León,GTO,México,miguel.vargas3836@ejemplo.com,Premium,2025-07-27
C03837,Sofía,Reyes,55,Chihuahua,CHIH,México,sofia.reyes3837@ejemplo.com,Premium,2025-07-27
C03838,Miguel,García,48,Veracruz,VER,México,miguel.garcia3838@ejemplo.com,Frecuente,2025-07-28
C03839,Daniela,Morales,43,Mérida,YUC,México,daniela.morales3839@ejemplo.com,Standard,2025-07-28
C03840,Luis,Ramírez,74,Querétaro,QRO,México,luis.ramirez3840@ejemplo.com,Premium,2025-07-29
C03841,Sofía,Torres,21,Cancún,QROO,México,sofia.torres3841@ejemplo.com,Standard,2025-07-29
C03842,Carlos,Ortiz,21,León,GTO,México,carlos.ortiz3842@ejemplo.com,Standard,2025-07-30
C03843,Jorge,Sánchez,45,Veracruz,VER,México,jorge.sanchez3843@ejemplo.com,Premium,2025-07-30
C03844,Ricardo,Ortiz,19,León,GTO,México,ricardo.ortiz3844@ejemplo.com,Premium,2025-07-31
C03845,Luis,Ramírez,37,Veracruz,VER,México,luis.ramirez3845@ejemplo.com,Standard,2025-07-31
C03846,Jorge,Pérez,50,León,GTO,México,jorge.perez3846@ejemplo.com,Premium,2025-07-31
C03847,Ana,Gómez,41,Veracruz,VER,México,ana.gomez3847@ejemplo.com,Premium,2025-07-31
C03848,Ana,Flores,29,Toluca,MEX,México,ana.flores3848@ejemplo.com,Frecuente,2025-08-01
C03849,María,Ramírez,34,Chihuahua,CHIH,México,maria.ramirez3849@ejemplo.com,Frecuente,2025-08-02
C03850,Valeria,López,53,Monterrey,NL,México,valeria.lopez3850@ejemplo.com,Premium,2025-08-02
C03851,Sofía,Castillo,73,Veracruz,VER,México,sofia.castillo3851@ejemplo.com,Premium,2025-08-02
C03852,María,Sánchez,63,Tijuana,BC,México,maria.sanchez3852@ejemplo.com,Standard,2025-08-02
C03853,Luis,López,49,Toluca,MEX,México,luis.lopez3853@ejemplo.com,Premium,2025-08-02
C03854,Ricardo,García,26,Tijuana,BC,México,ricardo.garcia3854@ejemplo.com,Frecuente,2025-08-02
C03855,Valeria,Flores,32,Querétaro,QRO,México,valeria.flores3855@ejemplo.com,Standard,2025-08-02
C03856,Diego,Mendoza,43,León,GTO,México,diego.mendoza3856@ejemplo.com,Premium,2025-08-03
C03857,Diego,Rodríguez,32,Mérida,YUC,México,diego.rodriguez3857@ejemplo.com,Standard,2025-08-03
C03858,Ana,López,57,León,GTO,México,ana.lopez3858@ejemplo.com,Premium,2025-08-03
C03859,Sofía,Martínez,39,Ciudad de México,CDMX,México,sofia.martinez3859@ejemplo.com,Standard,2025-08-03
C03860,Miguel,Jiménez,66,Chihuahua,CHIH,México,miguel.jimenez3860@ejemplo.com,Frecuente,2025-08-04
C03861,Mariana,Morales,33,Tijuana,BC,México,mariana.morales3861@ejemplo.com,Premium,2025-08-04
C03862,Carlos,Castillo,46,Toluca,MEX,México,carlos.castillo3862@ejemplo.com,Premium,2025-08-05
C03863,Héctor,Pérez,59,Puebla,PUE,México,hector.perez3863@ejemplo.com,Frecuente,2025-08-05
C03864,Alejandro,Morales,29,Cancún,QROO,México,alejandro.morales3864@ejemplo.com,Standard,2025-08-05
C03865,Héctor,Jiménez,62,Cancún,QROO,México,hector.jimenez3865@ejemplo.com,Premium,2025-08-05
C03866,Héctor,Ramírez,51,Guadalajara,JAL,México,hector.ramirez3866@ejemplo.com,Premium,2025-08-05
C03867,Diego,García,55,Querétaro,QRO,México,diego.garcia3867@ejemplo.com,Premium,2025-08-05
C03868,María,Vargas,44,Cancún,QROO,México,maria.vargas3868@ejemplo.com,Standard,2025-08-06
C03869,Andrés,Vargas,72,Chihuahua,CHIH,México,andres.vargas3869@ejemplo.com,Premium,2025-08-06
C03870,Valeria,Torres,62,Chihuahua,CHIH,México,valeria.torres3870@ejemplo.com,Premium,2025-08-06
C03871,Miguel,Martínez,29,Tijuana,BC,México,miguel.martinez3871@ejemplo.com,Premium,2025-08-06
C03872,Valeria,Morales,50,Cancún,QROO,México,valeria.morales3872@ejemplo.com,Standard,2025-08-07
C03873,Héctor,Martínez,70,Monterrey,NL,México,hector.martinez3873@ejemplo.com,Frecuente,2025-08-08
C03874,Héctor,Mendoza,34,Chihuahua,CHIH,México,hector.mendoza3874@ejemplo.com,Standard,2025-08-08
C03875,María,Ruiz,49,Chihuahua,CHIH,México,maria.ruiz3875@ejemplo.com,Standard,2025-08-08
C03876,Ana,Ramírez,61,Veracruz,VER,México,ana.ramirez3876@ejemplo.com,Standard,2025-08-08
C03877,Carlos,Torres,33,Querétaro,QRO,México,carlos.torres3877@ejemplo.com,Premium,2025-08-09
C03878,Sofía,Reyes,48,Tijuana,BC,México,sofia.reyes3878@ejemplo.com,Premium,2025-08-09
C03879,Carlos,Ruiz,50,Toluca,MEX,México,carlos.ruiz3879@ejemplo.com,Premium,2025-08-09
C03880,Carlos,García,28,León,GTO,México,carlos.garcia3880@ejemplo.com,Premium,2025-08-09
C03881,Fernanda,García,28,Monterrey,NL,México,fernanda.garcia3881@ejemplo.com,Frecuente,2025-08-09
C03882,Miguel,Morales,50,Mérida,YUC,México,miguel.morales3882@ejemplo.com,Premium,2025-08-10
C03883,Sofía,Mendoza,28,Cancún,QROO,México,sofia.mendoza3883@ejemplo.com,Frecuente,2025-08-10
C03884,Carlos,Gómez,73,Querétaro,QRO,México,carlos.gomez3884@ejemplo.com,Premium,2025-08-11
C03885,Ricardo,Flores,48,Tijuana,BC,México,ricardo.flores3885@ejemplo.com,Standard,2025-08-11
C03886,Gabriela,Flores,58,Monterrey,NL,México,gabriela.flores3886@ejemplo.com,Premium,2025-08-12
C03887,Daniela,García,41,Tijuana,BC,México,daniela.garcia3887@ejemplo.com,Premium,2025-08-13
C03888,Alejandro,Ramírez,35,Monterrey,NL,México,alejandro.ramirez3888@ejemplo.com,Premium,2025-08-13
C03889,Valeria,Jiménez,46,Puebla,PUE,México,valeria.jimenez3889@ejemplo.com,Standard,2025-08-14
C03890,Diego,Hernández,59,Monterrey,NL,México,diego.hernandez3890@ejemplo.com,Standard,2025-08-14
C03891,Alejandro,Ortiz,41,Tijuana,BC,México,alejandro.ortiz3891@ejemplo.com,Frecuente,2025-08-14
C03892,Fernanda,Ortiz,34,Cancún,QROO,México,fernanda.ortiz3892@ejemplo.com,Frecuente,2025-08-14
C03893,Daniela,Ruiz,26,Tijuana,BC,México,daniela.ruiz3893@ejemplo.com,Standard,2025-08-15
C03894,María,Morales,49,Guadalajara,JAL,México,maria.morales3894@ejemplo.com,Frecuente,2025-08-15
C03895,Fernanda,Mendoza,57,Toluca,MEX,México,fernanda.mendoza3895@ejemplo.com,Premium,2025-08-15
C03896,Fernanda,Morales,48,Querétaro,QRO,México,fernanda.morales3896@ejemplo.com,Premium,2025-08-15
C03897,Sofía,Jiménez,32,Cancún,QROO,México,sofia.jimenez3897@ejemplo.com,Premium,2025-08-15
C03898,Valeria,Morales,32,Mérida,YUC,México,valeria.morales3898@ejemplo.com,Standard,2025-08-16
C03899,Andrés,Cruz,39,Mérida,YUC,México,andres.cruz3899@ejemplo.com,Standard,2025-08-16
C03900,Miguel,Ruiz,38,Querétaro,QRO,México,miguel.ruiz3900@ejemplo.com,Standard,2025-08-16
C03901,Diego,Jiménez,29,Toluca,MEX,México,diego.jimenez3901@ejemplo.com,Frecuente,2025-08-17
C03902,Héctor,Ramírez,72,Chihuahua,CHIH,México,hector.ramirez3902@ejemplo.com,Premium,2025-08-17
C03903,Valeria,Morales,37,Chihuahua,CHIH,México,valeria.morales3903@ejemplo.com,Standard,2025-08-18
C03904,Mariana,Jiménez,32,Querétaro,QRO,México,mariana.jimenez3904@ejemplo.com,Standard,2025-08-18
C03905,Jorge,Hernández,53,Tijuana,BC,México,jorge.hernandez3905@ejemplo.com,Standard,2025-08-18
C03906,Daniela,Rodríguez,64,Ciudad de México,CDMX,México,daniela.rodriguez3906@ejemplo.com,Premium,2025-08-18
C03907,Gabriela,Ruiz,44,Querétaro,QRO,México,gabriela.ruiz3907@ejemplo.com,Premium,2025-08-18
C03908,Daniela,Torres,56,Veracruz,VER,México,daniela.torres3908@ejemplo.com,Premium,2025-08-19
C03909,Carlos,Pérez,23,Puebla,PUE,México,carlos.perez3909@ejemplo.com,Standard,2025-08-19
C03910,Luis,Morales,48,Chihuahua,CHIH,México,luis.morales3910@ejemplo.com,Standard,2025-08-19
C03911,Ana,Martínez,21,Toluca,MEX,México,ana.martinez3911@ejemplo.com,Premium,2025-08-19
C03912,Carlos,Gómez,25,Cancún,QROO,México,carlos.gomez3912@ejemplo.com,Standard,2025-08-20
C03913,Daniela,García,52,Mérida,YUC,México,daniela.garcia3913@ejemplo.com,Standard,2025-08-20
C03914,Diego,García,29,Toluca,MEX,México,diego.garcia3914@ejemplo.com,Frecuente,2025-08-21
C03915,Daniela,Jiménez,20,Guadalajara,JAL,México,daniela.jimenez3915@ejemplo.com,Standard,2025-08-21
C03916,Valeria,Ramírez,28,Guadalajara,JAL,México,valeria.ramirez3916@ejemplo.com,Standard,2025-08-21
C03917,Carlos,Rodríguez,62,Monterrey,NL,México,carlos.rodriguez3917@ejemplo.com,Standard,2025-08-21
C03918,Miguel,Hernández,52,Toluca,MEX,México,miguel.hernandez3918@ejemplo.com,Standard,2025-08-22
C03919,Andrés,Castillo,40,Querétaro,QRO,México,andres.castillo3919@ejemplo.com,Premium,2025-08-22
C03920,Héctor,Mendoza,74,Monterrey,NL,México,hector.mendoza3920@ejemplo.com,Premium,2025-08-22
C03921,Andrés,García,40,Ciudad de México,CDMX,México,andres.garcia3921@ejemplo.com,Frecuente,2025-08-23
C03922,José,Hernández,68,Querétaro,QRO,México,jose.hernandez3922@ejemplo.com,Standard,2025-08-23
C03923,Daniela,López,38,Tijuana,BC,México,daniela.lopez3923@ejemplo.com,Standard,2025-08-23
C03924,José,Sánchez,19,Monterrey,NL,México,jose.sanchez3924@ejemplo.com,Standard,2025-08-23
C03925,María,Ortiz,24,Ciudad de México,CDMX,México,maria.ortiz3925@ejemplo.com,Standard,2025-08-23
C03926,Carlos,Ramírez,33,Toluca,MEX,México,carlos.ramirez3926@ejemplo.com,Premium,2025-08-24
C03927,Ana,Pérez,28,Toluca,MEX,México,ana.perez3927@ejemplo.com,Premium,2025-08-25
C03928,Mariana,Hernández,27,Monterrey,NL,México,mariana.hernandez3928@ejemplo.com,Premium,2025-08-25
C03929,Daniela,Vargas,40,Querétaro,QRO,México,daniela.vargas3929@ejemplo.com,Premium,2025-08-25
C03930,Ricardo,Reyes,74,Puebla,PUE,México,ricardo.reyes3930@ejemplo.com,Premium,2025-08-26
C03931,Gabriela,Mendoza,29,Tijuana,BC,México,gabriela.mendoza3931@ejemplo.com,Standard,2025-08-27
C03932,Ricardo,Ramírez,31,Guadalajara,JAL,México,ricardo.ramirez3932@ejemplo.com,Premium,2025-08-27
C03933,Valeria,Castillo,75,Veracruz,VER,México,valeria.castillo3933@ejemplo.com,Frecuente,2025-08-28
C03934,Ricardo,Flores,29,León,GTO,México,ricardo.flores3934@ejemplo.com,Frecuente,2025-08-28
C03935,María,Ruiz,66,Chihuahua,CHIH,México,maria.ruiz3935@ejemplo.com,Premium,2025-08-29
C03936,Daniela,Sánchez,54,Puebla,PUE,México,daniela.sanchez3936@ejemplo.com,Standard,2025-08-29
C03937,Mariana,Flores,71,Chihuahua,CHIH,México,mariana.flores3937@ejemplo.com,Standard,2025-08-30
C03938,Mariana,Ramírez,50,Mérida,YUC,México,mariana.ramirez3938@ejemplo.com,Frecuente,2025-08-30
C03939,Gabriela,Cruz,52,Monterrey,NL,México,gabriela.cruz3939@ejemplo.com,Standard,2025-08-30
C03940,Ana,Ramírez,31,Puebla,PUE,México,ana.ramirez3940@ejemplo.com,Premium,2025-08-30
C03941,Laura,Morales,51,Toluca,MEX,México,laura.morales3941@ejemplo.com,Premium,2025-08-30
C03942,Alejandro,Ortiz,56,Toluca,MEX,México,alejandro.ortiz3942@ejemplo.com,Frecuente,2025-08-30
C03943,Alejandro,Ruiz,75,León,GTO,México,alejandro.ruiz3943@ejemplo.com,Premium,2025-08-31
C03944,Sofía,Hernández,23,Monterrey,NL,México,sofia.hernandez3944@ejemplo.com,Frecuente,2025-08-31
C03945,Miguel,Morales,27,Cancún,QROO,México,miguel.morales3945@ejemplo.com,Premium,2025-08-31
C03946,Jorge,Castillo,19,Veracruz,VER,México,jorge.castillo3946@ejemplo.com,Standard,2025-08-31
C03947,Laura,Cruz,63,Ciudad de México,CDMX,México,laura.cruz3947@ejemplo.com,Standard,2025-08-31
C03948,Miguel,Jiménez,22,Puebla,PUE,México,miguel.jimenez3948@ejemplo.com,Premium,2025-08-31
C03949,Alejandro,García,71,Ciudad de México,CDMX,México,alejandro.garcia3949@ejemplo.com,Premium,2025-09-01
C03950,Fernanda,Ramírez,39,Guadalajara,JAL,México,fernanda.ramirez3950@ejemplo.com,Premium,2025-09-02
C03951,Diego,Cruz,34,Veracruz,VER,México,diego.cruz3951@ejemplo.com,Standard,2025-09-03
C03952,Daniela,Martínez,74,Monterrey,NL,México,daniela.martinez3952@ejemplo.com,Standard,2025-09-03
C03953,María,Morales,59,Monterrey,NL,México,maria.morales3953@ejemplo.com,Premium,2025-09-05
C03954,Luis,Cruz,49,Ciudad de México,CDMX,México,luis.cruz3954@ejemplo.com,Standard,2025-09-05
C03955,Gabriela,Ruiz,69,Veracruz,VER,México,gabriela.ruiz3955@ejemplo.com,Premium,2025-09-05
C03956,Ana,Sánchez,61,Querétaro,QRO,México,ana.sanchez3956@ejemplo.com,Standard,2025-09-06
C03957,Jorge,Ortiz,54,Toluca,MEX,México,jorge.ortiz3957@ejemplo.com,Standard,2025-09-07
C03958,Héctor,Ortiz,36,Puebla,PUE,México,hector.ortiz3958@ejemplo.com,Frecuente,2025-09-07
C03959,José,Martínez,75,Cancún,QROO,México,jose.martinez3959@ejemplo.com,Frecuente,2025-09-08
C03960,Mariana,Morales,59,Chihuahua,CHIH,México,mariana.morales3960@ejemplo.com,Premium,2025-09-08
C03961,José,Torres,72,León,GTO,México,jose.torres3961@ejemplo.com,Premium,2025-09-08
C03962,Fernanda,Jiménez,74,Mérida,YUC,México,fernanda.jimenez3962@ejemplo.com,Frecuente,2025-09-09
C03963,Gabriela,Martínez,49,Monterrey,NL,México,gabriela.martinez3963@ejemplo.com,Premium,2025-09-09
C03964,Jorge,Jiménez,38,Monterrey,NL,México,jorge.jimenez3964@ejemplo.com,Premium,2025-09-09
C03965,Gabriela,Ramírez,72,Cancún,QROO,México,gabriela.ramirez3965@ejemplo.com,Premium,2025-09-10
C03966,Paola,García,75,Querétaro,QRO,México,paola.garcia3966@ejemplo.com,Standard,2025-09-10
C03967,Andrés,Hernández,25,Ciudad de México,CDMX,México,andres.hernandez3967@ejemplo.com,Standard,2025-09-11
C03968,Ana,Ortiz,55,Monterrey,NL,México,ana.ortiz3968@ejemplo.com,Frecuente,2025-09-11
C03969,María,Jiménez,52,Querétaro,QRO,México,maria.jimenez3969@ejemplo.com,Premium,2025-09-11
C03970,Gabriela,López,61,Monterrey,NL,México,gabriela.lopez3970@ejemplo.com,Premium,2025-09-11
C03971,Jorge,Jiménez,74,Mérida,YUC,México,jorge.jimenez3971@ejemplo.com,Premium,2025-09-12
C03972,Sofía,Torres,32,Puebla,PUE,México,sofia.torres3972@ejemplo.com,Standard,2025-09-12
C03973,Carlos,Sánchez,74,Puebla,PUE,México,carlos.sanchez3973@ejemplo.com,Premium,2025-09-12
C03974,Paola,Ramírez,55,Guadalajara,JAL,México,paola.ramirez3974@ejemplo.com,Frecuente,2025-09-13
C03975,Ricardo,Cruz,22,Mérida,YUC,México,ricardo.cruz3975@ejemplo.com,Standard,2025-09-13
C03976,Diego,Reyes,47,Monterrey,NL,México,diego.reyes3976@ejemplo.com,Standard,2025-09-13
C03977,Paola,Reyes,25,Cancún,QROO,México,paola.reyes3977@ejemplo.com,Frecuente,2025-09-13
C03978,Sofía,Martínez,73,Veracruz,VER,México,sofia.martinez3978@ejemplo.com,Standard,2025-09-13
C03979,Paola,Ramírez,62,Chihuahua,CHIH,México,paola.ramirez3979@ejemplo.com,Standard,2025-09-13
C03980,Luis,Reyes,70,León,GTO,México,luis.reyes3980@ejemplo.com,Premium,2025-09-14
C03981,Mariana,Mendoza,52,Toluca,MEX,México,mariana.mendoza3981@ejemplo.com,Standard,2025-09-14
C03982,Luis,Rodríguez,41,Veracruz,VER,México,luis.rodriguez3982@ejemplo.com,Frecuente,2025-09-14
C03983,Gabriela,Reyes,42,León,GTO,México,gabriela.reyes3983@ejemplo.com,Standard,2025-09-14
C03984,Gabriela,García,72,Puebla,PUE,México,gabriela.garcia3984@ejemplo.com,Premium,2025-09-15
C03985,Ana,Ortiz,26,Mérida,YUC,México,ana.ortiz3985@ejemplo.com,Frecuente,2025-09-15
C03986,Mariana,Mendoza,69,Chihuahua,CHIH,México,mariana.mendoza3986@ejemplo.com,Frecuente,2025-09-15
C03987,Andrés,García,42,León,GTO,México,andres.garcia3987@ejemplo.com,Standard,2025-09-16
C03988,Diego,Flores,52,Tijuana,BC,México,diego.flores3988@ejemplo.com,Frecuente,2025-09-16
C03989,Miguel,Ortiz,56,Monterrey,NL,México,miguel.ortiz3989@ejemplo.com,Standard,2025-09-16
C03990,Sofía,Ortiz,22,Guadalajara,JAL,México,sofia.ortiz3990@ejemplo.com,Premium,2025-09-16
C03991,Miguel,Sánchez,26,Tijuana,BC,México,miguel.sanchez3991@ejemplo.com,Standard,2025-09-16
C03992,María,Cruz,27,Toluca,MEX,México,maria.cruz3992@ejemplo.com,Premium,2025-09-17
C03993,Mariana,Ruiz,63,Mérida,YUC,México,mariana.ruiz3993@ejemplo.com,Standard,2025-09-18
C03994,Fernanda,Morales,22,Ciudad de México,CDMX,México,fernanda.morales3994@ejemplo.com,Standard,2025-09-18
C03995,Miguel,Flores,53,Veracruz,VER,México,miguel.flores3995@ejemplo.com,Premium,2025-09-18
C03996,Fernanda,Hernández,24,Tijuana,BC,México,fernanda.hernandez3996@ejemplo.com,Premium,2025-09-19
C03997,Ana,Ruiz,62,Tijuana,BC,México,ana.ruiz3997@ejemplo.com,Standard,2025-09-19
C03998,Gabriela,Ruiz,74,Toluca,MEX,México,gabriela.ruiz3998@ejemplo.com,Standard,2025-09-19
C03999,Laura,Flores,42,Tijuana,BC,México,laura.flores3999@ejemplo.com,Frecuente,2025-09-20
C04000,Paola,Morales,30,Cancún,QROO,México,paola.morales4000@ejemplo.com,Premium,2025-09-20
C04001,José,Hernández,43,Veracruz,VER,México,jose.hernandez4001@ejemplo.com,Frecuente,2025-09-20
C04002,Miguel,Morales,58,Mérida,YUC,México,miguel.morales4002@ejemplo.com,Premium,2025-09-20
C04003,Daniela,Reyes,60,Cancún,QROO,México,daniela.reyes4003@ejemplo.com,Premium,2025-09-20
C04004,Fernanda,Mendoza,54,Tijuana,BC,México,fernanda.mendoza4004@ejemplo.com,Standard,2025-09-20
C04005,Paola,Flores,51,Chihuahua,CHIH,México,paola.flores4005@ejemplo.com,Premium,2025-09-21
C04006,Jorge,Ramírez,54,Ciudad de México,CDMX,México,jorge.ramirez4006@ejemplo.com,Standard,2025-09-21
C04007,Paola,Sánchez,30,Puebla,PUE,México,paola.sanchez4007@ejemplo.com,Premium,2025-09-22
C04008,Fernanda,Flores,29,Veracruz,VER,México,fernanda.flores4008@ejemplo.com,Premium,2025-09-22
C04009,Miguel,Martínez,71,Querétaro,QRO,México,miguel.martinez4009@ejemplo.com,Standard,2025-09-23
C04010,Diego,Ruiz,51,Monterrey,NL,México,diego.ruiz4010@ejemplo.com,Premium,2025-09-23
C04011,Fernanda,Morales,67,Tijuana,BC,México,fernanda.morales4011@ejemplo.com,Premium,2025-09-23
C04012,María,Gómez,54,Puebla,PUE,México,maria.gomez4012@ejemplo.com,Premium,2025-09-23
C04013,Paola,Cruz,44,Mérida,YUC,México,paola.cruz4013@ejemplo.com,Premium,2025-09-23
C04014,José,Cruz,51,Monterrey,NL,México,jose.cruz4014@ejemplo.com,Standard,2025-09-23
C04015,Gabriela,Rodríguez,58,Tijuana,BC,México,gabriela.rodriguez4015@ejemplo.com,Premium,2025-09-23
C04016,Ricardo,Reyes,28,Chihuahua,CHIH,México,ricardo.reyes4016@ejemplo.com,Standard,2025-09-23
C04017,María,García,44,Ciudad de México,CDMX,México,maria.garcia4017@ejemplo.com,Standard,2025-09-24
C04018,Paola,Martínez,59,Toluca,MEX,México,paola.martinez4018@ejemplo.com,Standard,2025-09-24
C04019,Diego,Ramírez,23,Ciudad de México,CDMX,México,diego.ramirez4019@ejemplo.com,Standard,2025-09-24
C04020,Carlos,Flores,22,Querétaro,QRO,México,carlos.flores4020@ejemplo.com,Standard,2025-09-24
C04021,Paola,Flores,27,León,GTO,México,paola.flores4021@ejemplo.com,Frecuente,2025-09-24
C04022,Valeria,Reyes,52,Veracruz,VER,México,valeria.reyes4022@ejemplo.com,Premium,2025-09-25
C04023,Paola,Mendoza,31,Puebla,PUE,México,paola.mendoza4023@ejemplo.com,Standard,2025-09-25
C04024,Luis,Jiménez,43,Ciudad de México,CDMX,México,luis.jimenez4024@ejemplo.com,Premium,2025-09-25
C04025,Gabriela,Ramírez,25,Toluca,MEX,México,gabriela.ramirez4025@ejemplo.com,Standard,2025-09-25
C04026,Gabriela,Martínez,32,Chihuahua,CHIH,México,gabriela.martinez4026@ejemplo.com,Standard,2025-09-26
C04027,Mariana,Hernández,19,Mérida,YUC,México,mariana.hernandez4027@ejemplo.com,Premium,2025-09-26
C04028,Diego,Morales,64,Ciudad de México,CDMX,México,diego.morales4028@ejemplo.com,Premium,2025-09-26
C04029,Valeria,Morales,45,Mérida,YUC,México,valeria.morales4029@ejemplo.com,Premium,2025-09-26
C04030,Diego,Castillo,28,Tijuana,BC,México,diego.castillo4030@ejemplo.com,Premium,2025-09-26
C04031,Ana,Cruz,48,Querétaro,QRO,México,ana.cruz4031@ejemplo.com,Standard,2025-09-26
C04032,Carlos,Jiménez,72,Ciudad de México,CDMX,México,carlos.jimenez4032@ejemplo.com,Premium,2025-09-27
C04033,Jorge,Flores,65,Puebla,PUE,México,jorge.flores4033@ejemplo.com,Standard,2025-09-29
C04034,José,Hernández,69,Veracruz,VER,México,jose.hernandez4034@ejemplo.com,Frecuente,2025-09-29
C04035,Gabriela,Flores,41,Ciudad de México,CDMX,México,gabriela.flores4035@ejemplo.com,Premium,2025-09-29
C04036,Sofía,Martínez,38,Chihuahua,CHIH,México,sofia.martinez4036@ejemplo.com,Premium,2025-09-30
C04037,Jorge,Flores,36,Mérida,YUC,México,jorge.flores4037@ejemplo.com,Premium,2025-09-30
C04038,Paola,Martínez,35,Cancún,QROO,México,paola.martinez4038@ejemplo.com,Frecuente,2025-09-30
C04039,Mariana,Martínez,71,Veracruz,VER,México,mariana.martinez4039@ejemplo.com,Premium,2025-09-30
C04040,Ana,Ramírez,25,Monterrey,NL,México,ana.ramirez4040@ejemplo.com,Premium,2025-09-30
C04041,Andrés,Flores,67,Veracruz,VER,México,andres.flores4041@ejemplo.com,Frecuente,2025-09-30
C04042,Laura,Jiménez,71,Puebla,PUE,México,laura.jimenez4042@ejemplo.com,Standard,2025-10-01
C04043,Luis,Flores,66,Tijuana,BC,México,luis.flores4043@ejemplo.com,Premium,2025-10-02
C04044,José,Jiménez,54,Querétaro,QRO,México,jose.jimenez4044@ejemplo.com,Frecuente,2025-10-02
C04045,Mariana,Cruz,67,Cancún,QROO,México,mariana.cruz4045@ejemplo.com,Frecuente,2025-10-02
C04046,Paola,López,19,Puebla,PUE,México,paola.lopez4046@ejemplo.com,Standard,2025-10-03
C04047,Alejandro,Mendoza,65,Toluca,MEX,México,alejandro.mendoza4047@ejemplo.com,Premium,2025-10-03
C04048,Gabriela,Gómez,47,Ciudad de México,CDMX,México,gabriela.gomez4048@ejemplo.com,Standard,2025-10-04
C04049,José,Ramírez,73,Cancún,QROO,México,jose.ramirez4049@ejemplo.com,Premium,2025-10-04
C04050,Andrés,Rodríguez,22,Cancún,QROO,México,andres.rodriguez4050@ejemplo.com,Standard,2025-10-05
C04051,Miguel,Castillo,71,Mérida,YUC,México,miguel.castillo4051@ejemplo.com,Premium,2025-10-05
C04052,Valeria,Flores,51,Cancún,QROO,México,valeria.flores4052@ejemplo.com,Standard,2025-10-06
C04053,Miguel,García,24,León,GTO,México,miguel.garcia4053@ejemplo.com,Standard,2025-10-06
C04054,Andrés,Ramírez,47,Chihuahua,CHIH,México,andres.ramirez4054@ejemplo.com,Frecuente,2025-10-06
C04055,Mariana,Reyes,20,Monterrey,NL,México,mariana.reyes4055@ejemplo.com,Frecuente,2025-10-06
C04056,Daniela,García,22,Querétaro,QRO,México,daniela.garcia4056@ejemplo.com,Premium,2025-10-06
C04057,Héctor,Vargas,48,Mérida,YUC,México,hector.vargas4057@ejemplo.com,Premium,2025-10-07
C04058,Ana,Torres,65,Tijuana,BC,México,ana.torres4058@ejemplo.com,Standard,2025-10-07
C04059,Mariana,Jiménez,24,Veracruz,VER,México,mariana.jimenez4059@ejemplo.com,Premium,2025-10-07
C04060,Valeria,Ruiz,33,Mérida,YUC,México,valeria.ruiz4060@ejemplo.com,Premium,2025-10-08
C04061,Daniela,Cruz,40,Cancún,QROO,México,daniela.cruz4061@ejemplo.com,Standard,2025-10-09
C04062,Paola,Martínez,49,Monterrey,NL,México,paola.martinez4062@ejemplo.com,Premium,2025-10-09
C04063,Jorge,Torres,18,Tijuana,BC,México,jorge.torres4063@ejemplo.com,Premium,2025-10-10
C04064,Carlos,Castillo,55,Cancún,QROO,México,carlos.castillo4064@ejemplo.com,Standard,2025-10-11
C04065,Jorge,García,46,Querétaro,QRO,México,jorge.garcia4065@ejemplo.com,Frecuente,2025-10-12
C04066,Daniela,Castillo,73,Toluca,MEX,México,daniela.castillo4066@ejemplo.com,Standard,2025-10-12
C04067,Gabriela,Gómez,35,Guadalajara,JAL,México,gabriela.gomez4067@ejemplo.com,Premium,2025-10-14
C04068,Fernanda,Rodríguez,46,Guadalajara,JAL,México,fernanda.rodriguez4068@ejemplo.com,Standard,2025-10-14
C04069,Luis,Flores,22,Tijuana,BC,México,luis.flores4069@ejemplo.com,Frecuente,2025-10-14
C04070,Luis,Sánchez,71,Puebla,PUE,México,luis.sanchez4070@ejemplo.com,Premium,2025-10-15
C04071,Diego,Flores,66,Toluca,MEX,México,diego.flores4071@ejemplo.com,Standard,2025-10-16
C04072,Laura,Torres,38,Chihuahua,CHIH,México,laura.torres4072@ejemplo.com,Standard,2025-10-16
C04073,Miguel,Sánchez,44,Querétaro,QRO,México,miguel.sanchez4073@ejemplo.com,Standard,2025-10-16
C04074,Daniela,Rodríguez,67,Mérida,YUC,México,daniela.rodriguez4074@ejemplo.com,Premium,2025-10-17
C04075,José,Cruz,35,Puebla,PUE,México,jose.cruz4075@ejemplo.com,Frecuente,2025-10-18
C04076,Gabriela,Morales,31,Mérida,YUC,México,gabriela.morales4076@ejemplo.com,Premium,2025-10-19
C04077,Andrés,García,32,León,GTO,México,andres.garcia4077@ejemplo.com,Premium,2025-10-19
C04078,Diego,Ruiz,59,León,GTO,México,diego.ruiz4078@ejemplo.com,Premium,2025-10-20
C04079,Diego,Castillo,30,Veracruz,VER,México,diego.castillo4079@ejemplo.com,Standard,2025-10-20
C04080,María,Mendoza,23,Mérida,YUC,México,maria.mendoza4080@ejemplo.com,Premium,2025-10-20
C04081,Alejandro,Rodríguez,27,Tijuana,BC,México,alejandro.rodriguez4081@ejemplo.com,Standard,2025-10-20
C04082,Miguel,Vargas,75,Ciudad de México,CDMX,México,miguel.vargas4082@ejemplo.com,Frecuente,2025-10-21
C04083,Ricardo,Martínez,68,León,GTO,México,ricardo.martinez4083@ejemplo.com,Premium,2025-10-22
C04084,Miguel,Sánchez,73,Toluca,MEX,México,miguel.sanchez4084@ejemplo.com,Standard,2025-10-23
C04085,José,Pérez,34,Mérida,YUC,México,jose.perez4085@ejemplo.com,Frecuente,2025-10-23
C04086,Mariana,Reyes,43,Veracruz,VER,México,mariana.reyes4086@ejemplo.com,Premium,2025-10-23
C04087,Daniela,Gómez,46,Puebla,PUE,México,daniela.gomez4087@ejemplo.com,Standard,2025-10-24
C04088,Fernanda,Castillo,48,Ciudad de México,CDMX,México,fernanda.castillo4088@ejemplo.com,Frecuente,2025-10-25
C04089,Diego,Reyes,19,Cancún,QROO,México,diego.reyes4089@ejemplo.com,Standard,2025-10-25
C04090,María,Jiménez,52,Guadalajara,JAL,México,maria.jimenez4090@ejemplo.com,Standard,2025-10-25
C04091,Luis,Jiménez,20,Guadalajara,JAL,México,luis.jimenez4091@ejemplo.com,Frecuente,2025-10-25
C04092,Sofía,Jiménez,33,León,GTO,México,sofia.jimenez4092@ejemplo.com,Standard,2025-10-26
C04093,Andrés,Sánchez,34,Querétaro,QRO,México,andres.sanchez4093@ejemplo.com,Premium,2025-10-26
C04094,Mariana,Hernández,57,Cancún,QROO,México,mariana.hernandez4094@ejemplo.com,Premium,2025-10-28
C04095,Ana,López,69,León,GTO,México,ana.lopez4095@ejemplo.com,Standard,2025-10-28
C04096,Sofía,López,58,Tijuana,BC,México,sofia.lopez4096@ejemplo.com,Premium,2025-10-28
C04097,Diego,Pérez,43,Cancún,QROO,México,diego.perez4097@ejemplo.com,Premium,2025-10-29
C04098,Andrés,Flores,48,Mérida,YUC,México,andres.flores4098@ejemplo.com,Premium,2025-10-29
C04099,Fernanda,Gómez,47,Mérida,YUC,México,fernanda.gomez4099@ejemplo.com,Frecuente,2025-10-29
C04100,Sofía,García,26,León,GTO,México,sofia.garcia4100@ejemplo.com,Standard,2025-10-29
C04101,Ana,Jiménez,73,Tijuana,BC,México,ana.jimenez4101@ejemplo.com,Premium,2025-10-30
C04102,Laura,Jiménez,71,Mérida,YUC,México,laura.jimenez4102@ejemplo.com,Premium,2025-10-30
C04103,Fernanda,López,31,Cancún,QROO,México,fernanda.lopez4103@ejemplo.com,Premium,2025-10-31
C04104,Daniela,Castillo,24,Guadalajara,JAL,México,daniela.castillo4104@ejemplo.com,Premium,2025-10-31
C04105,Ana,Flores,27,Monterrey,NL,México,ana.flores4105@ejemplo.com,Standard,2025-10-31
C04106,Miguel,Hernández,54,Guadalajara,JAL,México,miguel.hernandez4106@ejemplo.com,Premium,2025-10-31
C04107,Fernanda,Jiménez,19,Monterrey,NL,México,fernanda.jimenez4107@ejemplo.com,Frecuente,2025-11-01
C04108,Daniela,Pérez,23,Querétaro,QRO,México,daniela.perez4108@ejemplo.com,Premium,2025-11-02
C04109,Carlos,Martínez,55,Veracruz,VER,México,carlos.martinez4109@ejemplo.com,Premium,2025-11-02
C04110,Sofía,Rodríguez,26,Veracruz,VER,México,sofia.rodriguez4110@ejemplo.com,Frecuente,2025-11-02
C04111,Ricardo,Reyes,21,Toluca,MEX,México,ricardo.reyes4111@ejemplo.com,Premium,2025-11-02
C04112,Andrés,Hernández,19,Mérida,YUC,México,andres.hernandez4112@ejemplo.com,Premium,2025-11-04
C04113,Gabriela,López,58,Monterrey,NL,México,gabriela.lopez4113@ejemplo.com,Premium,2025-11-04
C04114,Paola,Ruiz,39,Tijuana,BC,México,paola.ruiz4114@ejemplo.com,Standard,2025-11-04
C04115,Luis,Ruiz,34,Toluca,MEX,México,luis.ruiz4115@ejemplo.com,Premium,2025-11-05
C04116,Andrés,Rodríguez,55,Chihuahua,CHIH,México,andres.rodriguez4116@ejemplo.com,Frecuente,2025-11-05
C04117,María,Mendoza,27,Veracruz,VER,México,maria.mendoza4117@ejemplo.com,Standard,2025-11-05
C04118,Miguel,Ramírez,48,Tijuana,BC,México,miguel.ramirez4118@ejemplo.com,Frecuente,2025-11-05
C04119,María,López,46,Querétaro,QRO,México,maria.lopez4119@ejemplo.com,Standard,2025-11-05
C04120,Andrés,Pérez,57,Mérida,YUC,México,andres.perez4120@ejemplo.com,Standard,2025-11-06
C04121,Jorge,Pérez,54,Ciudad de México,CDMX,México,jorge.perez4121@ejemplo.com,Standard,2025-11-06
C04122,Mariana,Sánchez,57,Guadalajara,JAL,México,mariana.sanchez4122@ejemplo.com,Standard,2025-11-06
C04123,Mariana,Ruiz,30,Ciudad de México,CDMX,México,mariana.ruiz4123@ejemplo.com,Standard,2025-11-06
C04124,Ana,Martínez,26,León,GTO,México,ana.martinez4124@ejemplo.com,Standard,2025-11-07
C04125,Miguel,Reyes,48,Monterrey,NL,México,miguel.reyes4125@ejemplo.com,Premium,2025-11-07
C04126,Sofía,García,21,León,GTO,México,sofia.garcia4126@ejemplo.com,Standard,2025-11-07
C04127,Gabriela,Rodríguez,44,Tijuana,BC,México,gabriela.rodriguez4127@ejemplo.com,Premium,2025-11-07
C04128,Héctor,Reyes,54,Toluca,MEX,México,hector.reyes4128@ejemplo.com,Standard,2025-11-07
C04129,Laura,Hernández,65,Guadalajara,JAL,México,laura.hernandez4129@ejemplo.com,Premium,2025-11-07
C04130,Ricardo,Hernández,55,Puebla,PUE,México,ricardo.hernandez4130@ejemplo.com,Premium,2025-11-07
C04131,Valeria,Rodríguez,75,Monterrey,NL,México,valeria.rodriguez4131@ejemplo.com,Premium,2025-11-08
C04132,Daniela,Cruz,50,Querétaro,QRO,México,daniela.cruz4132@ejemplo.com,Premium,2025-11-08
C04133,Mariana,Ruiz,43,Mérida,YUC,México,mariana.ruiz4133@ejemplo.com,Premium,2025-11-08
C04134,Paola,Morales,32,Monterrey,NL,México,paola.morales4134@ejemplo.com,Premium,2025-11-09
C04135,Ana,Flores,57,León,GTO,México,ana.flores4135@ejemplo.com,Standard,2025-11-09
C04136,Miguel,Mendoza,65,Veracruz,VER,México,miguel.mendoza4136@ejemplo.com,Premium,2025-11-10
C04137,Jorge,Hernández,36,Ciudad de México,CDMX,México,jorge.hernandez4137@ejemplo.com,Frecuente,2025-11-11
C04138,Valeria,Pérez,22,Guadalajara,JAL,México,valeria.perez4138@ejemplo.com,Standard,2025-11-11
C04139,Alejandro,Martínez,18,Veracruz,VER,México,alejandro.martinez4139@ejemplo.com,Premium,2025-11-11
C04140,Valeria,Morales,54,Cancún,QROO,México,valeria.morales4140@ejemplo.com,Premium,2025-11-11
C04141,Luis,Reyes,56,Veracruz,VER,México,luis.reyes4141@ejemplo.com,Premium,2025-11-12
C04142,Carlos,Vargas,24,León,GTO,México,carlos.vargas4142@ejemplo.com,Premium,2025-11-12
C04143,Laura,Ortiz,19,León,GTO,México,laura.ortiz4143@ejemplo.com,Standard,2025-11-13
C04144,Gabriela,Castillo,55,Guadalajara,JAL,México,gabriela.castillo4144@ejemplo.com,Standard,2025-11-13
C04145,Héctor,Torres,41,Mérida,YUC,México,hector.torres4145@ejemplo.com,Standard,2025-11-13
C04146,Ricardo,López,42,Tijuana,BC,México,ricardo.lopez4146@ejemplo.com,Premium,2025-11-15
C04147,Andrés,Hernández,33,Chihuahua,CHIH,México,andres.hernandez4147@ejemplo.com,Standard,2025-11-15
C04148,María,Flores,59,Ciudad de México,CDMX,México,maria.flores4148@ejemplo.com,Premium,2025-11-15
C04149,José,Castillo,61,Ciudad de México,CDMX,México,jose.castillo4149@ejemplo.com,Frecuente,2025-11-15
C04150,Héctor,Ortiz,21,Mérida,YUC,México,hector.ortiz4150@ejemplo.com,Frecuente,2025-11-16
C04151,Héctor,Hernández,23,Veracruz,VER,México,hector.hernandez4151@ejemplo.com,Premium,2025-11-16
C04152,Ricardo,Gómez,50,Veracruz,VER,México,ricardo.gomez4152@ejemplo.com,Standard,2025-11-16
C04153,Carlos,Cruz,52,Cancún,QROO,México,carlos.cruz4153@ejemplo.com,Standard,2025-11-16
C04154,Héctor,Castillo,26,Querétaro,QRO,México,hector.castillo4154@ejemplo.com,Standard,2025-11-16
C04155,Alejandro,Gómez,27,Puebla,PUE,México,alejandro.gomez4155@ejemplo.com,Premium,2025-11-16
C04156,Laura,Jiménez,57,Veracruz,VER,México,laura.jimenez4156@ejemplo.com,Standard,2025-11-16
C04157,Héctor,Hernández,44,Monterrey,NL,México,hector.hernandez4157@ejemplo.com,Premium,2025-11-17
C04158,Fernanda,Rodríguez,24,Guadalajara,JAL,México,fernanda.rodriguez4158@ejemplo.com,Premium,2025-11-18
C04159,Valeria,García,53,Mérida,YUC,México,valeria.garcia4159@ejemplo.com,Standard,2025-11-18
C04160,Laura,Jiménez,22,Tijuana,BC,México,laura.jimenez4160@ejemplo.com,Premium,2025-11-18
C04161,Daniela,Ortiz,31,Querétaro,QRO,México,daniela.ortiz4161@ejemplo.com,Premium,2025-11-19
C04162,Daniela,Cruz,59,Chihuahua,CHIH,México,daniela.cruz4162@ejemplo.com,Frecuente,2025-11-19
C04163,Daniela,García,30,Puebla,PUE,México,daniela.garcia4163@ejemplo.com,Premium,2025-11-20
C04164,Paola,Cruz,21,Chihuahua,CHIH,México,paola.cruz4164@ejemplo.com,Standard,2025-11-20
C04165,Alejandro,Hernández,73,Monterrey,NL,México,alejandro.hernandez4165@ejemplo.com,Standard,2025-11-20
C04166,Héctor,Ortiz,31,Puebla,PUE,México,hector.ortiz4166@ejemplo.com,Premium,2025-11-20
C04167,Andrés,Ruiz,47,Ciudad de México,CDMX,México,andres.ruiz4167@ejemplo.com,Standard,2025-11-21
C04168,Mariana,Castillo,65,León,GTO,México,mariana.castillo4168@ejemplo.com,Standard,2025-11-21
C04169,Daniela,Mendoza,75,Chihuahua,CHIH,México,daniela.mendoza4169@ejemplo.com,Standard,2025-11-21
C04170,Daniela,Torres,64,Chihuahua,CHIH,México,daniela.torres4170@ejemplo.com,Standard,2025-11-22
C04171,Luis,Morales,37,Monterrey,NL,México,luis.morales4171@ejemplo.com,Frecuente,2025-11-22
C04172,Paola,Ortiz,67,Toluca,MEX,México,paola.ortiz4172@ejemplo.com,Frecuente,2025-11-22
C04173,Laura,Sánchez,18,Guadalajara,JAL,México,laura.sanchez4173@ejemplo.com,Premium,2025-11-22
C04174,Luis,Morales,36,Cancún,QROO,México,luis.morales4174@ejemplo.com,Premium,2025-11-23
C04175,José,Castillo,29,León,GTO,México,jose.castillo4175@ejemplo.com,Standard,2025-11-23
C04176,Alejandro,García,48,Guadalajara,JAL,México,alejandro.garcia4176@ejemplo.com,Frecuente,2025-11-24
C04177,Laura,Rodríguez,69,Guadalajara,JAL,México,laura.rodriguez4177@ejemplo.com,Standard,2025-11-24
C04178,Jorge,Sánchez,62,Ciudad de México,CDMX,México,jorge.sanchez4178@ejemplo.com,Premium,2025-11-24
C04179,Ricardo,Jiménez,75,León,GTO,México,ricardo.jimenez4179@ejemplo.com,Frecuente,2025-11-24
C04180,Gabriela,López,25,Cancún,QROO,México,gabriela.lopez4180@ejemplo.com,Premium,2025-11-24
C04181,Gabriela,Hernández,61,Guadalajara,JAL,México,gabriela.hernandez4181@ejemplo.com,Premium,2025-11-25
C04182,Ana,Gómez,60,Mérida,YUC,México,ana.gomez4182@ejemplo.com,Standard,2025-11-25
C04183,Gabriela,Morales,44,Toluca,MEX,México,gabriela.morales4183@ejemplo.com,Premium,2025-11-25
C04184,Fernanda,Ramírez,23,Monterrey,NL,México,fernanda.ramirez4184@ejemplo.com,Standard,2025-11-25
C04185,Mariana,Flores,24,Cancún,QROO,México,mariana.flores4185@ejemplo.com,Premium,2025-11-25
C04186,Andrés,Cruz,70,Puebla,PUE,México,andres.cruz4186@ejemplo.com,Standard,2025-11-27
C04187,Miguel,Gómez,35,Puebla,PUE,México,miguel.gomez4187@ejemplo.com,Frecuente,2025-11-27
C04188,Ana,Ortiz,54,Tijuana,BC,México,ana.ortiz4188@ejemplo.com,Premium,2025-11-27
C04189,José,Mendoza,72,Tijuana,BC,México,jose.mendoza4189@ejemplo.com,Standard,2025-11-27
C04190,Ana,Vargas,46,Querétaro,QRO,México,ana.vargas4190@ejemplo.com,Standard,2025-11-28
C04191,Diego,Martínez,30,Monterrey,NL,México,diego.martinez4191@ejemplo.com,Premium,2025-11-28
C04192,Mariana,García,46,Tijuana,BC,México,mariana.garcia4192@ejemplo.com,Standard,2025-11-28
C04193,Gabriela,Torres,31,Cancún,QROO,México,gabriela.torres4193@ejemplo.com,Standard,2025-11-29
C04194,José,Gómez,28,Tijuana,BC,México,jose.gomez4194@ejemplo.com,Premium,2025-11-29
C04195,Ana,García,65,Cancún,QROO,México,ana.garcia4195@ejemplo.com,Frecuente,2025-11-29
C04196,Ricardo,López,38,Guadalajara,JAL,México,ricardo.lopez4196@ejemplo.com,Premium,2025-11-30
C04197,Alejandro,Reyes,57,Guadalajara,JAL,México,alejandro.reyes4197@ejemplo.com,Premium,2025-11-30
C04198,Carlos,Castillo,60,Chihuahua,CHIH,México,carlos.castillo4198@ejemplo.com,Premium,2025-11-30
C04199,Miguel,Ortiz,49,Querétaro,QRO,México,miguel.ortiz4199@ejemplo.com,Standard,2025-12-01
C04200,María,Martínez,49,Cancún,QROO,México,maria.martinez4200@ejemplo.com,Frecuente,2025-12-01
C04201,Fernanda,Cruz,28,León,GTO,México,fernanda.cruz4201@ejemplo.com,Premium,2025-12-01
C04202,Jorge,López,48,Guadalajara,JAL,México,jorge.lopez4202@ejemplo.com,Premium,2025-12-02
C04203,Carlos,Cruz,61,Veracruz,VER,México,carlos.cruz4203@ejemplo.com,Premium,2025-12-02
C04204,Alejandro,García,29,Querétaro,QRO,México,alejandro.garcia4204@ejemplo.com,Standard,2025-12-02
C04205,Jorge,Cruz,31,Chihuahua,CHIH,México,jorge.cruz4205@ejemplo.com,Premium,2025-12-03
C04206,Mariana,Ramírez,58,Querétaro,QRO,México,mariana.ramirez4206@ejemplo.com,Premium,2025-12-03
C04207,María,Ruiz,74,Tijuana,BC,México,maria.ruiz4207@ejemplo.com,Premium,2025-12-03
C04208,Daniela,Reyes,40,Cancún,QROO,México,daniela.reyes4208@ejemplo.com,Standard,2025-12-03
C04209,María,Ortiz,66,Monterrey,NL,México,maria.ortiz4209@ejemplo.com,Standard,2025-12-04
C04210,Daniela,García,28,Cancún,QROO,México,daniela.garcia4210@ejemplo.com,Standard,2025-12-04
C04211,Andrés,Hernández,51,Veracruz,VER,México,andres.hernandez4211@ejemplo.com,Premium,2025-12-05
C04212,Carlos,Martínez,72,Cancún,QROO,México,carlos.martinez4212@ejemplo.com,Standard,2025-12-05
C04213,Alejandro,Jiménez,43,Ciudad de México,CDMX,México,alejandro.jimenez4213@ejemplo.com,Standard,2025-12-06
C04214,Gabriela,Torres,47,León,GTO,México,gabriela.torres4214@ejemplo.com,Standard,2025-12-06
C04215,Gabriela,Jiménez,26,Ciudad de México,CDMX,México,gabriela.jimenez4215@ejemplo.com,Premium,2025-12-06
C04216,Ana,Ramírez,48,Guadalajara,JAL,México,ana.ramirez4216@ejemplo.com,Premium,2025-12-06
C04217,Andrés,Sánchez,51,Puebla,PUE,México,andres.sanchez4217@ejemplo.com,Standard,2025-12-06
C04218,Diego,López,74,Puebla,PUE,México,diego.lopez4218@ejemplo.com,Premium,2025-12-07
C04219,Diego,Pérez,29,Ciudad de México,CDMX,México,diego.perez4219@ejemplo.com,Standard,2025-12-07
C04220,Mariana,Rodríguez,39,Ciudad de México,CDMX,México,mariana.rodriguez4220@ejemplo.com,Premium,2025-12-08
C04221,Ricardo,Mendoza,55,Toluca,MEX,México,ricardo.mendoza4221@ejemplo.com,Premium,2025-12-08
C04222,Gabriela,Jiménez,72,Querétaro,QRO,México,gabriela.jimenez4222@ejemplo.com,Standard,2025-12-08
C04223,José,Ramírez,31,Monterrey,NL,México,jose.ramirez4223@ejemplo.com,Premium,2025-12-08
C04224,Carlos,Ramírez,58,Querétaro,QRO,México,carlos.ramirez4224@ejemplo.com,Premium,2025-12-09
C04225,Laura,Morales,69,León,GTO,México,laura.morales4225@ejemplo.com,Standard,2025-12-09
C04226,Daniela,Vargas,54,León,GTO,México,daniela.vargas4226@ejemplo.com,Premium,2025-12-09
C04227,Andrés,Reyes,42,Puebla,PUE,México,andres.reyes4227@ejemplo.com,Frecuente,2025-12-09
C04228,Fernanda,Flores,31,Monterrey,NL,México,fernanda.flores4228@ejemplo.com,Premium,2025-12-10
C04229,Héctor,Ortiz,34,Veracruz,VER,México,hector.ortiz4229@ejemplo.com,Frecuente,2025-12-10
C04230,Carlos,Cruz,21,Cancún,QROO,México,carlos.cruz4230@ejemplo.com,Standard,2025-12-10
C04231,Valeria,Ramírez,26,Veracruz,VER,México,valeria.ramirez4231@ejemplo.com,Premium,2025-12-10
C04232,Sofía,Ruiz,43,Puebla,PUE,México,sofia.ruiz4232@ejemplo.com,Standard,2025-12-11
C04233,Valeria,Ramírez,26,Guadalajara,JAL,México,valeria.ramirez4233@ejemplo.com,Standard,2025-12-11
C04234,Diego,Hernández,18,Tijuana,BC,México,diego.hernandez4234@ejemplo.com,Standard,2025-12-11
C04235,Fernanda,Pérez,58,Puebla,PUE,México,fernanda.perez4235@ejemplo.com,Premium,2025-12-12
C04236,Luis,Vargas,22,León,GTO,México,luis.vargas4236@ejemplo.com,Frecuente,2025-12-12
C04237,Valeria,Ruiz,26,León,GTO,México,valeria.ruiz4237@ejemplo.com,Standard,2025-12-12
C04238,José,Castillo,52,Ciudad de México,CDMX,México,jose.castillo4238@ejemplo.com,Frecuente,2025-12-12
C04239,Jorge,García,71,Cancún,QROO,México,jorge.garcia4239@ejemplo.com,Frecuente,2025-12-13
C04240,Luis,Vargas,60,Tijuana,BC,México,luis.vargas4240@ejemplo.com,Standard,2025-12-13
C04241,Sofía,Ortiz,19,Cancún,QROO,México,sofia.ortiz4241@ejemplo.com,Standard,2025-12-13
C04242,Ana,Hernández,27,Tijuana,BC,México,ana.hernandez4242@ejemplo.com,Standard,2025-12-14
C04243,Jorge,Torres,60,Mérida,YUC,México,jorge.torres4243@ejemplo.com,Frecuente,2025-12-14
C04244,Alejandro,Martínez,60,León,GTO,México,alejandro.martinez4244@ejemplo.com,Standard,2025-12-14
C04245,Paola,García,40,Puebla,PUE,México,paola.garcia4245@ejemplo.com,Premium,2025-12-14
C04246,Jorge,Jiménez,73,Monterrey,NL,México,jorge.jimenez4246@ejemplo.com,Standard,2025-12-15
C04247,Alejandro,Ramírez,69,León,GTO,México,alejandro.ramirez4247@ejemplo.com,Premium,2025-12-15
C04248,Gabriela,Ruiz,61,Veracruz,VER,México,gabriela.ruiz4248@ejemplo.com,Frecuente,2025-12-15
C04249,Luis,Castillo,61,Querétaro,QRO,México,luis.castillo4249@ejemplo.com,Standard,2025-12-15
C04250,Diego,García,63,Veracruz,VER,México,diego.garcia4250@ejemplo.com,Standard,2025-12-16
C04251,Jorge,Jiménez,26,Monterrey,NL,México,jorge.jimenez4251@ejemplo.com,Premium,2025-12-16
C04252,Jorge,Jiménez,58,Toluca,MEX,México,jorge.jimenez4252@ejemplo.com,Standard,2025-12-16
C04253,Sofía,Ruiz,72,Veracruz,VER,México,sofia.ruiz4253@ejemplo.com,Premium,2025-12-16
C04254,Héctor,López,31,Puebla,PUE,México,hector.lopez4254@ejemplo.com,Standard,2025-12-16
C04255,Gabriela,Cruz,18,Guadalajara,JAL,México,gabriela.cruz4255@ejemplo.com,Standard,2025-12-16
C04256,Carlos,Gómez,38,Cancún,QROO,México,carlos.gomez4256@ejemplo.com,Standard,2025-12-16
C04257,Fernanda,Cruz,33,Chihuahua,CHIH,México,fernanda.cruz4257@ejemplo.com,Premium,2025-12-17
C04258,Ricardo,Ruiz,73,Ciudad de México,CDMX,México,ricardo.ruiz4258@ejemplo.com,Standard,2025-12-17
C04259,Ricardo,Pérez,43,Cancún,QROO,México,ricardo.perez4259@ejemplo.com,Standard,2025-12-17
C04260,Sofía,López,56,Chihuahua,CHIH,México,sofia.lopez4260@ejemplo.com,Frecuente,2025-12-17
C04261,María,Jiménez,74,Ciudad de México,CDMX,México,maria.jimenez4261@ejemplo.com,Frecuente,2025-12-17
C04262,Sofía,Gómez,63,Mérida,YUC,México,sofia.gomez4262@ejemplo.com,Standard,2025-12-17
C04263,Ricardo,Pérez,61,Ciudad de México,CDMX,México,ricardo.perez4263@ejemplo.com,Premium,2025-12-18
C04264,José,Vargas,74,Monterrey,NL,México,jose.vargas4264@ejemplo.com,Premium,2025-12-18
C04265,Jorge,Mendoza,57,Querétaro,QRO,México,jorge.mendoza4265@ejemplo.com,Frecuente,2025-12-18
C04266,Carlos,Rodríguez,31,Puebla,PUE,México,carlos.rodriguez4266@ejemplo.com,Frecuente,2025-12-19
C04267,Luis,Jiménez,60,Guadalajara,JAL,México,luis.jimenez4267@ejemplo.com,Premium,2025-12-19
C04268,Sofía,Pérez,36,Toluca,MEX,México,sofia.perez4268@ejemplo.com,Standard,2025-12-19
C04269,Andrés,Martínez,37,Monterrey,NL,México,andres.martinez4269@ejemplo.com,Premium,2025-12-19
C04270,Jorge,López,55,Chihuahua,CHIH,México,jorge.lopez4270@ejemplo.com,Premium,2025-12-19
C04271,Mariana,Gómez,36,Monterrey,NL,México,mariana.gomez4271@ejemplo.com,Frecuente,2025-12-20
C04272,Laura,Vargas,19,Mérida,YUC,México,laura.vargas4272@ejemplo.com,Frecuente,2025-12-20
C04273,Gabriela,Ramírez,75,León,GTO,México,gabriela.ramirez4273@ejemplo.com,Frecuente,2025-12-20
C04274,Carlos,Rodríguez,51,Querétaro,QRO,México,carlos.rodriguez4274@ejemplo.com,Premium,2025-12-21
C04275,Laura,Gómez,56,Querétaro,QRO,México,laura.gomez4275@ejemplo.com,Standard,2025-12-21
C04276,Daniela,Castillo,64,Toluca,MEX,México,daniela.castillo4276@ejemplo.com,Frecuente,2025-12-21
C04277,Ricardo,García,54,Ciudad de México,CDMX,México,ricardo.garcia4277@ejemplo.com,Standard,2025-12-22
C04278,Ricardo,Morales,53,Toluca,MEX,México,ricardo.morales4278@ejemplo.com,Premium,2025-12-22
C04279,Mariana,Cruz,63,León,GTO,México,mariana.cruz4279@ejemplo.com,Standard,2025-12-22
C04280,Ana,Sánchez,35,Toluca,MEX,México,ana.sanchez4280@ejemplo.com,Premium,2025-12-23
C04281,Luis,Torres,66,Querétaro,QRO,México,luis.torres4281@ejemplo.com,Standard,2025-12-23
C04282,Ana,Pérez,59,Tijuana,BC,México,ana.perez4282@ejemplo.com,Frecuente,2025-12-23
C04283,Diego,López,28,Mérida,YUC,México,diego.lopez4283@ejemplo.com,Premium,2025-12-23
C04284,Miguel,Morales,26,Cancún,QROO,México,miguel.morales4284@ejemplo.com,Premium,2025-12-23
C04285,Miguel,Castillo,69,Veracruz,VER,México,miguel.castillo4285@ejemplo.com,Standard,2025-12-24
C04286,Fernanda,Ortiz,69,Chihuahua,CHIH,México,fernanda.ortiz4286@ejemplo.com,Standard,2025-12-25
C04287,José,Pérez,75,Ciudad de México,CDMX,México,jose.perez4287@ejemplo.com,Premium,2025-12-25
C04288,Miguel,Reyes,23,Guadalajara,JAL,México,miguel.reyes4288@ejemplo.com,Premium,2025-12-25
C04289,Carlos,Ortiz,69,Veracruz,VER,México,carlos.ortiz4289@ejemplo.com,Standard,2025-12-25
C04290,Sofía,Ruiz,68,Tijuana,BC,México,sofia.ruiz4290@ejemplo.com,Premium,2025-12-25
C04291,Valeria,Ramírez,62,Mérida,YUC,México,valeria.ramirez4291@ejemplo.com,Standard,2025-12-25
C04292,Mariana,Morales,46,Ciudad de México,CDMX,México,mariana.morales4292@ejemplo.com,Standard,2025-12-26
C04293,Daniela,Rodríguez,47,Guadalajara,JAL,México,daniela.rodriguez4293@ejemplo.com,Premium,2025-12-26
C04294,Alejandro,López,42,Tijuana,BC,México,alejandro.lopez4294@ejemplo.com,Standard,2025-12-27
C04295,Ricardo,López,19,León,GTO,México,ricardo.lopez4295@ejemplo.com,Standard,2025-12-27
C04296,Ana,Ortiz,47,Toluca,MEX,México,ana.ortiz4296@ejemplo.com,Standard,2025-12-27
C04297,Paola,Hernández,31,Chihuahua,CHIH,México,paola.hernandez4297@ejemplo.com,Standard,2025-12-27
C04298,Carlos,Morales,29,Monterrey,NL,México,carlos.morales4298@ejemplo.com,Premium,2025-12-28
C04299,Héctor,López,21,Monterrey,NL,México,hector.lopez4299@ejemplo.com,Premium,2025-12-29
C04300,Fernanda,Torres,44,Mérida,YUC,México,fernanda.torres4300@ejemplo.com,Standard,2025-12-29
C04301,Ana,Castillo,20,Mérida,YUC,México,ana.castillo4301@ejemplo.com,Standard,2025-12-29
C04302,Héctor,Ramírez,67,Ciudad de México,CDMX,México,hector.ramirez4302@ejemplo.com,Premium,2025-12-30
C04303,Valeria,Reyes,69,Querétaro,QRO,México,valeria.reyes4303@ejemplo.com,Premium,2025-12-30
C04304,Héctor,Morales,64,Chihuahua,CHIH,México,hector.morales4304@ejemplo.com,Standard,2025-12-30
C04305,Fernanda,Martínez,35,Guadalajara,JAL,México,fernanda.martinez4305@ejemplo.com,Premium,2025-12-31
C04306,Diego,Jiménez,27,Toluca,MEX,México,diego.jimenez4306@ejemplo.com,Frecuente,2025-12-31
C04307,Daniela,Cruz,47,Querétaro,QRO,México,daniela.cruz4307@ejemplo.com,Standard,2026-01-01
C04308,Diego,Ramírez,57,Mérida,YUC,México,diego.ramirez4308@ejemplo.com,Premium,2026-01-01
C04309,Daniela,Mendoza,19,Cancún,QROO,México,daniela.mendoza4309@ejemplo.com,Standard,2026-01-01
C04310,José,Cruz,67,León,GTO,México,jose.cruz4310@ejemplo.com,Premium,2026-01-01
C04311,Paola,Rodríguez,43,Cancún,QROO,México,paola.rodriguez4311@ejemplo.com,Frecuente,2026-01-02
C04312,Gabriela,Morales,65,Guadalajara,JAL,México,gabriela.morales4312@ejemplo.com,Frecuente,2026-01-02
C04313,José,Hernández,22,Puebla,PUE,México,jose.hernandez4313@ejemplo.com,Frecuente,2026-01-02
C04314,Gabriela,Ruiz,42,Chihuahua,CHIH,México,gabriela.ruiz4314@ejemplo.com,Standard,2026-01-02
C04315,Diego,Ruiz,44,Ciudad de México,CDMX,México,diego.ruiz4315@ejemplo.com,Frecuente,2026-01-02
C04316,Diego,Jiménez,20,León,GTO,México,diego.jimenez4316@ejemplo.com,Standard,2026-01-03
C04317,Mariana,Gómez,59,Mérida,YUC,México,mariana.gomez4317@ejemplo.com,Frecuente,2026-01-03
C04318,Valeria,Sánchez,72,Guadalajara,JAL,México,valeria.sanchez4318@ejemplo.com,Premium,2026-01-03
C04319,Fernanda,Rodríguez,49,Guadalajara,JAL,México,fernanda.rodriguez4319@ejemplo.com,Frecuente,2026-01-03
C04320,Ricardo,Sánchez,40,Veracruz,VER,México,ricardo.sanchez4320@ejemplo.com,Standard,2026-01-03
C04321,Sofía,Jiménez,54,Ciudad de México,CDMX,México,sofia.jimenez4321@ejemplo.com,Premium,2026-01-04
C04322,Daniela,Ramírez,38,Ciudad de México,CDMX,México,daniela.ramirez4322@ejemplo.com,Frecuente,2026-01-05
C04323,Héctor,Hernández,38,Ciudad de México,CDMX,México,hector.hernandez4323@ejemplo.com,Standard,2026-01-05
C04324,Alejandro,Pérez,62,Cancún,QROO,México,alejandro.perez4324@ejemplo.com,Frecuente,2026-01-06
C04325,José,Sánchez,52,Veracruz,VER,México,jose.sanchez4325@ejemplo.com,Premium,2026-01-06
C04326,Fernanda,Ramírez,33,Monterrey,NL,México,fernanda.ramirez4326@ejemplo.com,Standard,2026-01-06
C04327,Ricardo,Pérez,41,Toluca,MEX,México,ricardo.perez4327@ejemplo.com,Standard,2026-01-06
C04328,Laura,Ortiz,66,León,GTO,México,laura.ortiz4328@ejemplo.com,Premium,2026-01-07
C04329,José,Martínez,48,Monterrey,NL,México,jose.martinez4329@ejemplo.com,Standard,2026-01-07
C04330,Valeria,Mendoza,22,Ciudad de México,CDMX,México,valeria.mendoza4330@ejemplo.com,Standard,2026-01-07
C04331,Diego,Reyes,67,Querétaro,QRO,México,diego.reyes4331@ejemplo.com,Premium,2026-01-07
C04332,José,Pérez,60,Ciudad de México,CDMX,México,jose.perez4332@ejemplo.com,Standard,2026-01-08
C04333,Jorge,López,33,Guadalajara,JAL,México,jorge.lopez4333@ejemplo.com,Premium,2026-01-08
C04334,Héctor,Morales,74,Querétaro,QRO,México,hector.morales4334@ejemplo.com,Frecuente,2026-01-09
C04335,Alejandro,Vargas,73,Toluca,MEX,México,alejandro.vargas4335@ejemplo.com,Frecuente,2026-01-09
C04336,Carlos,Sánchez,75,Veracruz,VER,México,carlos.sanchez4336@ejemplo.com,Standard,2026-01-10
C04337,María,Gómez,39,Cancún,QROO,México,maria.gomez4337@ejemplo.com,Standard,2026-01-10
C04338,Gabriela,Flores,71,Puebla,PUE,México,gabriela.flores4338@ejemplo.com,Premium,2026-01-10
C04339,Daniela,Gómez,64,Puebla,PUE,México,daniela.gomez4339@ejemplo.com,Premium,2026-01-10
C04340,Sofía,Martínez,68,Cancún,QROO,México,sofia.martinez4340@ejemplo.com,Frecuente,2026-01-11
C04341,Daniela,Sánchez,49,Monterrey,NL,México,daniela.sanchez4341@ejemplo.com,Premium,2026-01-11
C04342,Ricardo,Flores,34,Mérida,YUC,México,ricardo.flores4342@ejemplo.com,Premium,2026-01-12
C04343,José,García,31,Toluca,MEX,México,jose.garcia4343@ejemplo.com,Premium,2026-01-12
C04344,Carlos,Flores,74,Chihuahua,CHIH,México,carlos.flores4344@ejemplo.com,Standard,2026-01-13
C04345,Mariana,Sánchez,47,Ciudad de México,CDMX,México,mariana.sanchez4345@ejemplo.com,Standard,2026-01-13
C04346,Miguel,Morales,71,Puebla,PUE,México,miguel.morales4346@ejemplo.com,Premium,2026-01-14
C04347,Gabriela,Sánchez,50,Puebla,PUE,México,gabriela.sanchez4347@ejemplo.com,Premium,2026-01-14
C04348,Sofía,Torres,48,Mérida,YUC,México,sofia.torres4348@ejemplo.com,Premium,2026-01-14
C04349,Miguel,Cruz,22,Monterrey,NL,México,miguel.cruz4349@ejemplo.com,Premium,2026-01-14
C04350,Daniela,Hernández,41,Veracruz,VER,México,daniela.hernandez4350@ejemplo.com,Premium,2026-01-14
C04351,Daniela,Rodríguez,50,Veracruz,VER,México,daniela.rodriguez4351@ejemplo.com,Standard,2026-01-15
C04352,Diego,Martínez,24,Puebla,PUE,México,diego.martinez4352@ejemplo.com,Standard,2026-01-16
C04353,Miguel,Hernández,27,Tijuana,BC,México,miguel.hernandez4353@ejemplo.com,Premium,2026-01-16
C04354,Diego,Rodríguez,52,Querétaro,QRO,México,diego.rodriguez4354@ejemplo.com,Standard,2026-01-17
C04355,José,Ruiz,32,Ciudad de México,CDMX,México,jose.ruiz4355@ejemplo.com,Standard,2026-01-17
C04356,Diego,Jiménez,58,Chihuahua,CHIH,México,diego.jimenez4356@ejemplo.com,Premium,2026-01-17
C04357,Andrés,Jiménez,44,Toluca,MEX,México,andres.jimenez4357@ejemplo.com,Premium,2026-01-20
C04358,Laura,Mendoza,41,Puebla,PUE,México,laura.mendoza4358@ejemplo.com,Standard,2026-01-20
C04359,Paola,Ramírez,24,Mérida,YUC,México,paola.ramirez4359@ejemplo.com,Premium,2026-01-21
C04360,Gabriela,López,41,Tijuana,BC,México,gabriela.lopez4360@ejemplo.com,Standard,2026-01-21
C04361,Andrés,Pérez,49,Monterrey,NL,México,andres.perez4361@ejemplo.com,Standard,2026-01-21
C04362,Alejandro,García,51,Puebla,PUE,México,alejandro.garcia4362@ejemplo.com,Frecuente,2026-01-22
C04363,Alejandro,Cruz,33,Guadalajara,JAL,México,alejandro.cruz4363@ejemplo.com,Premium,2026-01-22
C04364,Miguel,Pérez,19,Toluca,MEX,México,miguel.perez4364@ejemplo.com,Premium,2026-01-23
C04365,Carlos,Hernández,72,Cancún,QROO,México,carlos.hernandez4365@ejemplo.com,Frecuente,2026-01-23
C04366,Paola,Vargas,73,Veracruz,VER,México,paola.vargas4366@ejemplo.com,Standard,2026-01-23
C04367,Carlos,Hernández,70,Ciudad de México,CDMX,México,carlos.hernandez4367@ejemplo.com,Premium,2026-01-23
C04368,Andrés,Hernández,34,Cancún,QROO,México,andres.hernandez4368@ejemplo.com,Standard,2026-01-23
C04369,Paola,Castillo,52,Mérida,YUC,México,paola.castillo4369@ejemplo.com,Premium,2026-01-24
C04370,Mariana,Reyes,26,Cancún,QROO,México,mariana.reyes4370@ejemplo.com,Standard,2026-01-24
C04371,Carlos,Martínez,70,Veracruz,VER,México,carlos.martinez4371@ejemplo.com,Frecuente,2026-01-25
C04372,Carlos,Pérez,18,Tijuana,BC,México,carlos.perez4372@ejemplo.com,Standard,2026-01-26
C04373,Miguel,Jiménez,45,Guadalajara,JAL,México,miguel.jimenez4373@ejemplo.com,Standard,2026-01-26
C04374,Sofía,García,67,Ciudad de México,CDMX,México,sofia.garcia4374@ejemplo.com,Frecuente,2026-01-26
C04375,Sofía,Torres,60,Querétaro,QRO,México,sofia.torres4375@ejemplo.com,Standard,2026-01-26
C04376,Fernanda,López,68,Monterrey,NL,México,fernanda.lopez4376@ejemplo.com,Premium,2026-01-26
C04377,José,López,46,Guadalajara,JAL,México,jose.lopez4377@ejemplo.com,Standard,2026-01-27
C04378,Gabriela,Sánchez,23,Guadalajara,JAL,México,gabriela.sanchez4378@ejemplo.com,Premium,2026-01-27
C04379,Paola,Ramírez,18,Puebla,PUE,México,paola.ramirez4379@ejemplo.com,Premium,2026-01-27
C04380,Andrés,Vargas,26,Guadalajara,JAL,México,andres.vargas4380@ejemplo.com,Standard,2026-01-27
C04381,Miguel,Hernández,21,Querétaro,QRO,México,miguel.hernandez4381@ejemplo.com,Premium,2026-01-28
C04382,Fernanda,Flores,43,Cancún,QROO,México,fernanda.flores4382@ejemplo.com,Premium,2026-01-29
C04383,Andrés,Gómez,20,Puebla,PUE,México,andres.gomez4383@ejemplo.com,Standard,2026-01-30
C04384,Ana,García,28,Guadalajara,JAL,México,ana.garcia4384@ejemplo.com,Premium,2026-01-30
C04385,José,Vargas,42,Mérida,YUC,México,jose.vargas4385@ejemplo.com,Standard,2026-02-01
C04386,Andrés,Ramírez,60,Guadalajara,JAL,México,andres.ramirez4386@ejemplo.com,Premium,2026-02-01
C04387,Paola,Reyes,57,León,GTO,México,paola.reyes4387@ejemplo.com,Standard,2026-02-01
C04388,Gabriela,Gómez,21,Tijuana,BC,México,gabriela.gomez4388@ejemplo.com,Frecuente,2026-02-01
C04389,José,Hernández,70,Tijuana,BC,México,jose.hernandez4389@ejemplo.com,Premium,2026-02-02
C04390,María,Ortiz,49,Monterrey,NL,México,maria.ortiz4390@ejemplo.com,Standard,2026-02-02
C04391,María,López,38,Puebla,PUE,México,maria.lopez4391@ejemplo.com,Premium,2026-02-03
C04392,Daniela,Jiménez,40,Guadalajara,JAL,México,daniela.jimenez4392@ejemplo.com,Premium,2026-02-03
C04393,José,Torres,67,Mérida,YUC,México,jose.torres4393@ejemplo.com,Premium,2026-02-03
C04394,José,Rodríguez,44,Guadalajara,JAL,México,jose.rodriguez4394@ejemplo.com,Premium,2026-02-03
C04395,Ricardo,Pérez,32,León,GTO,México,ricardo.perez4395@ejemplo.com,Premium,2026-02-03
C04396,Fernanda,Ruiz,42,Puebla,PUE,México,fernanda.ruiz4396@ejemplo.com,Standard,2026-02-03
C04397,Ana,García,21,Mérida,YUC,México,ana.garcia4397@ejemplo.com,Standard,2026-02-04
C04398,Luis,Morales,26,Mérida,YUC,México,luis.morales4398@ejemplo.com,Frecuente,2026-02-05
C04399,Gabriela,Ortiz,36,Cancún,QROO,México,gabriela.ortiz4399@ejemplo.com,Frecuente,2026-02-05
C04400,Paola,Vargas,30,Toluca,MEX,México,paola.vargas4400@ejemplo.com,Premium,2026-02-06
C04401,Fernanda,Reyes,38,Mérida,YUC,México,fernanda.reyes4401@ejemplo.com,Premium,2026-02-06
C04402,Mariana,Hernández,21,Chihuahua,CHIH,México,mariana.hernandez4402@ejemplo.com,Premium,2026-02-06
C04403,Mariana,López,53,Puebla,PUE,México,mariana.lopez4403@ejemplo.com,Standard,2026-02-07
C04404,José,López,24,Toluca,MEX,México,jose.lopez4404@ejemplo.com,Frecuente,2026-02-07
C04405,Paola,Ruiz,30,Tijuana,BC,México,paola.ruiz4405@ejemplo.com,Premium,2026-02-07
C04406,Carlos,Martínez,74,Cancún,QROO,México,carlos.martinez4406@ejemplo.com,Premium,2026-02-07
C04407,Gabriela,Flores,18,Querétaro,QRO,México,gabriela.flores4407@ejemplo.com,Premium,2026-02-07
C04408,María,Jiménez,34,Chihuahua,CHIH,México,maria.jimenez4408@ejemplo.com,Frecuente,2026-02-08
C04409,Sofía,Ruiz,47,Puebla,PUE,México,sofia.ruiz4409@ejemplo.com,Standard,2026-02-09
C04410,Diego,Torres,35,Mérida,YUC,México,diego.torres4410@ejemplo.com,Standard,2026-02-10
C04411,Héctor,Jiménez,36,Guadalajara,JAL,México,hector.jimenez4411@ejemplo.com,Standard,2026-02-11
C04412,Sofía,Pérez,25,Cancún,QROO,México,sofia.perez4412@ejemplo.com,Premium,2026-02-11
C04413,Héctor,Torres,42,Ciudad de México,CDMX,México,hector.torres4413@ejemplo.com,Premium,2026-02-11
C04414,Laura,Flores,61,Tijuana,BC,México,laura.flores4414@ejemplo.com,Standard,2026-02-12
C04415,Luis,Martínez,52,Ciudad de México,CDMX,México,luis.martinez4415@ejemplo.com,Standard,2026-02-12
C04416,José,Martínez,71,Puebla,PUE,México,jose.martinez4416@ejemplo.com,Premium,2026-02-13
C04417,José,Ruiz,58,Querétaro,QRO,México,jose.ruiz4417@ejemplo.com,Premium,2026-02-13
C04418,Ricardo,Sánchez,63,Puebla,PUE,México,ricardo.sanchez4418@ejemplo.com,Premium,2026-02-14
C04419,Laura,Hernández,43,Tijuana,BC,México,laura.hernandez4419@ejemplo.com,Premium,2026-02-15
C04420,Carlos,Torres,53,Guadalajara,JAL,México,carlos.torres4420@ejemplo.com,Premium,2026-02-15
C04421,Fernanda,Ramírez,51,León,GTO,México,fernanda.ramirez4421@ejemplo.com,Premium,2026-02-15
C04422,Paola,Flores,65,Toluca,MEX,México,paola.flores4422@ejemplo.com,Standard,2026-02-16
C04423,Fernanda,Jiménez,47,Querétaro,QRO,México,fernanda.jimenez4423@ejemplo.com,Standard,2026-02-16
C04424,Ana,Ortiz,41,Ciudad de México,CDMX,México,ana.ortiz4424@ejemplo.com,Standard,2026-02-17
C04425,Sofía,Mendoza,22,Ciudad de México,CDMX,México,sofia.mendoza4425@ejemplo.com,Standard,2026-02-17
C04426,Jorge,Vargas,67,León,GTO,México,jorge.vargas4426@ejemplo.com,Frecuente,2026-02-17
C04427,José,Jiménez,43,Veracruz,VER,México,jose.jimenez4427@ejemplo.com,Frecuente,2026-02-18
C04428,Alejandro,Torres,64,Chihuahua,CHIH,México,alejandro.torres4428@ejemplo.com,Premium,2026-02-18
C04429,José,Flores,57,Tijuana,BC,México,jose.flores4429@ejemplo.com,Premium,2026-02-18
C04430,Valeria,Cruz,18,Querétaro,QRO,México,valeria.cruz4430@ejemplo.com,Premium,2026-02-18
C04431,Laura,Ruiz,55,Guadalajara,JAL,México,laura.ruiz4431@ejemplo.com,Frecuente,2026-02-19
C04432,Ricardo,Reyes,46,Ciudad de México,CDMX,México,ricardo.reyes4432@ejemplo.com,Premium,2026-02-19
C04433,Gabriela,Mendoza,31,Toluca,MEX,México,gabriela.mendoza4433@ejemplo.com,Premium,2026-02-19
C04434,Carlos,Vargas,33,Querétaro,QRO,México,carlos.vargas4434@ejemplo.com,Standard,2026-02-20
C04435,José,Ruiz,55,Querétaro,QRO,México,jose.ruiz4435@ejemplo.com,Standard,2026-02-20
C04436,Valeria,Morales,23,Tijuana,BC,México,valeria.morales4436@ejemplo.com,Standard,2026-02-21
C04437,Laura,Mendoza,53,Puebla,PUE,México,laura.mendoza4437@ejemplo.com,Standard,2026-02-21
C04438,Luis,García,67,Veracruz,VER,México,luis.garcia4438@ejemplo.com,Standard,2026-02-21
C04439,Carlos,Sánchez,23,Toluca,MEX,México,carlos.sanchez4439@ejemplo.com,Frecuente,2026-02-22
C04440,Diego,Sánchez,18,León,GTO,México,diego.sanchez4440@ejemplo.com,Premium,2026-02-22
C04441,José,García,21,Tijuana,BC,México,jose.garcia4441@ejemplo.com,Frecuente,2026-02-23
C04442,José,Castillo,60,León,GTO,México,jose.castillo4442@ejemplo.com,Standard,2026-02-23
C04443,Ricardo,Pérez,67,Tijuana,BC,México,ricardo.perez4443@ejemplo.com,Premium,2026-02-24
C04444,Luis,Sánchez,75,Mérida,YUC,México,luis.sanchez4444@ejemplo.com,Frecuente,2026-02-25
C04445,Andrés,Sánchez,19,Guadalajara,JAL,México,andres.sanchez4445@ejemplo.com,Frecuente,2026-02-25
C04446,Sofía,Flores,45,León,GTO,México,sofia.flores4446@ejemplo.com,Frecuente,2026-02-25
C04447,Mariana,Ortiz,20,Ciudad de México,CDMX,México,mariana.ortiz4447@ejemplo.com,Frecuente,2026-02-25
C04448,Jorge,Rodríguez,39,León,GTO,México,jorge.rodriguez4448@ejemplo.com,Premium,2026-02-26
C04449,Paola,Flores,35,Cancún,QROO,México,paola.flores4449@ejemplo.com,Premium,2026-02-26
C04450,Laura,Vargas,53,Ciudad de México,CDMX,México,laura.vargas4450@ejemplo.com,Premium,2026-02-27
C04451,Paola,Morales,70,Mérida,YUC,México,paola.morales4451@ejemplo.com,Frecuente,2026-02-27
C04452,Carlos,Rodríguez,64,Monterrey,NL,México,carlos.rodriguez4452@ejemplo.com,Frecuente,2026-02-27
C04453,Andrés,Morales,21,Querétaro,QRO,México,andres.morales4453@ejemplo.com,Frecuente,2026-02-27
C04454,Héctor,Martínez,31,Ciudad de México,CDMX,México,hector.martinez4454@ejemplo.com,Frecuente,2026-02-28
C04455,Sofía,Castillo,33,León,GTO,México,sofia.castillo4455@ejemplo.com,Standard,2026-02-28
C04456,Sofía,López,32,Mérida,YUC,México,sofia.lopez4456@ejemplo.com,Premium,2026-03-01
C04457,Laura,Ruiz,38,Tijuana,BC,México,laura.ruiz4457@ejemplo.com,Premium,2026-03-01
C04458,Jorge,Sánchez,53,Chihuahua,CHIH,México,jorge.sanchez4458@ejemplo.com,Standard,2026-03-01
C04459,Paola,Ortiz,60,Cancún,QROO,México,paola.ortiz4459@ejemplo.com,Standard,2026-03-02
C04460,José,Jiménez,72,Cancún,QROO,México,jose.jimenez4460@ejemplo.com,Premium,2026-03-03
C04461,Ricardo,Jiménez,58,Guadalajara,JAL,México,ricardo.jimenez4461@ejemplo.com,Frecuente,2026-03-03
C04462,Carlos,López,35,Mérida,YUC,México,carlos.lopez4462@ejemplo.com,Standard,2026-03-04
C04463,José,Reyes,28,León,GTO,México,jose.reyes4463@ejemplo.com,Premium,2026-03-04
C04464,Alejandro,Castillo,39,Veracruz,VER,México,alejandro.castillo4464@ejemplo.com,Frecuente,2026-03-05
C04465,Diego,Ortiz,64,Cancún,QROO,México,diego.ortiz4465@ejemplo.com,Standard,2026-03-05
C04466,Carlos,Sánchez,75,Monterrey,NL,México,carlos.sanchez4466@ejemplo.com,Standard,2026-03-05
C04467,Jorge,Torres,40,León,GTO,México,jorge.torres4467@ejemplo.com,Premium,2026-03-05
C04468,Ana,Hernández,28,Ciudad de México,CDMX,México,ana.hernandez4468@ejemplo.com,Premium,2026-03-05
C04469,Gabriela,Ortiz,18,Puebla,PUE,México,gabriela.ortiz4469@ejemplo.com,Premium,2026-03-06
C04470,Alejandro,Torres,22,Veracruz,VER,México,alejandro.torres4470@ejemplo.com,Standard,2026-03-06
C04471,María,Ramírez,54,Toluca,MEX,México,maria.ramirez4471@ejemplo.com,Standard,2026-03-06
C04472,Andrés,Ortiz,52,Chihuahua,CHIH,México,andres.ortiz4472@ejemplo.com,Frecuente,2026-03-07
C04473,Paola,Jiménez,55,Tijuana,BC,México,paola.jimenez4473@ejemplo.com,Frecuente,2026-03-07
C04474,Daniela,Hernández,19,León,GTO,México,daniela.hernandez4474@ejemplo.com,Premium,2026-03-07
C04475,Ricardo,Flores,43,León,GTO,México,ricardo.flores4475@ejemplo.com,Frecuente,2026-03-08
C04476,Miguel,Torres,28,Monterrey,NL,México,miguel.torres4476@ejemplo.com,Premium,2026-03-08
C04477,Carlos,Cruz,37,Veracruz,VER,México,carlos.cruz4477@ejemplo.com,Premium,2026-03-08
C04478,Diego,Gómez,54,Veracruz,VER,México,diego.gomez4478@ejemplo.com,Standard,2026-03-09
C04479,Sofía,Hernández,33,Guadalajara,JAL,México,sofia.hernandez4479@ejemplo.com,Frecuente,2026-03-09
C04480,Jorge,Cruz,56,Toluca,MEX,México,jorge.cruz4480@ejemplo.com,Frecuente,2026-03-10
C04481,Valeria,Jiménez,34,Querétaro,QRO,México,valeria.jimenez4481@ejemplo.com,Frecuente,2026-03-11
C04482,Ana,Ramírez,47,León,GTO,México,ana.ramirez4482@ejemplo.com,Premium,2026-03-11
C04483,Miguel,Rodríguez,44,Mérida,YUC,México,miguel.rodriguez4483@ejemplo.com,Premium,2026-03-12
C04484,Ana,García,40,Monterrey,NL,México,ana.garcia4484@ejemplo.com,Premium,2026-03-12
C04485,Fernanda,Gómez,25,Guadalajara,JAL,México,fernanda.gomez4485@ejemplo.com,Standard,2026-03-13
C04486,Paola,Morales,51,Mérida,YUC,México,paola.morales4486@ejemplo.com,Standard,2026-03-13
C04487,María,Vargas,75,Chihuahua,CHIH,México,maria.vargas4487@ejemplo.com,Premium,2026-03-15
C04488,Sofía,Cruz,55,Toluca,MEX,México,sofia.cruz4488@ejemplo.com,Standard,2026-03-15
C04489,Valeria,Martínez,61,Puebla,PUE,México,valeria.martinez4489@ejemplo.com,Standard,2026-03-15
C04490,Laura,Gómez,64,Chihuahua,CHIH,México,laura.gomez4490@ejemplo.com,Standard,2026-03-15
C04491,Ana,Morales,20,Tijuana,BC,México,ana.morales4491@ejemplo.com,Premium,2026-03-15
C04492,Miguel,Jiménez,63,Mérida,YUC,México,miguel.jimenez4492@ejemplo.com,Premium,2026-03-15
C04493,Luis,Rodríguez,32,Puebla,PUE,México,luis.rodriguez4493@ejemplo.com,Standard,2026-03-15
C04494,José,Ruiz,56,Mérida,YUC,México,jose.ruiz4494@ejemplo.com,Standard,2026-03-16
C04495,Valeria,Martínez,75,Mérida,YUC,México,valeria.martinez4495@ejemplo.com,Premium,2026-03-16
C04496,Jorge,Sánchez,69,León,GTO,México,jorge.sanchez4496@ejemplo.com,Premium,2026-03-16
C04497,María,Cruz,42,Querétaro,QRO,México,maria.cruz4497@ejemplo.com,Frecuente,2026-03-17
C04498,Gabriela,Ortiz,66,Mérida,YUC,México,gabriela.ortiz4498@ejemplo.com,Standard,2026-03-17
C04499,Alejandro,Jiménez,53,Cancún,QROO,México,alejandro.jimenez4499@ejemplo.com,Premium,2026-03-17
C04500,Diego,Torres,25,Querétaro,QRO,México,diego.torres4500@ejemplo.com,Standard,2026-03-20
C04501,Alejandro,Torres,31,Mérida,YUC,México,alejandro.torres4501@ejemplo.com,Standard,2026-03-20
C04502,Ricardo,Flores,73,Guadalajara,JAL,México,ricardo.flores4502@ejemplo.com,Premium,2026-03-20
C04503,Ana,Flores,71,Chihuahua,CHIH,México,ana.flores4503@ejemplo.com,Premium,2026-03-21
C04504,Luis,Flores,69,Guadalajara,JAL,México,luis.flores4504@ejemplo.com,Frecuente,2026-03-21
C04505,Miguel,García,40,Chihuahua,CHIH,México,miguel.garcia4505@ejemplo.com,Standard,2026-03-21
C04506,María,Ruiz,36,Toluca,MEX,México,maria.ruiz4506@ejemplo.com,Premium,2026-03-22
C04507,Ricardo,Hernández,64,Veracruz,VER,México,ricardo.hernandez4507@ejemplo.com,Standard,2026-03-23
C04508,Fernanda,Torres,19,Ciudad de México,CDMX,México,fernanda.torres4508@ejemplo.com,Standard,2026-03-23
C04509,Héctor,Vargas,70,Monterrey,NL,México,hector.vargas4509@ejemplo.com,Standard,2026-03-23
C04510,Alejandro,Flores,53,Ciudad de México,CDMX,México,alejandro.flores4510@ejemplo.com,Premium,2026-03-24
C04511,Ana,Torres,54,Querétaro,QRO,México,ana.torres4511@ejemplo.com,Premium,2026-03-25
C04512,Luis,Martínez,43,Chihuahua,CHIH,México,luis.martinez4512@ejemplo.com,Premium,2026-03-25
C04513,Fernanda,López,74,Toluca,MEX,México,fernanda.lopez4513@ejemplo.com,Frecuente,2026-03-25
C04514,José,Pérez,61,León,GTO,México,jose.perez4514@ejemplo.com,Standard,2026-03-26
C04515,Jorge,Hernández,21,Chihuahua,CHIH,México,jorge.hernandez4515@ejemplo.com,Frecuente,2026-03-27
C04516,Mariana,Mendoza,48,Ciudad de México,CDMX,México,mariana.mendoza4516@ejemplo.com,Premium,2026-03-27
C04517,José,Ruiz,67,Toluca,MEX,México,jose.ruiz4517@ejemplo.com,Standard,2026-03-27
C04518,Laura,Morales,22,Puebla,PUE,México,laura.morales4518@ejemplo.com,Standard,2026-03-27
C04519,Alejandro,Hernández,60,León,GTO,México,alejandro.hernandez4519@ejemplo.com,Standard,2026-03-27
C04520,Alejandro,Reyes,32,Toluca,MEX,México,alejandro.reyes4520@ejemplo.com,Premium,2026-03-27
C04521,Carlos,Ortiz,47,León,GTO,México,carlos.ortiz4521@ejemplo.com,Standard,2026-03-28
C04522,Luis,Ruiz,69,Querétaro,QRO,México,luis.ruiz4522@ejemplo.com,Premium,2026-03-28
C04523,Gabriela,Gómez,46,Cancún,QROO,México,gabriela.gomez4523@ejemplo.com,Premium,2026-03-29
C04524,Luis,Cruz,20,Querétaro,QRO,México,luis.cruz4524@ejemplo.com,Standard,2026-03-30
C04525,Fernanda,Mendoza,19,Cancún,QROO,México,fernanda.mendoza4525@ejemplo.com,Premium,2026-03-31
C04526,Alejandro,Flores,60,Querétaro,QRO,México,alejandro.flores4526@ejemplo.com,Premium,2026-03-31
C04527,Héctor,Castillo,71,Tijuana,BC,México,hector.castillo4527@ejemplo.com,Frecuente,2026-04-01
C04528,Luis,Martínez,34,Monterrey,NL,México,luis.martinez4528@ejemplo.com,Premium,2026-04-01
C04529,Ricardo,Ortiz,72,Tijuana,BC,México,ricardo.ortiz4529@ejemplo.com,Standard,2026-04-01
C04530,José,Ramírez,44,León,GTO,México,jose.ramirez4530@ejemplo.com,Frecuente,2026-04-01
C04531,Daniela,Sánchez,21,Chihuahua,CHIH,México,daniela.sanchez4531@ejemplo.com,Standard,2026-04-02
C04532,Sofía,Reyes,48,Guadalajara,JAL,México,sofia.reyes4532@ejemplo.com,Premium,2026-04-02
C04533,Luis,Jiménez,74,Monterrey,NL,México,luis.jimenez4533@ejemplo.com,Standard,2026-04-02
C04534,Daniela,López,32,Mérida,YUC,México,daniela.lopez4534@ejemplo.com,Standard,2026-04-02
C04535,Laura,López,73,León,GTO,México,laura.lopez4535@ejemplo.com,Premium,2026-04-03
C04536,Valeria,Torres,55,Monterrey,NL,México,valeria.torres4536@ejemplo.com,Standard,2026-04-04
C04537,Andrés,Hernández,40,Puebla,PUE,México,andres.hernandez4537@ejemplo.com,Frecuente,2026-04-04
C04538,Ana,Mendoza,58,Ciudad de México,CDMX,México,ana.mendoza4538@ejemplo.com,Premium,2026-04-05
C04539,Luis,Vargas,41,Ciudad de México,CDMX,México,luis.vargas4539@ejemplo.com,Premium,2026-04-06
C04540,Andrés,Hernández,22,Guadalajara,JAL,México,andres.hernandez4540@ejemplo.com,Standard,2026-04-06
C04541,Miguel,García,68,León,GTO,México,miguel.garcia4541@ejemplo.com,Standard,2026-04-06
C04542,Jorge,Ruiz,39,Chihuahua,CHIH,México,jorge.ruiz4542@ejemplo.com,Standard,2026-04-06
C04543,Sofía,Ramírez,50,Querétaro,QRO,México,sofia.ramirez4543@ejemplo.com,Premium,2026-04-06
C04544,María,Mendoza,61,Monterrey,NL,México,maria.mendoza4544@ejemplo.com,Premium,2026-04-07
C04545,Jorge,López,22,Veracruz,VER,México,jorge.lopez4545@ejemplo.com,Standard,2026-04-07
C04546,Miguel,Martínez,59,Puebla,PUE,México,miguel.martinez4546@ejemplo.com,Frecuente,2026-04-08
C04547,Miguel,Ruiz,39,Guadalajara,JAL,México,miguel.ruiz4547@ejemplo.com,Premium,2026-04-08
C04548,José,Castillo,49,Guadalajara,JAL,México,jose.castillo4548@ejemplo.com,Frecuente,2026-04-09
C04549,Alejandro,Cruz,44,Tijuana,BC,México,alejandro.cruz4549@ejemplo.com,Premium,2026-04-09
C04550,Miguel,Morales,63,León,GTO,México,miguel.morales4550@ejemplo.com,Premium,2026-04-10
C04551,Paola,Castillo,28,Tijuana,BC,México,paola.castillo4551@ejemplo.com,Standard,2026-04-10
C04552,Laura,Ortiz,24,Querétaro,QRO,México,laura.ortiz4552@ejemplo.com,Premium,2026-04-10
C04553,Fernanda,Reyes,41,Tijuana,BC,México,fernanda.reyes4553@ejemplo.com,Standard,2026-04-10
C04554,José,Hernández,24,Veracruz,VER,México,jose.hernandez4554@ejemplo.com,Premium,2026-04-11
C04555,Fernanda,Hernández,32,León,GTO,México,fernanda.hernandez4555@ejemplo.com,Standard,2026-04-11
C04556,Laura,Vargas,56,Cancún,QROO,México,laura.vargas4556@ejemplo.com,Premium,2026-04-11
C04557,Paola,Flores,65,Querétaro,QRO,México,paola.flores4557@ejemplo.com,Frecuente,2026-04-11
C04558,Sofía,Torres,58,Mérida,YUC,México,sofia.torres4558@ejemplo.com,Frecuente,2026-04-11
C04559,Paola,Gómez,36,Chihuahua,CHIH,México,paola.gomez4559@ejemplo.com,Premium,2026-04-11
C04560,Daniela,Morales,65,Cancún,QROO,México,daniela.morales4560@ejemplo.com,Premium,2026-04-12
C04561,Valeria,Sánchez,41,Toluca,MEX,México,valeria.sanchez4561@ejemplo.com,Frecuente,2026-04-12
C04562,Carlos,Morales,28,Ciudad de México,CDMX,México,carlos.morales4562@ejemplo.com,Premium,2026-04-12
C04563,Daniela,Reyes,61,Chihuahua,CHIH,México,daniela.reyes4563@ejemplo.com,Standard,2026-04-12
C04564,Mariana,Reyes,47,Veracruz,VER,México,mariana.reyes4564@ejemplo.com,Standard,2026-04-13
C04565,Alejandro,Morales,39,León,GTO,México,alejandro.morales4565@ejemplo.com,Frecuente,2026-04-14
C04566,Alejandro,Sánchez,56,Veracruz,VER,México,alejandro.sanchez4566@ejemplo.com,Premium,2026-04-14
C04567,Ana,Ortiz,60,Mérida,YUC,México,ana.ortiz4567@ejemplo.com,Premium,2026-04-14
C04568,Valeria,Rodríguez,30,Puebla,PUE,México,valeria.rodriguez4568@ejemplo.com,Premium,2026-04-15
C04569,María,Rodríguez,24,Cancún,QROO,México,maria.rodriguez4569@ejemplo.com,Premium,2026-04-15
C04570,Mariana,Mendoza,47,Cancún,QROO,México,mariana.mendoza4570@ejemplo.com,Premium,2026-04-15
C04571,Mariana,Sánchez,20,Guadalajara,JAL,México,mariana.sanchez4571@ejemplo.com,Frecuente,2026-04-15
C04572,Gabriela,Mendoza,55,Monterrey,NL,México,gabriela.mendoza4572@ejemplo.com,Premium,2026-04-15
C04573,Ricardo,López,43,Puebla,PUE,México,ricardo.lopez4573@ejemplo.com,Premium,2026-04-16
C04574,Carlos,Ortiz,30,Mérida,YUC,México,carlos.ortiz4574@ejemplo.com,Premium,2026-04-16
C04575,Andrés,Mendoza,52,Guadalajara,JAL,México,andres.mendoza4575@ejemplo.com,Premium,2026-04-16
C04576,Andrés,Rodríguez,39,Toluca,MEX,México,andres.rodriguez4576@ejemplo.com,Standard,2026-04-16
C04577,María,López,40,Guadalajara,JAL,México,maria.lopez4577@ejemplo.com,Premium,2026-04-16
C04578,Diego,Ramírez,30,Veracruz,VER,México,diego.ramirez4578@ejemplo.com,Standard,2026-04-16
C04579,Diego,Ruiz,57,León,GTO,México,diego.ruiz4579@ejemplo.com,Frecuente,2026-04-17
C04580,Daniela,Sánchez,70,Tijuana,BC,México,daniela.sanchez4580@ejemplo.com,Premium,2026-04-17
C04581,Fernanda,Sánchez,53,Tijuana,BC,México,fernanda.sanchez4581@ejemplo.com,Standard,2026-04-18
C04582,Fernanda,Hernández,31,León,GTO,México,fernanda.hernandez4582@ejemplo.com,Premium,2026-04-18
C04583,Héctor,Castillo,66,Guadalajara,JAL,México,hector.castillo4583@ejemplo.com,Premium,2026-04-18
C04584,Miguel,García,25,León,GTO,México,miguel.garcia4584@ejemplo.com,Frecuente,2026-04-19
C04585,Paola,Rodríguez,34,Mérida,YUC,México,paola.rodriguez4585@ejemplo.com,Frecuente,2026-04-19
C04586,Sofía,Cruz,20,Monterrey,NL,México,sofia.cruz4586@ejemplo.com,Premium,2026-04-19
C04587,Alejandro,Ortiz,67,Chihuahua,CHIH,México,alejandro.ortiz4587@ejemplo.com,Standard,2026-04-19
C04588,Mariana,Rodríguez,20,Cancún,QROO,México,mariana.rodriguez4588@ejemplo.com,Premium,2026-04-19
C04589,Luis,Flores,49,Guadalajara,JAL,México,luis.flores4589@ejemplo.com,Standard,2026-04-20
C04590,Carlos,Torres,29,Cancún,QROO,México,carlos.torres4590@ejemplo.com,Standard,2026-04-20
C04591,Ana,Torres,30,Tijuana,BC,México,ana.torres4591@ejemplo.com,Premium,2026-04-20
C04592,Ricardo,Jiménez,53,Toluca,MEX,México,ricardo.jimenez4592@ejemplo.com,Frecuente,2026-04-21
C04593,Mariana,Torres,64,Querétaro,QRO,México,mariana.torres4593@ejemplo.com,Standard,2026-04-21
C04594,Ricardo,Vargas,19,Veracruz,VER,México,ricardo.vargas4594@ejemplo.com,Premium,2026-04-21
C04595,José,Martínez,27,Veracruz,VER,México,jose.martinez4595@ejemplo.com,Frecuente,2026-04-22
C04596,Fernanda,Reyes,34,Ciudad de México,CDMX,México,fernanda.reyes4596@ejemplo.com,Standard,2026-04-22
C04597,Daniela,Torres,72,Tijuana,BC,México,daniela.torres4597@ejemplo.com,Premium,2026-04-22
C04598,Héctor,Mendoza,21,Monterrey,NL,México,hector.mendoza4598@ejemplo.com,Standard,2026-04-22
C04599,Valeria,Hernández,28,Querétaro,QRO,México,valeria.hernandez4599@ejemplo.com,Frecuente,2026-04-22
C04600,Paola,Torres,41,Guadalajara,JAL,México,paola.torres4600@ejemplo.com,Frecuente,2026-04-22
C04601,Valeria,Castillo,36,Mérida,YUC,México,valeria.castillo4601@ejemplo.com,Premium,2026-04-23
C04602,José,Gómez,20,Guadalajara,JAL,México,jose.gomez4602@ejemplo.com,Standard,2026-04-23
C04603,Ricardo,Ortiz,49,Cancún,QROO,México,ricardo.ortiz4603@ejemplo.com,Frecuente,2026-04-23
C04604,Ana,Vargas,53,Querétaro,QRO,México,ana.vargas4604@ejemplo.com,Frecuente,2026-04-25
C04605,José,Rodríguez,28,Veracruz,VER,México,jose.rodriguez4605@ejemplo.com,Premium,2026-04-25
C04606,Miguel,Ruiz,57,Chihuahua,CHIH,México,miguel.ruiz4606@ejemplo.com,Standard,2026-04-25
C04607,Carlos,Mendoza,21,Cancún,QROO,México,carlos.mendoza4607@ejemplo.com,Frecuente,2026-04-25
C04608,Fernanda,Gómez,60,Querétaro,QRO,México,fernanda.gomez4608@ejemplo.com,Premium,2026-04-25
C04609,Fernanda,López,33,León,GTO,México,fernanda.lopez4609@ejemplo.com,Premium,2026-04-25
C04610,Héctor,Flores,31,León,GTO,México,hector.flores4610@ejemplo.com,Standard,2026-04-26
C04611,Mariana,Cruz,29,Guadalajara,JAL,México,mariana.cruz4611@ejemplo.com,Standard,2026-04-26
C04612,Andrés,Gómez,68,Tijuana,BC,México,andres.gomez4612@ejemplo.com,Standard,2026-04-26
C04613,Laura,Martínez,47,Veracruz,VER,México,laura.martinez4613@ejemplo.com,Premium,2026-04-26
C04614,José,Reyes,58,Puebla,PUE,México,jose.reyes4614@ejemplo.com,Standard,2026-04-26
C04615,Andrés,Cruz,29,Ciudad de México,CDMX,México,andres.cruz4615@ejemplo.com,Premium,2026-04-27
C04616,Valeria,Ortiz,21,Chihuahua,CHIH,México,valeria.ortiz4616@ejemplo.com,Frecuente,2026-04-27
C04617,Fernanda,Ortiz,20,Veracruz,VER,México,fernanda.ortiz4617@ejemplo.com,Premium,2026-04-27
C04618,José,Rodríguez,43,Cancún,QROO,México,jose.rodriguez4618@ejemplo.com,Premium,2026-04-27
C04619,José,Sánchez,36,Cancún,QROO,México,jose.sanchez4619@ejemplo.com,Frecuente,2026-04-27
C04620,Valeria,Hernández,62,Tijuana,BC,México,valeria.hernandez4620@ejemplo.com,Standard,2026-04-28
C04621,Ricardo,Castillo,63,Tijuana,BC,México,ricardo.castillo4621@ejemplo.com,Premium,2026-04-28
C04622,Luis,Hernández,36,Chihuahua,CHIH,México,luis.hernandez4622@ejemplo.com,Premium,2026-04-29
C04623,Ana,Ramírez,43,Chihuahua,CHIH,México,ana.ramirez4623@ejemplo.com,Standard,2026-04-29
C04624,Daniela,García,40,Querétaro,QRO,México,daniela.garcia4624@ejemplo.com,Frecuente,2026-04-29
C04625,Gabriela,Rodríguez,57,Puebla,PUE,México,gabriela.rodriguez4625@ejemplo.com,Premium,2026-04-30
C04626,Luis,Pérez,54,Monterrey,NL,México,luis.perez4626@ejemplo.com,Frecuente,2026-04-30
C04627,María,Morales,55,Ciudad de México,CDMX,México,maria.morales4627@ejemplo.com,Premium,2026-04-30
C04628,Alejandro,Torres,21,Querétaro,QRO,México,alejandro.torres4628@ejemplo.com,Standard,2026-04-30
C04629,Daniela,López,37,Mérida,YUC,México,daniela.lopez4629@ejemplo.com,Premium,2026-04-30
C04630,José,López,74,León,GTO,México,jose.lopez4630@ejemplo.com,Premium,2026-04-30
C04631,Miguel,Ramírez,37,Toluca,MEX,México,miguel.ramirez4631@ejemplo.com,Frecuente,2026-04-30
C04632,Miguel,Sánchez,28,Tijuana,BC,México,miguel.sanchez4632@ejemplo.com,Premium,2026-05-01
C04633,Ana,Cruz,29,Monterrey,NL,México,ana.cruz4633@ejemplo.com,Frecuente,2026-05-01
C04634,Ana,Ruiz,19,Chihuahua,CHIH,México,ana.ruiz4634@ejemplo.com,Premium,2026-05-01
C04635,Andrés,Martínez,63,Toluca,MEX,México,andres.martinez4635@ejemplo.com,Premium,2026-05-02
C04636,Luis,Jiménez,18,Mérida,YUC,México,luis.jimenez4636@ejemplo.com,Frecuente,2026-05-02
C04637,Mariana,Martínez,52,Ciudad de México,CDMX,México,mariana.martinez4637@ejemplo.com,Standard,2026-05-02
C04638,Luis,Gómez,41,Querétaro,QRO,México,luis.gomez4638@ejemplo.com,Premium,2026-05-03
C04639,Alejandro,Vargas,23,Cancún,QROO,México,alejandro.vargas4639@ejemplo.com,Standard,2026-05-03
C04640,Valeria,López,69,Chihuahua,CHIH,México,valeria.lopez4640@ejemplo.com,Premium,2026-05-03
C04641,María,Castillo,61,Mérida,YUC,México,maria.castillo4641@ejemplo.com,Frecuente,2026-05-03
C04642,Andrés,Martínez,65,Querétaro,QRO,México,andres.martinez4642@ejemplo.com,Premium,2026-05-03
C04643,José,Morales,72,Tijuana,BC,México,jose.morales4643@ejemplo.com,Standard,2026-05-03
C04644,Sofía,Martínez,70,Tijuana,BC,México,sofia.martinez4644@ejemplo.com,Premium,2026-05-03
C04645,Fernanda,Gómez,58,Ciudad de México,CDMX,México,fernanda.gomez4645@ejemplo.com,Standard,2026-05-03
C04646,Daniela,Hernández,48,Guadalajara,JAL,México,daniela.hernandez4646@ejemplo.com,Frecuente,2026-05-04
C04647,María,Jiménez,58,Toluca,MEX,México,maria.jimenez4647@ejemplo.com,Frecuente,2026-05-04
C04648,Andrés,Mendoza,44,Tijuana,BC,México,andres.mendoza4648@ejemplo.com,Premium,2026-05-05
C04649,Mariana,Cruz,28,Chihuahua,CHIH,México,mariana.cruz4649@ejemplo.com,Premium,2026-05-05
C04650,José,Morales,40,Tijuana,BC,México,jose.morales4650@ejemplo.com,Premium,2026-05-05
C04651,Sofía,Flores,45,Veracruz,VER,México,sofia.flores4651@ejemplo.com,Frecuente,2026-05-05
C04652,José,López,20,Monterrey,NL,México,jose.lopez4652@ejemplo.com,Premium,2026-05-05
C04653,Héctor,Sánchez,67,Monterrey,NL,México,hector.sanchez4653@ejemplo.com,Standard,2026-05-06
C04654,Ricardo,Jiménez,70,Cancún,QROO,México,ricardo.jimenez4654@ejemplo.com,Premium,2026-05-06
C04655,Mariana,Hernández,42,Toluca,MEX,México,mariana.hernandez4655@ejemplo.com,Frecuente,2026-05-06
C04656,José,Pérez,46,Guadalajara,JAL,México,jose.perez4656@ejemplo.com,Standard,2026-05-08
C04657,Héctor,Rodríguez,66,Mérida,YUC,México,hector.rodriguez4657@ejemplo.com,Standard,2026-05-08
C04658,Paola,García,44,Monterrey,NL,México,paola.garcia4658@ejemplo.com,Frecuente,2026-05-09
C04659,Paola,Torres,57,León,GTO,México,paola.torres4659@ejemplo.com,Frecuente,2026-05-09
C04660,Alejandro,Pérez,47,Mérida,YUC,México,alejandro.perez4660@ejemplo.com,Standard,2026-05-10
C04661,Ricardo,Ramírez,33,Cancún,QROO,México,ricardo.ramirez4661@ejemplo.com,Standard,2026-05-10
C04662,Valeria,Castillo,64,Puebla,PUE,México,valeria.castillo4662@ejemplo.com,Standard,2026-05-10
C04663,Laura,Reyes,29,Puebla,PUE,México,laura.reyes4663@ejemplo.com,Premium,2026-05-10
C04664,Sofía,Ruiz,31,Cancún,QROO,México,sofia.ruiz4664@ejemplo.com,Premium,2026-05-11
C04665,Miguel,Pérez,58,Tijuana,BC,México,miguel.perez4665@ejemplo.com,Standard,2026-05-11
C04666,Daniela,Hernández,59,León,GTO,México,daniela.hernandez4666@ejemplo.com,Standard,2026-05-11
C04667,Jorge,García,73,Guadalajara,JAL,México,jorge.garcia4667@ejemplo.com,Premium,2026-05-11
C04668,Andrés,Vargas,59,Puebla,PUE,México,andres.vargas4668@ejemplo.com,Premium,2026-05-11
C04669,Ricardo,Ramírez,19,Guadalajara,JAL,México,ricardo.ramirez4669@ejemplo.com,Standard,2026-05-11
C04670,Carlos,Hernández,67,Guadalajara,JAL,México,carlos.hernandez4670@ejemplo.com,Premium,2026-05-11
C04671,Daniela,Mendoza,42,Puebla,PUE,México,daniela.mendoza4671@ejemplo.com,Standard,2026-05-11
C04672,Héctor,Mendoza,18,Querétaro,QRO,México,hector.mendoza4672@ejemplo.com,Standard,2026-05-12
C04673,Gabriela,Sánchez,51,Guadalajara,JAL,México,gabriela.sanchez4673@ejemplo.com,Premium,2026-05-12
C04674,Laura,Torres,27,Guadalajara,JAL,México,laura.torres4674@ejemplo.com,Premium,2026-05-12
C04675,José,Jiménez,42,Chihuahua,CHIH,México,jose.jimenez4675@ejemplo.com,Premium,2026-05-12
C04676,Miguel,Gómez,45,Mérida,YUC,México,miguel.gomez4676@ejemplo.com,Premium,2026-05-12
C04677,Héctor,Martínez,22,León,GTO,México,hector.martinez4677@ejemplo.com,Standard,2026-05-12
C04678,Diego,Rodríguez,67,León,GTO,México,diego.rodriguez4678@ejemplo.com,Standard,2026-05-12
C04679,Héctor,Vargas,47,Guadalajara,JAL,México,hector.vargas4679@ejemplo.com,Frecuente,2026-05-14
C04680,Ricardo,Mendoza,73,Cancún,QROO,México,ricardo.mendoza4680@ejemplo.com,Premium,2026-05-14
C04681,Miguel,Rodríguez,44,Chihuahua,CHIH,México,miguel.rodriguez4681@ejemplo.com,Standard,2026-05-14
C04682,Gabriela,Flores,52,Querétaro,QRO,México,gabriela.flores4682@ejemplo.com,Premium,2026-05-14
C04683,José,Gómez,65,Chihuahua,CHIH,México,jose.gomez4683@ejemplo.com,Frecuente,2026-05-15
C04684,José,García,30,Veracruz,VER,México,jose.garcia4684@ejemplo.com,Premium,2026-05-15
C04685,Jorge,Torres,70,Mérida,YUC,México,jorge.torres4685@ejemplo.com,Standard,2026-05-15
C04686,Sofía,Ruiz,28,Guadalajara,JAL,México,sofia.ruiz4686@ejemplo.com,Standard,2026-05-15
C04687,Daniela,Castillo,75,Cancún,QROO,México,daniela.castillo4687@ejemplo.com,Premium,2026-05-15
C04688,José,Reyes,55,Chihuahua,CHIH,México,jose.reyes4688@ejemplo.com,Frecuente,2026-05-15
C04689,Sofía,Hernández,48,Mérida,YUC,México,sofia.hernandez4689@ejemplo.com,Premium,2026-05-15
C04690,María,López,30,Toluca,MEX,México,maria.lopez4690@ejemplo.com,Premium,2026-05-17
C04691,Miguel,Morales,51,Mérida,YUC,México,miguel.morales4691@ejemplo.com,Standard,2026-05-17
C04692,Carlos,Flores,50,Querétaro,QRO,México,carlos.flores4692@ejemplo.com,Standard,2026-05-18
C04693,Valeria,Martínez,75,Veracruz,VER,México,valeria.martinez4693@ejemplo.com,Premium,2026-05-18
C04694,Diego,López,66,Guadalajara,JAL,México,diego.lopez4694@ejemplo.com,Premium,2026-05-18
C04695,Diego,Morales,46,Querétaro,QRO,México,diego.morales4695@ejemplo.com,Premium,2026-05-18
C04696,Daniela,Gómez,40,Guadalajara,JAL,México,daniela.gomez4696@ejemplo.com,Frecuente,2026-05-19
C04697,José,Ramírez,40,Cancún,QROO,México,jose.ramirez4697@ejemplo.com,Standard,2026-05-19
C04698,Diego,García,39,Veracruz,VER,México,diego.garcia4698@ejemplo.com,Premium,2026-05-19
C04699,Andrés,López,18,Veracruz,VER,México,andres.lopez4699@ejemplo.com,Premium,2026-05-20
C04700,Paola,Rodríguez,20,Monterrey,NL,México,paola.rodriguez4700@ejemplo.com,Frecuente,2026-05-20
C04701,Miguel,Reyes,61,León,GTO,México,miguel.reyes4701@ejemplo.com,Frecuente,2026-05-22
C04702,Ana,Martínez,32,Chihuahua,CHIH,México,ana.martinez4702@ejemplo.com,Premium,2026-05-22
C04703,María,Torres,41,Chihuahua,CHIH,México,maria.torres4703@ejemplo.com,Standard,2026-05-22
C04704,Andrés,Sánchez,58,Mérida,YUC,México,andres.sanchez4704@ejemplo.com,Premium,2026-05-23
C04705,Laura,Ramírez,53,Monterrey,NL,México,laura.ramirez4705@ejemplo.com,Premium,2026-05-24
C04706,Héctor,Jiménez,38,Querétaro,QRO,México,hector.jimenez4706@ejemplo.com,Frecuente,2026-05-25
C04707,Carlos,Vargas,61,Toluca,MEX,México,carlos.vargas4707@ejemplo.com,Frecuente,2026-05-25
C04708,Diego,Ramírez,27,Cancún,QROO,México,diego.ramirez4708@ejemplo.com,Premium,2026-05-26
C04709,Gabriela,Rodríguez,45,Tijuana,BC,México,gabriela.rodriguez4709@ejemplo.com,Frecuente,2026-05-26
C04710,Laura,Gómez,24,Monterrey,NL,México,laura.gomez4710@ejemplo.com,Standard,2026-05-26
C04711,Diego,Ruiz,48,Cancún,QROO,México,diego.ruiz4711@ejemplo.com,Standard,2026-05-26
C04712,Alejandro,Hernández,23,Querétaro,QRO,México,alejandro.hernandez4712@ejemplo.com,Standard,2026-05-27
C04713,Luis,Cruz,72,Querétaro,QRO,México,luis.cruz4713@ejemplo.com,Standard,2026-05-27
C04714,Fernanda,Morales,56,Veracruz,VER,México,fernanda.morales4714@ejemplo.com,Frecuente,2026-05-27
C04715,Daniela,García,32,Ciudad de México,CDMX,México,daniela.garcia4715@ejemplo.com,Premium,2026-05-28
C04716,Jorge,Rodríguez,53,Monterrey,NL,México,jorge.rodriguez4716@ejemplo.com,Standard,2026-05-28
C04717,Jorge,Martínez,38,Veracruz,VER,México,jorge.martinez4717@ejemplo.com,Premium,2026-05-28
C04718,Miguel,García,48,Veracruz,VER,México,miguel.garcia4718@ejemplo.com,Frecuente,2026-05-29
C04719,Valeria,López,27,Puebla,PUE,México,valeria.lopez4719@ejemplo.com,Premium,2026-05-29
C04720,Sofía,Vargas,47,Veracruz,VER,México,sofia.vargas4720@ejemplo.com,Premium,2026-05-29
C04721,Héctor,Ramírez,24,Monterrey,NL,México,hector.ramirez4721@ejemplo.com,Standard,2026-05-30
C04722,Luis,Gómez,26,Ciudad de México,CDMX,México,luis.gomez4722@ejemplo.com,Premium,2026-05-30
C04723,Diego,Morales,51,Puebla,PUE,México,diego.morales4723@ejemplo.com,Premium,2026-05-30
C04724,Gabriela,Ortiz,47,Mérida,YUC,México,gabriela.ortiz4724@ejemplo.com,Premium,2026-05-31
C04725,Sofía,Morales,35,Ciudad de México,CDMX,México,sofia.morales4725@ejemplo.com,Standard,2026-05-31
C04726,Sofía,Ruiz,21,Monterrey,NL,México,sofia.ruiz4726@ejemplo.com,Premium,2026-05-31
C04727,Alejandro,Hernández,42,Toluca,MEX,México,alejandro.hernandez4727@ejemplo.com,Premium,2026-06-01
C04728,Paola,Cruz,71,Cancún,QROO,México,paola.cruz4728@ejemplo.com,Standard,2026-06-01
C04729,Gabriela,Pérez,59,Cancún,QROO,México,gabriela.perez4729@ejemplo.com,Frecuente,2026-06-02
C04730,Daniela,Sánchez,21,Veracruz,VER,México,daniela.sanchez4730@ejemplo.com,Standard,2026-06-02
C04731,Alejandro,Rodríguez,72,Monterrey,NL,México,alejandro.rodriguez4731@ejemplo.com,Premium,2026-06-02
C04732,Diego,Reyes,42,Chihuahua,CHIH,México,diego.reyes4732@ejemplo.com,Frecuente,2026-06-02
C04733,Valeria,Jiménez,51,Tijuana,BC,México,valeria.jimenez4733@ejemplo.com,Frecuente,2026-06-02
C04734,Sofía,Sánchez,18,Veracruz,VER,México,sofia.sanchez4734@ejemplo.com,Standard,2026-06-02
C04735,María,Cruz,35,Toluca,MEX,México,maria.cruz4735@ejemplo.com,Standard,2026-06-02
C04736,Ana,Ortiz,63,Monterrey,NL,México,ana.ortiz4736@ejemplo.com,Premium,2026-06-03
C04737,Ana,Pérez,37,Monterrey,NL,México,ana.perez4737@ejemplo.com,Standard,2026-06-03
C04738,José,Mendoza,27,Mérida,YUC,México,jose.mendoza4738@ejemplo.com,Standard,2026-06-03
C04739,Alejandro,Mendoza,23,Mérida,YUC,México,alejandro.mendoza4739@ejemplo.com,Premium,2026-06-04
C04740,Jorge,Mendoza,71,Monterrey,NL,México,jorge.mendoza4740@ejemplo.com,Premium,2026-06-06
C04741,Carlos,Gómez,65,Puebla,PUE,México,carlos.gomez4741@ejemplo.com,Premium,2026-06-06
C04742,José,García,20,Chihuahua,CHIH,México,jose.garcia4742@ejemplo.com,Standard,2026-06-07
C04743,Luis,Martínez,71,Toluca,MEX,México,luis.martinez4743@ejemplo.com,Premium,2026-06-07
C04744,Ana,Cruz,65,Monterrey,NL,México,ana.cruz4744@ejemplo.com,Standard,2026-06-08
C04745,Luis,Ruiz,38,León,GTO,México,luis.ruiz4745@ejemplo.com,Standard,2026-06-08
C04746,Daniela,Flores,56,Guadalajara,JAL,México,daniela.flores4746@ejemplo.com,Premium,2026-06-08
C04747,Ana,Reyes,32,Querétaro,QRO,México,ana.reyes4747@ejemplo.com,Premium,2026-06-08
C04748,Valeria,Cruz,32,Ciudad de México,CDMX,México,valeria.cruz4748@ejemplo.com,Premium,2026-06-08
C04749,Andrés,García,59,Cancún,QROO,México,andres.garcia4749@ejemplo.com,Premium,2026-06-09
C04750,Luis,Flores,29,Monterrey,NL,México,luis.flores4750@ejemplo.com,Standard,2026-06-09
C04751,Sofía,Vargas,38,Monterrey,NL,México,sofia.vargas4751@ejemplo.com,Standard,2026-06-09
C04752,Valeria,Rodríguez,38,Monterrey,NL,México,valeria.rodriguez4752@ejemplo.com,Frecuente,2026-06-09
C04753,Paola,Reyes,26,Monterrey,NL,México,paola.reyes4753@ejemplo.com,Frecuente,2026-06-09
C04754,Ana,Reyes,66,Ciudad de México,CDMX,México,ana.reyes4754@ejemplo.com,Premium,2026-06-09
C04755,Valeria,Jiménez,57,Mérida,YUC,México,valeria.jimenez4755@ejemplo.com,Standard,2026-06-09
C04756,Daniela,Jiménez,67,Chihuahua,CHIH,México,daniela.jimenez4756@ejemplo.com,Standard,2026-06-10
C04757,Carlos,Pérez,48,Puebla,PUE,México,carlos.perez4757@ejemplo.com,Standard,2026-06-11
C04758,María,Pérez,28,Toluca,MEX,México,maria.perez4758@ejemplo.com,Premium,2026-06-12
C04759,Gabriela,Pérez,34,Mérida,YUC,México,gabriela.perez4759@ejemplo.com,Premium,2026-06-13
C04760,María,Hernández,38,Puebla,PUE,México,maria.hernandez4760@ejemplo.com,Standard,2026-06-13
C04761,Valeria,Flores,72,Ciudad de México,CDMX,México,valeria.flores4761@ejemplo.com,Standard,2026-06-13
C04762,Diego,Hernández,31,Toluca,MEX,México,diego.hernandez4762@ejemplo.com,Premium,2026-06-13
C04763,Alejandro,Torres,58,Ciudad de México,CDMX,México,alejandro.torres4763@ejemplo.com,Premium,2026-06-14
C04764,Valeria,Hernández,25,Querétaro,QRO,México,valeria.hernandez4764@ejemplo.com,Standard,2026-06-15
C04765,Paola,Torres,73,Ciudad de México,CDMX,México,paola.torres4765@ejemplo.com,Standard,2026-06-15
C04766,Jorge,Mendoza,55,Toluca,MEX,México,jorge.mendoza4766@ejemplo.com,Standard,2026-06-17
C04767,María,Castillo,42,Veracruz,VER,México,maria.castillo4767@ejemplo.com,Premium,2026-06-18
C04768,Carlos,Reyes,38,Puebla,PUE,México,carlos.reyes4768@ejemplo.com,Premium,2026-06-18
C04769,Andrés,Flores,38,Puebla,PUE,México,andres.flores4769@ejemplo.com,Standard,2026-06-18
C04770,Gabriela,Rodríguez,31,Mérida,YUC,México,gabriela.rodriguez4770@ejemplo.com,Standard,2026-06-18
C04771,Diego,Castillo,52,Mérida,YUC,México,diego.castillo4771@ejemplo.com,Premium,2026-06-19
C04772,Héctor,Ortiz,68,Tijuana,BC,México,hector.ortiz4772@ejemplo.com,Standard,2026-06-19
C04773,Héctor,Pérez,31,Tijuana,BC,México,hector.perez4773@ejemplo.com,Premium,2026-06-19
C04774,Diego,Flores,61,Monterrey,NL,México,diego.flores4774@ejemplo.com,Standard,2026-06-19
C04775,Diego,Ortiz,50,Puebla,PUE,México,diego.ortiz4775@ejemplo.com,Premium,2026-06-19
C04776,Daniela,Rodríguez,62,Cancún,QROO,México,daniela.rodriguez4776@ejemplo.com,Standard,2026-06-19
C04777,Héctor,Gómez,62,León,GTO,México,hector.gomez4777@ejemplo.com,Frecuente,2026-06-20
C04778,María,Martínez,20,Toluca,MEX,México,maria.martinez4778@ejemplo.com,Premium,2026-06-20
C04779,Jorge,Gómez,19,Mérida,YUC,México,jorge.gomez4779@ejemplo.com,Premium,2026-06-20
C04780,Mariana,Castillo,71,Toluca,MEX,México,mariana.castillo4780@ejemplo.com,Premium,2026-06-20
C04781,Carlos,Mendoza,27,Cancún,QROO,México,carlos.mendoza4781@ejemplo.com,Premium,2026-06-20
C04782,Ana,García,51,Tijuana,BC,México,ana.garcia4782@ejemplo.com,Frecuente,2026-06-20
C04783,Mariana,Castillo,61,Tijuana,BC,México,mariana.castillo4783@ejemplo.com,Frecuente,2026-06-21
C04784,Sofía,Martínez,47,Mérida,YUC,México,sofia.martinez4784@ejemplo.com,Premium,2026-06-21
C04785,Fernanda,Rodríguez,18,Puebla,PUE,México,fernanda.rodriguez4785@ejemplo.com,Frecuente,2026-06-21
C04786,José,Castillo,18,Toluca,MEX,México,jose.castillo4786@ejemplo.com,Premium,2026-06-21
C04787,Luis,Castillo,56,Monterrey,NL,México,luis.castillo4787@ejemplo.com,Standard,2026-06-21
C04788,Sofía,Morales,70,Ciudad de México,CDMX,México,sofia.morales4788@ejemplo.com,Standard,2026-06-21
C04789,Daniela,Ruiz,37,Querétaro,QRO,México,daniela.ruiz4789@ejemplo.com,Premium,2026-06-22
C04790,Daniela,Ruiz,49,Ciudad de México,CDMX,México,daniela.ruiz4790@ejemplo.com,Standard,2026-06-22
C04791,Ana,Jiménez,72,Monterrey,NL,México,ana.jimenez4791@ejemplo.com,Standard,2026-06-22
C04792,Fernanda,Ruiz,65,Tijuana,BC,México,fernanda.ruiz4792@ejemplo.com,Premium,2026-06-22
C04793,Laura,Gómez,49,Ciudad de México,CDMX,México,laura.gomez4793@ejemplo.com,Frecuente,2026-06-22
C04794,Ana,Hernández,56,Monterrey,NL,México,ana.hernandez4794@ejemplo.com,Premium,2026-06-23
C04795,Mariana,Torres,73,Mérida,YUC,México,mariana.torres4795@ejemplo.com,Premium,2026-06-23
C04796,Luis,López,64,Tijuana,BC,México,luis.lopez4796@ejemplo.com,Frecuente,2026-06-23
C04797,Jorge,Torres,42,Chihuahua,CHIH,México,jorge.torres4797@ejemplo.com,Premium,2026-06-24
C04798,Gabriela,Jiménez,58,Guadalajara,JAL,México,gabriela.jimenez4798@ejemplo.com,Premium,2026-06-24
C04799,Andrés,Sánchez,37,León,GTO,México,andres.sanchez4799@ejemplo.com,Premium,2026-06-24
C04800,Paola,Ortiz,71,Cancún,QROO,México,paola.ortiz4800@ejemplo.com,Premium,2026-06-24
C04801,Andrés,Mendoza,23,Cancún,QROO,México,andres.mendoza4801@ejemplo.com,Premium,2026-06-24
C04802,Fernanda,Flores,31,León,GTO,México,fernanda.flores4802@ejemplo.com,Premium,2026-06-24
C04803,Jorge,Hernández,38,Ciudad de México,CDMX,México,jorge.hernandez4803@ejemplo.com,Standard,2026-06-25
C04804,Sofía,García,29,Toluca,MEX,México,sofia.garcia4804@ejemplo.com,Standard,2026-06-25
C04805,Gabriela,Sánchez,52,Puebla,PUE,México,gabriela.sanchez4805@ejemplo.com,Frecuente,2026-06-25
C04806,Ricardo,López,59,Cancún,QROO,México,ricardo.lopez4806@ejemplo.com,Frecuente,2026-06-26
C04807,Gabriela,Morales,69,Puebla,PUE,México,gabriela.morales4807@ejemplo.com,Premium,2026-06-26
C04808,Gabriela,Flores,47,Tijuana,BC,México,gabriela.flores4808@ejemplo.com,Frecuente,2026-06-26
C04809,Diego,Castillo,54,León,GTO,México,diego.castillo4809@ejemplo.com,Frecuente,2026-06-26
C04810,Andrés,Flores,52,Veracruz,VER,México,andres.flores4810@ejemplo.com,Frecuente,2026-06-26
C04811,Mariana,Cruz,18,Chihuahua,CHIH,México,mariana.cruz4811@ejemplo.com,Standard,2026-06-27
C04812,Valeria,Martínez,59,León,GTO,México,valeria.martinez4812@ejemplo.com,Premium,2026-06-28
C04813,Carlos,Martínez,19,Mérida,YUC,México,carlos.martinez4813@ejemplo.com,Premium,2026-06-28
C04814,Gabriela,Jiménez,49,Mérida,YUC,México,gabriela.jimenez4814@ejemplo.com,Frecuente,2026-06-29
C04815,Luis,Morales,75,Veracruz,VER,México,luis.morales4815@ejemplo.com,Standard,2026-06-30
C04816,Diego,Ramírez,63,Monterrey,NL,México,diego.ramirez4816@ejemplo.com,Frecuente,2026-06-30
C04817,Ana,Mendoza,47,Veracruz,VER,México,ana.mendoza4817@ejemplo.com,Standard,2026-07-01
C04818,Daniela,Ramírez,36,Cancún,QROO,México,daniela.ramirez4818@ejemplo.com,Premium,2026-07-01
C04819,Fernanda,Flores,66,Cancún,QROO,México,fernanda.flores4819@ejemplo.com,Premium,2026-07-01
C04820,Ana,Castillo,67,Cancún,QROO,México,ana.castillo4820@ejemplo.com,Frecuente,2026-07-02
C04821,Paola,Cruz,39,Toluca,MEX,México,paola.cruz4821@ejemplo.com,Premium,2026-07-02
C04822,Diego,Ortiz,24,León,GTO,México,diego.ortiz4822@ejemplo.com,Standard,2026-07-03
C04823,Ana,García,51,Guadalajara,JAL,México,ana.garcia4823@ejemplo.com,Frecuente,2026-07-03
C04824,Fernanda,Morales,54,Toluca,MEX,México,fernanda.morales4824@ejemplo.com,Premium,2026-07-03
C04825,Miguel,Morales,72,León,GTO,México,miguel.morales4825@ejemplo.com,Premium,2026-07-04
C04826,María,Reyes,69,Chihuahua,CHIH,México,maria.reyes4826@ejemplo.com,Standard,2026-07-04
C04827,Alejandro,Sánchez,31,Veracruz,VER,México,alejandro.sanchez4827@ejemplo.com,Frecuente,2026-07-05
C04828,Alejandro,Ramírez,32,Veracruz,VER,México,alejandro.ramirez4828@ejemplo.com,Standard,2026-07-05
C04829,Gabriela,Torres,75,Ciudad de México,CDMX,México,gabriela.torres4829@ejemplo.com,Premium,2026-07-05
C04830,Carlos,Vargas,36,Cancún,QROO,México,carlos.vargas4830@ejemplo.com,Premium,2026-07-05
C04831,Laura,Hernández,44,Veracruz,VER,México,laura.hernandez4831@ejemplo.com,Premium,2026-07-06
C04832,Héctor,Cruz,35,Veracruz,VER,México,hector.cruz4832@ejemplo.com,Premium,2026-07-06
C04833,María,Pérez,40,Mérida,YUC,México,maria.perez4833@ejemplo.com,Premium,2026-07-06
C04834,Andrés,Castillo,50,Chihuahua,CHIH,México,andres.castillo4834@ejemplo.com,Frecuente,2026-07-06
C04835,Diego,Rodríguez,34,Chihuahua,CHIH,México,diego.rodriguez4835@ejemplo.com,Premium,2026-07-07
C04836,Daniela,Ruiz,41,Ciudad de México,CDMX,México,daniela.ruiz4836@ejemplo.com,Frecuente,2026-07-07
C04837,Valeria,Morales,38,Chihuahua,CHIH,México,valeria.morales4837@ejemplo.com,Frecuente,2026-07-07
C04838,Alejandro,Gómez,24,Cancún,QROO,México,alejandro.gomez4838@ejemplo.com,Standard,2026-07-07
C04839,Diego,Castillo,63,Mérida,YUC,México,diego.castillo4839@ejemplo.com,Standard,2026-07-07
C04840,José,Reyes,69,Monterrey,NL,México,jose.reyes4840@ejemplo.com,Premium,2026-07-08
C04841,Mariana,Sánchez,46,Veracruz,VER,México,mariana.sanchez4841@ejemplo.com,Standard,2026-07-08
C04842,María,Rodríguez,29,Puebla,PUE,México,maria.rodriguez4842@ejemplo.com,Premium,2026-07-08
C04843,Daniela,Flores,55,Querétaro,QRO,México,daniela.flores4843@ejemplo.com,Premium,2026-07-09
C04844,Ricardo,Sánchez,48,Puebla,PUE,México,ricardo.sanchez4844@ejemplo.com,Standard,2026-07-09
C04845,Andrés,Rodríguez,49,Veracruz,VER,México,andres.rodriguez4845@ejemplo.com,Premium,2026-07-09
C04846,Sofía,García,52,Querétaro,QRO,México,sofia.garcia4846@ejemplo.com,Premium,2026-07-09
C04847,Valeria,Vargas,59,Guadalajara,JAL,México,valeria.vargas4847@ejemplo.com,Standard,2026-07-09
C04848,Gabriela,Gómez,20,Ciudad de México,CDMX,México,gabriela.gomez4848@ejemplo.com,Standard,2026-07-09
C04849,Daniela,Sánchez,23,Veracruz,VER,México,daniela.sanchez4849@ejemplo.com,Premium,2026-07-09
C04850,Fernanda,Morales,23,Monterrey,NL,México,fernanda.morales4850@ejemplo.com,Premium,2026-07-10
C04851,Ricardo,Gómez,26,Toluca,MEX,México,ricardo.gomez4851@ejemplo.com,Premium,2026-07-10
C04852,Carlos,Sánchez,74,Ciudad de México,CDMX,México,carlos.sanchez4852@ejemplo.com,Standard,2026-07-10
C04853,Héctor,Vargas,60,Chihuahua,CHIH,México,hector.vargas4853@ejemplo.com,Standard,2026-07-11
C04854,Ana,Jiménez,56,Cancún,QROO,México,ana.jimenez4854@ejemplo.com,Premium,2026-07-11
C04855,Daniela,Flores,58,Monterrey,NL,México,daniela.flores4855@ejemplo.com,Standard,2026-07-11
C04856,Fernanda,Sánchez,19,Chihuahua,CHIH,México,fernanda.sanchez4856@ejemplo.com,Frecuente,2026-07-11
C04857,Carlos,López,30,Puebla,PUE,México,carlos.lopez4857@ejemplo.com,Standard,2026-07-13
C04858,Andrés,Ramírez,64,Veracruz,VER,México,andres.ramirez4858@ejemplo.com,Standard,2026-07-13
C04859,María,Jiménez,44,Cancún,QROO,México,maria.jimenez4859@ejemplo.com,Standard,2026-07-13
C04860,Sofía,Mendoza,47,Querétaro,QRO,México,sofia.mendoza4860@ejemplo.com,Frecuente,2026-07-14
C04861,Luis,Mendoza,61,Ciudad de México,CDMX,México,luis.mendoza4861@ejemplo.com,Frecuente,2026-07-15
C04862,Paola,Cruz,22,Puebla,PUE,México,paola.cruz4862@ejemplo.com,Premium,2026-07-15
C04863,Gabriela,Ramírez,64,Ciudad de México,CDMX,México,gabriela.ramirez4863@ejemplo.com,Premium,2026-07-16
C04864,Jorge,Torres,57,Chihuahua,CHIH,México,jorge.torres4864@ejemplo.com,Premium,2026-07-16
C04865,Daniela,Morales,41,Guadalajara,JAL,México,daniela.morales4865@ejemplo.com,Standard,2026-07-17
C04866,Paola,Morales,46,Guadalajara,JAL,México,paola.morales4866@ejemplo.com,Premium,2026-07-17
C04867,Sofía,Torres,22,Guadalajara,JAL,México,sofia.torres4867@ejemplo.com,Frecuente,2026-07-17
C04868,Sofía,Rodríguez,29,Veracruz,VER,México,sofia.rodriguez4868@ejemplo.com,Premium,2026-07-17
C04869,Fernanda,Ruiz,32,Veracruz,VER,México,fernanda.ruiz4869@ejemplo.com,Standard,2026-07-17
C04870,Jorge,Martínez,68,León,GTO,México,jorge.martinez4870@ejemplo.com,Premium,2026-07-18
C04871,Jorge,Pérez,24,Ciudad de México,CDMX,México,jorge.perez4871@ejemplo.com,Standard,2026-07-18
C04872,Ricardo,Pérez,34,Mérida,YUC,México,ricardo.perez4872@ejemplo.com,Premium,2026-07-18
C04873,Paola,Jiménez,25,Veracruz,VER,México,paola.jimenez4873@ejemplo.com,Standard,2026-07-18
C04874,María,Reyes,34,Guadalajara,JAL,México,maria.reyes4874@ejemplo.com,Standard,2026-07-19
C04875,Gabriela,Gómez,18,Toluca,MEX,México,gabriela.gomez4875@ejemplo.com,Premium,2026-07-19
C04876,Andrés,Hernández,33,Ciudad de México,CDMX,México,andres.hernandez4876@ejemplo.com,Standard,2026-07-19
C04877,Mariana,Reyes,59,Toluca,MEX,México,mariana.reyes4877@ejemplo.com,Frecuente,2026-07-19
C04878,Jorge,Castillo,62,Mérida,YUC,México,jorge.castillo4878@ejemplo.com,Standard,2026-07-20
C04879,Luis,Pérez,40,Chihuahua,CHIH,México,luis.perez4879@ejemplo.com,Standard,2026-07-20
C04880,Ricardo,Mendoza,58,Tijuana,BC,México,ricardo.mendoza4880@ejemplo.com,Standard,2026-07-21
C04881,María,Hernández,53,Toluca,MEX,México,maria.hernandez4881@ejemplo.com,Frecuente,2026-07-21
C04882,Gabriela,Ruiz,70,Chihuahua,CHIH,México,gabriela.ruiz4882@ejemplo.com,Standard,2026-07-21
C04883,María,Morales,64,Puebla,PUE,México,maria.morales4883@ejemplo.com,Frecuente,2026-07-22
C04884,Laura,Cruz,31,Cancún,QROO,México,laura.cruz4884@ejemplo.com,Standard,2026-07-23
C04885,Ana,Ruiz,52,Querétaro,QRO,México,ana.ruiz4885@ejemplo.com,Premium,2026-07-23
C04886,Valeria,Morales,63,Querétaro,QRO,México,valeria.morales4886@ejemplo.com,Premium,2026-07-23
C04887,Jorge,Morales,35,Toluca,MEX,México,jorge.morales4887@ejemplo.com,Standard,2026-07-23
C04888,Mariana,Sánchez,51,Monterrey,NL,México,mariana.sanchez4888@ejemplo.com,Standard,2026-07-24
C04889,Alejandro,Morales,41,Guadalajara,JAL,México,alejandro.morales4889@ejemplo.com,Standard,2026-07-24
C04890,Luis,Martínez,35,Querétaro,QRO,México,luis.martinez4890@ejemplo.com,Frecuente,2026-07-24
C04891,Valeria,Morales,29,Toluca,MEX,México,valeria.morales4891@ejemplo.com,Standard,2026-07-25
C04892,Héctor,Vargas,20,Guadalajara,JAL,México,hector.vargas4892@ejemplo.com,Premium,2026-07-25
C04893,Miguel,Ortiz,61,Tijuana,BC,México,miguel.ortiz4893@ejemplo.com,Standard,2026-07-25
C04894,Valeria,Torres,65,León,GTO,México,valeria.torres4894@ejemplo.com,Premium,2026-07-25
C04895,Fernanda,Hernández,55,Querétaro,QRO,México,fernanda.hernandez4895@ejemplo.com,Standard,2026-07-25
C04896,Paola,Hernández,31,Cancún,QROO,México,paola.hernandez4896@ejemplo.com,Frecuente,2026-07-26
C04897,Héctor,Ramírez,19,Mérida,YUC,México,hector.ramirez4897@ejemplo.com,Premium,2026-07-26
C04898,Daniela,Gómez,54,Toluca,MEX,México,daniela.gomez4898@ejemplo.com,Frecuente,2026-07-27
C04899,Daniela,López,29,Chihuahua,CHIH,México,daniela.lopez4899@ejemplo.com,Standard,2026-07-28
C04900,Daniela,Gómez,49,Querétaro,QRO,México,daniela.gomez4900@ejemplo.com,Premium,2026-07-28
C04901,Valeria,Flores,74,Querétaro,QRO,México,valeria.flores4901@ejemplo.com,Frecuente,2026-07-28
C04902,Ana,Castillo,18,Puebla,PUE,México,ana.castillo4902@ejemplo.com,Standard,2026-07-29
C04903,Sofía,Torres,51,Querétaro,QRO,México,sofia.torres4903@ejemplo.com,Standard,2026-07-29
C04904,Andrés,López,75,Chihuahua,CHIH,México,andres.lopez4904@ejemplo.com,Premium,2026-07-30
C04905,Jorge,García,37,Mérida,YUC,México,jorge.garcia4905@ejemplo.com,Premium,2026-07-30
C04906,Ana,Pérez,65,León,GTO,México,ana.perez4906@ejemplo.com,Standard,2026-07-30
C04907,Gabriela,Rodríguez,66,Querétaro,QRO,México,gabriela.rodriguez4907@ejemplo.com,Premium,2026-07-31
C04908,Mariana,Torres,46,León,GTO,México,mariana.torres4908@ejemplo.com,Premium,2026-07-31
C04909,Jorge,Morales,35,León,GTO,México,jorge.morales4909@ejemplo.com,Frecuente,2026-08-01
C04910,Ana,Jiménez,57,Mérida,YUC,México,ana.jimenez4910@ejemplo.com,Standard,2026-08-01
C04911,Alejandro,García,53,Veracruz,VER,México,alejandro.garcia4911@ejemplo.com,Standard,2026-08-01
C04912,Ana,Flores,45,Chihuahua,CHIH,México,ana.flores4912@ejemplo.com,Frecuente,2026-08-01
C04913,José,Flores,29,Guadalajara,JAL,México,jose.flores4913@ejemplo.com,Premium,2026-08-01
C04914,Gabriela,Morales,61,Monterrey,NL,México,gabriela.morales4914@ejemplo.com,Premium,2026-08-01
C04915,Luis,Torres,30,Veracruz,VER,México,luis.torres4915@ejemplo.com,Standard,2026-08-01
C04916,Ana,Cruz,25,Tijuana,BC,México,ana.cruz4916@ejemplo.com,Premium,2026-08-01
C04917,Laura,Ruiz,21,Puebla,PUE,México,laura.ruiz4917@ejemplo.com,Premium,2026-08-02
C04918,María,Rodríguez,43,Toluca,MEX,México,maria.rodriguez4918@ejemplo.com,Standard,2026-08-02
C04919,Daniela,Hernández,24,Cancún,QROO,México,daniela.hernandez4919@ejemplo.com,Premium,2026-08-02
C04920,Andrés,Vargas,37,Guadalajara,JAL,México,andres.vargas4920@ejemplo.com,Standard,2026-08-03
C04921,Ana,Flores,32,Guadalajara,JAL,México,ana.flores4921@ejemplo.com,Standard,2026-08-03
C04922,Ricardo,Gómez,44,Toluca,MEX,México,ricardo.gomez4922@ejemplo.com,Standard,2026-08-03
C04923,Andrés,Sánchez,63,Toluca,MEX,México,andres.sanchez4923@ejemplo.com,Premium,2026-08-03
C04924,Ricardo,Ramírez,44,Tijuana,BC,México,ricardo.ramirez4924@ejemplo.com,Premium,2026-08-03
C04925,Laura,Morales,50,Chihuahua,CHIH,México,laura.morales4925@ejemplo.com,Frecuente,2026-08-04
C04926,Fernanda,Martínez,26,Guadalajara,JAL,México,fernanda.martinez4926@ejemplo.com,Frecuente,2026-08-04
C04927,Valeria,Ramírez,24,Chihuahua,CHIH,México,valeria.ramirez4927@ejemplo.com,Standard,2026-08-04
C04928,Ana,Mendoza,74,Ciudad de México,CDMX,México,ana.mendoza4928@ejemplo.com,Premium,2026-08-05
C04929,Ana,Ramírez,53,Cancún,QROO,México,ana.ramirez4929@ejemplo.com,Standard,2026-08-05
C04930,Ana,Jiménez,18,Chihuahua,CHIH,México,ana.jimenez4930@ejemplo.com,Premium,2026-08-05
C04931,Carlos,Hernández,50,Cancún,QROO,México,carlos.hernandez4931@ejemplo.com,Premium,2026-08-05
C04932,Miguel,Martínez,18,Toluca,MEX,México,miguel.martinez4932@ejemplo.com,Premium,2026-08-05
C04933,Miguel,Vargas,22,Tijuana,BC,México,miguel.vargas4933@ejemplo.com,Premium,2026-08-06
C04934,María,Castillo,39,Puebla,PUE,México,maria.castillo4934@ejemplo.com,Premium,2026-08-06
C04935,Miguel,Martínez,56,Puebla,PUE,México,miguel.martinez4935@ejemplo.com,Premium,2026-08-07
C04936,Carlos,Sánchez,53,Guadalajara,JAL,México,carlos.sanchez4936@ejemplo.com,Frecuente,2026-08-07
C04937,Valeria,Mendoza,63,Puebla,PUE,México,valeria.mendoza4937@ejemplo.com,Standard,2026-08-07
C04938,Miguel,Ortiz,28,Monterrey,NL,México,miguel.ortiz4938@ejemplo.com,Premium,2026-08-07
C04939,Jorge,García,29,Toluca,MEX,México,jorge.garcia4939@ejemplo.com,Premium,2026-08-07
C04940,Jorge,Ramírez,48,Monterrey,NL,México,jorge.ramirez4940@ejemplo.com,Frecuente,2026-08-08
C04941,Valeria,López,68,Guadalajara,JAL,México,valeria.lopez4941@ejemplo.com,Premium,2026-08-08
C04942,Jorge,Sánchez,59,León,GTO,México,jorge.sanchez4942@ejemplo.com,Premium,2026-08-09
C04943,Héctor,Jiménez,56,Mérida,YUC,México,hector.jimenez4943@ejemplo.com,Standard,2026-08-09
C04944,Laura,Cruz,23,Monterrey,NL,México,laura.cruz4944@ejemplo.com,Standard,2026-08-09
C04945,Ricardo,Hernández,68,León,GTO,México,ricardo.hernandez4945@ejemplo.com,Standard,2026-08-10
C04946,Carlos,Hernández,75,Monterrey,NL,México,carlos.hernandez4946@ejemplo.com,Premium,2026-08-10
C04947,Daniela,Cruz,51,Toluca,MEX,México,daniela.cruz4947@ejemplo.com,Premium,2026-08-10
C04948,Gabriela,Gómez,37,Ciudad de México,CDMX,México,gabriela.gomez4948@ejemplo.com,Premium,2026-08-11
C04949,Alejandro,Hernández,56,Cancún,QROO,México,alejandro.hernandez4949@ejemplo.com,Standard,2026-08-11
C04950,Valeria,Hernández,55,Cancún,QROO,México,valeria.hernandez4950@ejemplo.com,Premium,2026-08-11
C04951,José,Pérez,71,Tijuana,BC,México,jose.perez4951@ejemplo.com,Premium,2026-08-11
C04952,José,Flores,24,León,GTO,México,jose.flores4952@ejemplo.com,Premium,2026-08-11
C04953,Laura,Martínez,47,Tijuana,BC,México,laura.martinez4953@ejemplo.com,Frecuente,2026-08-12
C04954,Fernanda,Gómez,59,Cancún,QROO,México,fernanda.gomez4954@ejemplo.com,Premium,2026-08-12
C04955,Luis,Pérez,38,Monterrey,NL,México,luis.perez4955@ejemplo.com,Premium,2026-08-13
C04956,Ana,García,66,Mérida,YUC,México,ana.garcia4956@ejemplo.com,Frecuente,2026-08-13
C04957,Paola,Hernández,21,Toluca,MEX,México,paola.hernandez4957@ejemplo.com,Standard,2026-08-13
C04958,Héctor,Pérez,24,Veracruz,VER,México,hector.perez4958@ejemplo.com,Standard,2026-08-14
C04959,Carlos,Hernández,63,Tijuana,BC,México,carlos.hernandez4959@ejemplo.com,Standard,2026-08-14
C04960,Alejandro,Mendoza,25,Querétaro,QRO,México,alejandro.mendoza4960@ejemplo.com,Premium,2026-08-14
C04961,Diego,Flores,42,Querétaro,QRO,México,diego.flores4961@ejemplo.com,Standard,2026-08-14
C04962,Alejandro,Flores,34,Chihuahua,CHIH,México,alejandro.flores4962@ejemplo.com,Premium,2026-08-15
C04963,Paola,García,57,Veracruz,VER,México,paola.garcia4963@ejemplo.com,Frecuente,2026-08-15
C04964,Ana,Mendoza,18,Cancún,QROO,México,ana.mendoza4964@ejemplo.com,Premium,2026-08-15
C04965,Daniela,Martínez,38,Toluca,MEX,México,daniela.martinez4965@ejemplo.com,Standard,2026-08-16
C04966,Carlos,Ramírez,75,Guadalajara,JAL,México,carlos.ramirez4966@ejemplo.com,Standard,2026-08-16
C04967,Paola,Sánchez,39,Toluca,MEX,México,paola.sanchez4967@ejemplo.com,Premium,2026-08-16
C04968,Ricardo,Ortiz,52,Toluca,MEX,México,ricardo.ortiz4968@ejemplo.com,Premium,2026-08-16
C04969,Ana,Hernández,75,León,GTO,México,ana.hernandez4969@ejemplo.com,Standard,2026-08-17
C04970,Carlos,García,53,Cancún,QROO,México,carlos.garcia4970@ejemplo.com,Premium,2026-08-17
C04971,Ricardo,Reyes,61,Chihuahua,CHIH,México,ricardo.reyes4971@ejemplo.com,Frecuente,2026-08-18
C04972,Carlos,Ortiz,73,Cancún,QROO,México,carlos.ortiz4972@ejemplo.com,Premium,2026-08-18
C04973,Jorge,Hernández,53,Chihuahua,CHIH,México,jorge.hernandez4973@ejemplo.com,Standard,2026-08-18
C04974,Jorge,García,66,Monterrey,NL,México,jorge.garcia4974@ejemplo.com,Standard,2026-08-18
C04975,Valeria,Cruz,47,Cancún,QROO,México,valeria.cruz4975@ejemplo.com,Standard,2026-08-19
C04976,Ricardo,Martínez,65,Querétaro,QRO,México,ricardo.martinez4976@ejemplo.com,Standard,2026-08-19
C04977,Ana,Gómez,55,Chihuahua,CHIH,México,ana.gomez4977@ejemplo.com,Standard,2026-08-19
C04978,Alejandro,Sánchez,37,Chihuahua,CHIH,México,alejandro.sanchez4978@ejemplo.com,Standard,2026-08-19
C04979,Sofía,Rodríguez,50,Chihuahua,CHIH,México,sofia.rodriguez4979@ejemplo.com,Standard,2026-08-20
C04980,Diego,Martínez,37,Monterrey,NL,México,diego.martinez4980@ejemplo.com,Standard,2026-08-20
C04981,Fernanda,Sánchez,41,Querétaro,QRO,México,fernanda.sanchez4981@ejemplo.com,Premium,2026-08-21
C04982,Miguel,Mendoza,34,Ciudad de México,CDMX,México,miguel.mendoza4982@ejemplo.com,Premium,2026-08-21
C04983,Carlos,Pérez,46,Veracruz,VER,México,carlos.perez4983@ejemplo.com,Premium,2026-08-22
C04984,Gabriela,Jiménez,38,Puebla,PUE,México,gabriela.jimenez4984@ejemplo.com,Standard,2026-08-22
C04985,Sofía,García,54,Cancún,QROO,México,sofia.garcia4985@ejemplo.com,Frecuente,2026-08-22
C04986,Andrés,Ortiz,39,Querétaro,QRO,México,andres.ortiz4986@ejemplo.com,Premium,2026-08-22
C04987,Fernanda,Reyes,46,Chihuahua,CHIH,México,fernanda.reyes4987@ejemplo.com,Standard,2026-08-23
C04988,María,Rodríguez,26,Toluca,MEX,México,maria.rodriguez4988@ejemplo.com,Premium,2026-08-23
C04989,Daniela,Martínez,40,Toluca,MEX,México,daniela.martinez4989@ejemplo.com,Standard,2026-08-24
C04990,Valeria,Ruiz,38,Cancún,QROO,México,valeria.ruiz4990@ejemplo.com,Standard,2026-08-24
C04991,Carlos,Vargas,73,Guadalajara,JAL,México,carlos.vargas4991@ejemplo.com,Standard,2026-08-24
C04992,Ana,Morales,43,Veracruz,VER,México,ana.morales4992@ejemplo.com,Standard,2026-08-25
C04993,Alejandro,Mendoza,19,Ciudad de México,CDMX,México,alejandro.mendoza4993@ejemplo.com,Standard,2026-08-25
C04994,Ricardo,López,35,Querétaro,QRO,México,ricardo.lopez4994@ejemplo.com,Premium,2026-08-25
C04995,Mariana,Morales,60,Tijuana,BC,México,mariana.morales4995@ejemplo.com,Standard,2026-08-26
C04996,Fernanda,Flores,27,Tijuana,BC,México,fernanda.flores4996@ejemplo.com,Premium,2026-08-26
C04997,Mariana,Flores,27,Veracruz,VER,México,mariana.flores4997@ejemplo.com,Frecuente,2026-08-26
C04998,María,Vargas,39,Monterrey,NL,México,maria.vargas4998@ejemplo.com,Standard,2026-08-26
C04999,Valeria,Gómez,38,Mérida,YUC,México,valeria.gomez4999@ejemplo.com,Premium,2026-08-27
C05000,Jorge,Martínez,45,Monterrey,NL,México,jorge.martinez5000@ejemplo.com,Premium,2026-08-27
C01502,Mariana,Martínez,40,Puebla,PUE,México,mariana.martinez1502@ejemplo.com,Standard,2023-05-23
