id_pago,id_reserva,id_cliente,fecha_pago,monto_pago,moneda,metodo_pago,tipo_pago,estado_pago,referencia_pago
P0000001,R000001,C01612,2025-01-01,4595.07,MXN,PayPal,Anticipo,Aprobado,PAY-51739661
P0000002,R000004,C03003,2025-01-01,12887.3,MXN,Efectivo,Pago total,Aprobado,PAY-88644185
P0000003,R000005,C02593,2025-01-01,11470.34,MXN,Efectivo,Anticipo,Reembolsado,PAY-83981576
P0000004,R000007,C01186,2025-01-01,15449.75,MXN,Tarjeta de crédito,Pago total,Aprobado,PAY-29705160
P0000005,R000010,C02705,2025-01-01,22853.19,MXN,Tarjeta de débito,Anticipo,Reembolsado,PAY-26503759
P0000006,R000012,C01095,2025-01-01,5048.22,MXN,Transferencia,Anticipo,Aprobado,PAY-63168767
P0000007,R000014,C00723,2025-01-01,21159.68,MXN,Tarjeta de crédito,Pago total,Aprobado,PAY-47488692
P0000008,R000015,C03130,2025-01-01,2377.77,MXN,Efectivo,Anticipo,Aprobado,PAY-52620131
P0000009,R000019,C01989,2025-01-01,2172.08,MXN,Efectivo,Anticipo,Aprobado,PAY-61668189
P0000010,R000021,C01281,2025-01-01,79200.58,MXN,Tarjeta de débito,Pago total,Aprobado,PAY-50925810
P0000011,R000022,C00216,2025-01-01,68242.52,MXN,Efectivo,Pago total,Aprobado,PAY-20589241
P0000012,R000024,C02636,2025-01-01,6560.85,MXN,Tarjeta de crédito,Anticipo,Aprobado,PAY-98642960
P0000013,R000028,C01789,2025-01-01,13614.31,MXN,Transferencia,Anticipo,Aprobado,PAY-39744739
P0000014,R000029,C01099,2025-01-01,6198.76,MXN,Efectivo,Anticipo,Aprobado,PAY-46529565
P0000015,R000032,C03064,2025-01-01,6389.02,MXN,PayPal,Anticipo,Aprobado,PAY-56865030
P0000016,R000033,C00538,2025-01-01,11047.74,MXN,Efectivo,Anticipo,Aprobado,PAY-14389444
P0000017,R000034,C00682,2025-01-01,56463.8,MXN,Tarjeta de débito,Pago total,Aprobado,PAY-88114767
P0000018,R000035,C02638,2025-01-01,25105.31,MXN,Transferencia,Pago total,Aprobado,PAY-95588016
P0000019,R000036,C01680,2025-01-01,14940.63,MXN,Tarjeta de débito,Anticipo,Aprobado,PAY-84564059
P0000020,R000039,C01764,2025-01-01,10517.38,MXN,PayPal,Pago total,Aprobado,PAY-41551364
P0000021,R000041,C01145,2025-01-01,27068.25,MXN,Tarjeta de crédito,Pago total,Aprobado,PAY-11187805
P0000022,R000042,C02420,2025-01-01,3255.48,MXN,PayPal,Pago total,Aprobado,PAY-40268963
P0000023,R000044,C01174,2025-01-01,9341.54,MXN,Tarjeta de crédito,Anticipo,Aprobado,PAY-61780556
P0000024,R000045,C01935,2025-01-01,39279.97,MXN,PayPal,Pago total,Aprobado,PAY-63496510
P0000025,R000046,C01592,2025-01-01,16879.99,MXN,Tarjeta de crédito,Anticipo,Aprobado,PAY-86303998
P0000026,R000047,C02070,2025-01-01,11980.45,MXN,Transferencia,Anticipo,Aprobado,PAY-69883357
P0000027,R000049,C02339,2025-01-01,13344.28,MXN,Efectivo,Anticipo,Reembolsado,PAY-97481432
P0000028,R000050,C00880,2025-01-01,4811.77,MXN,Tarjeta de débito,Anticipo,Aprobado,PAY-90196064
P0000029,R000053,C01842,2025-01-01,4387.54,MXN,Tarjeta de crédito,Anticipo,Aprobado,PAY-98284283
P0000030,R000054,C01160,2025-01-01,11067.46,MXN,PayPal,Pago total,Aprobado,PAY-70685182
P0000031,R000057,C02189,2025-01-01,38813.41,MXN,Tarjeta de crédito,Pago total,Aprobado,PAY-67333693
P0000032,R000058,C00967,2025-01-01,17817.21,MXN,PayPal,Anticipo,Aprobado,PAY-91792417
P0000033,R000059,C01779,2025-01-01,17175.15,MXN,Efectivo,Anticipo,Aprobado,PAY-21313201
P0000034,R000060,C03155,2025-01-01,29813.28,MXN,Tarjeta de débito,Pago total,Aprobado,PAY-28838806
P0000035,R000061,C00409,2025-01-01,36376.37,MXN,PayPal,Anticipo,Aprobado,PAY-50697797
P0000036,R000063,C02293,2025-01-01,6868.46,MXN,PayPal,Anticipo,Aprobado,PAY-25407121
P0000037,R000067,C01330,2025-01-01,7285.52,MXN,Tarjeta de débito,Anticipo,Aprobado,PAY-37060440
P0000038,R000069,C01792,2025-01-01,6145.32,MXN,Efectivo,Anticipo,Aprobado,PAY-92220837
P0000039,R000070,C00705,2025-01-01,3182.1,MXN,Efectivo,Anticipo,Aprobado,PAY-86936884
P0000040,R000072,C02143,2025-01-01,10389.08,MXN,Transferencia,Anticipo,Aprobado,PAY-96422438
P0000041,R000074,C00949,2025-01-01,21636.0,MXN,Efectivo,Pago total,Aprobado,PAY-62144791
P0000042,R000076,C01260,2025-01-01,8504.97,MXN,Transferencia,Anticipo,Aprobado,PAY-17797890
P0000043,R000079,C00316,2025-01-01,3365.85,MXN,PayPal,Anticipo,Aprobado,PAY-10428184
P0000044,R000080,C00369,2025-01-01,19121.04,MXN,Tarjeta de débito,Anticipo,Aprobado,PAY-89003939
P0000045,R000081,C00909,2025-01-01,9233.44,MXN,Tarjeta de crédito,Anticipo,Aprobado,PAY-99491092
P0000046,R000082,C02344,2025-01-01,13399.99,MXN,Tarjeta de débito,Anticipo,Aprobado,PAY-47594213
P0000047,R000084,C03140,2025-01-01,16609.01,MXN,Tarjeta de débito,Anticipo,Aprobado,PAY-13737747
P0000048,R000085,C01871,2025-01-01,10881.55,MXN,Tarjeta de débito,Anticipo,Aprobado,PAY-96620819
P0000049,R000086,C02042,2025-01-01,1073.09,MXN,Tarjeta de débito,Anticipo,Aprobado,PAY-78884739
P0000050,R000089,C01030,2025-01-01,14778.63,MXN,Tarjeta de débito,Anticipo,Aprobado,PAY-41289478
P0000051,R000090,C02181,2025-01-01,3417.32,MXN,Tarjeta de débito,Anticipo,Aprobado,PAY-89071203
P0000052,R000092,C01850,2025-01-01,17465.7,MXN,PayPal,Pago total,Aprobado,PAY-63101738
P0000053,R000003,C01925,2025-01-02,40952.02,MXN,Tarjeta de débito,Pago total,Aprobado,PAY-57146566
P0000054,R000013,C01873,2025-01-02,12181.52,MXN,PayPal,Pago total,Aprobado,PAY-75401825
P0000055,R000017,C02323,2025-01-02,52234.9,MXN,Efectivo,Pago total,Aprobado,PAY-85059673
P0000056,R000025,C01215,2025-01-02,76397.74,MXN,Transferencia,Pago total,Aprobado,PAY-26391936
P0000057,R000037,C01145,2025-01-02,72837.69,MXN,Tarjeta de débito,Pago total,Aprobado,PAY-45468756
P0000058,R000038,C00001,2025-01-02,33966.86,MXN,Tarjeta de débito,Pago total,Aprobado,PAY-91527673
P0000059,R000048,C00502,2025-01-02,14428.03,MXN,Transferencia,Pago total,Aprobado,PAY-25415798
P0000060,R000071,C02177,2025-01-02,58708.29,MXN,PayPal,Pago total,Aprobado,PAY-99578644
P0000061,R000073,C01664,2025-01-02,47713.14,MXN,Tarjeta de crédito,Pago total,Aprobado,PAY-86449640
P0000062,R000077,C01422,2025-01-02,5560.6,MXN,Transferencia,Pago total,Aprobado,PAY-50687072
P0000063,R000016,C00122,2025-01-03,95026.4,MXN,Tarjeta de débito,Pago total,Aprobado,PAY-57999969
P0000064,R000020,C02593,2025-01-03,17358.44,MXN,PayPal,Pago total,Aprobado,PAY-93840289
P0000065,R000030,C02100,2025-01-03,27776.64,MXN,Tarjeta de débito,Pago total,Aprobado,PAY-92987707
P0000066,R000031,C01233,2025-01-03,16988.72,MXN,Transferencia,Pago total,Aprobado,PAY-47463869
P0000067,R000040,C00309,2025-01-03,11623.81,MXN,Tarjeta de crédito,Pago total,Aprobado,PAY-32381144
P0000068,R000051,C01398,2025-01-03,16149.17,MXN,PayPal,Pago total,Aprobado,PAY-57352416
P0000069,R000056,C02671,2025-01-03,27537.19,MXN,PayPal,Pago total,Aprobado,PAY-83783306
P0000070,R000062,C01805,2025-01-03,35920.12,MXN,PayPal,Pago total,Aprobado,PAY-45268989
P0000071,R000064,C01986,2025-01-03,23763.4,MXN,Tarjeta de débito,Pago total,Aprobado,PAY-72419547
P0000072,R000065,C00174,2025-01-03,21434.4,MXN,Efectivo,Pago total,Aprobado,PAY-77200718
P0000073,R000066,C00632,2025-01-03,55108.8,MXN,Efectivo,Pago total,Aprobado,PAY-10602715
P0000074,R000095,C01431,2025-01-03,15997.74,MXN,Tarjeta de crédito,Pago total,Aprobado,PAY-76926235
P0000075,R000002,C00001,2025-01-04,26216.72,MXN,Transferencia,Pago total,Aprobado,PAY-29637200
P0000076,R000008,C01685,2025-01-04,21386.41,MXN,PayPal,Pago total,Aprobado,PAY-53982186
P0000077,R000009,C02954,2025-01-04,22972.4,MXN,Transferencia,Pago total,Aprobado,PAY-65310333
P0000078,R000011,C00558,2025-01-04,30723.84,MXN,Transferencia,Pago total,Aprobado,PAY-84240069
P0000079,R000026,C00609,2025-01-04,39596.06,MXN,PayPal,Pago total,Aprobado,PAY-30715883
P0000080,R000027,C03204,2025-01-04,19686.11,MXN,Efectivo,Pago total,Aprobado,PAY-21654743
P0000081,R000052,C01222,2025-01-04,50450.98,MXN,PayPal,Pago total,Aprobado,PAY-44447035
P0000082,R000055,C00272,2025-01-04,14556.32,MXN,PayPal,Pago total,Aprobado,PAY-27142627
P0000083,R000078,C01840,2025-01-04,97128.53,MXN,Transferencia,Pago total,Aprobado,PAY-77937192
P0000084,R000083,C00135,2025-01-04,32997.22,MXN,Tarjeta de débito,Pago total,Aprobado,PAY-27189316
P0000085,R000087,C01104,2025-01-04,15674.45,MXN,PayPal,Pago total,Aprobado,PAY-39733216
P0000086,R000091,C01616,2025-01-04,36045.6,MXN,Efectivo,Pago total,Aprobado,PAY-95083318
P0000087,R000096,C00051,2025-01-04,6419.53,MXN,PayPal,Anticipo,Aprobado,PAY-14703994
P0000088,R000001,C01612,2025-01-05,9031.33,MXN,Tarjeta de débito,Liquidación,Aprobado,PAY-26882723
P0000089,R000094,C00926,2025-01-05,10942.76,MXN,Transferencia,Pago total,Aprobado,PAY-57911311
P0000090,R000097,C00239,2025-01-05,22237.94,MXN,PayPal,Pago total,Aprobado,PAY-48096531
P0000091,R000093,C02151,2025-01-06,5164.45,MXN,Tarjeta de débito,Pago total,Aprobado,PAY-78494035
P0000092,R000098,C02448,2025-01-06,67400.3,MXN,Tarjeta de débito,Pago total,Aprobado,PAY-65152430
P0000093,R000099,C01881,2025-01-06,8773.89,MXN,Tarjeta de débito,Anticipo,Aprobado,PAY-41798060
P0000094,R000019,C01989,2025-01-07,2925.81,MXN,Efectivo,Liquidación,Aprobado,PAY-90872548
P0000095,R000100,C00180,2025-01-07,58723.94,MXN,PayPal,Pago total,Aprobado,PAY-20855982
P0000096,R000101,C00894,2025-01-07,10550.29,MXN,Efectivo,Anticipo,Reembolsado,PAY-17465086
P0000097,R000012,C01095,2025-01-08,10345.08,MXN,Tarjeta de crédito,Liquidación,Aprobado,PAY-13751810
P0000098,R000104,C00067,2025-01-08,5433.33,MXN,Tarjeta de crédito,Anticipo,Aprobado,PAY-55491231
P0000099,R000102,C00266,2025-01-09,77116.68,MXN,Transferencia,Pago total,Aprobado,PAY-53434950
P0000100,R000103,C03090,2025-01-10,80938.14,MXN,PayPal,Pago total,Aprobado,PAY-41359665
P0000101,R000105,C01509,2025-01-10,79709.11,MXN,Efectivo,Pago total,Aprobado,PAY-96789937
P0000102,R000108,C01197,2025-01-11,9541.28,MXN,Tarjeta de crédito,Anticipo,Aprobado,PAY-22781106
P0000103,R000110,C00635,2025-01-12,5436.51,MXN,Efectivo,Anticipo,Aprobado,PAY-13479367
P0000104,R000111,C01336,2025-01-12,16018.59,MXN,Efectivo,Anticipo,Reembolsado,PAY-37655858
P0000105,R000113,C02304,2025-01-12,9679.37,MXN,Tarjeta de débito,Anticipo,Aprobado,PAY-63986171
P0000106,R000114,C00473,2025-01-12,8035.24,MXN,PayPal,Anticipo,Reembolsado,PAY-70049713
P0000107,R000028,C01789,2025-01-13,23241.76,MXN,Efectivo,Liquidación,Aprobado,PAY-96116922
P0000108,R000109,C01955,2025-01-13,25145.96,MXN,Transferencia,Pago total,Aprobado,PAY-69427160
P0000109,R000112,C02536,2025-01-13,21638.52,MXN,Tarjeta de crédito,Pago total,Aprobado,PAY-61306508
P0000110,R000115,C01454,2025-01-13,39412.01,MXN,Transferencia,Pago total,Aprobado,PAY-54366535
P0000111,R000116,C00999,2025-01-13,13132.46,MXN,Tarjeta de crédito,Pago total,Aprobado,PAY-97913220
P0000112,R000117,C01808,2025-01-13,38663.42,MXN,Efectivo,Pago total,Aprobado,PAY-16883475
P0000113,R000119,C00441,2025-01-13,19744.82,MXN,Transferencia,Anticipo,Aprobado,PAY-92396191
P0000114,R000120,C02865,2025-01-14,19391.24,MXN,Efectivo,Pago total,Aprobado,PAY-74557359
P0000115,R000015,C03130,2025-01-15,5330.42,MXN,Transferencia,Liquidación,Aprobado,PAY-64897359
P0000116,R000118,C00736,2025-01-15,5116.5,MXN,Tarjeta de débito,Pago total,Aprobado,PAY-88198725
P0000117,R000121,C01913,2025-01-15,4830.73,MXN,PayPal,Anticipo,Aprobado,PAY-83376203
P0000118,R000125,C02012,2025-01-16,47176.87,MXN,Transferencia,Pago total,Aprobado,PAY-24977981
P0000119,R000024,C02636,2025-01-17,13726.95,MXN,Efectivo,Liquidación,Aprobado,PAY-72943462
P0000120,R000124,C01036,2025-01-17,42916.28,MXN,Tarjeta de débito,Pago total,Aprobado,PAY-69830260
P0000121,R000127,C01332,2025-01-17,43337.73,MXN,Tarjeta de débito,Anticipo,Aprobado,PAY-52250637
P0000122,R000130,C00868,2025-01-18,8385.68,MXN,Transferencia,Anticipo,Aprobado,PAY-78455617
P0000123,R000033,C00538,2025-01-19,24734.02,MXN,PayPal,Liquidación,Aprobado,PAY-97786997
P0000124,R000122,C01075,2025-01-19,46266.69,MXN,Tarjeta de crédito,Pago total,Aprobado,PAY-41015651
P0000125,R000126,C00401,2025-01-19,13851.43,MXN,Tarjeta de débito,Pago total,Aprobado,PAY-18242797
P0000126,R000134,C00655,2025-01-20,1470.71,MXN,Transferencia,Anticipo,Aprobado,PAY-77160383
P0000127,R000135,C03148,2025-01-20,13834.31,MXN,Transferencia,Pago total,Aprobado,PAY-12167944
P0000128,R000128,C01602,2025-01-21,27280.62,MXN,Efectivo,Pago total,Aprobado,PAY-69457468
P0000129,R000129,C03140,2025-01-21,57299.15,MXN,Tarjeta de débito,Pago total,Aprobado,PAY-24989974
P0000130,R000133,C03141,2025-01-21,17774.22,MXN,PayPal,Pago total,Aprobado,PAY-14743436
P0000131,R000136,C02870,2025-01-21,12138.91,MXN,Efectivo,Pago total,Aprobado,PAY-34436929
P0000132,R000132,C01348,2025-01-22,46193.79,MXN,PayPal,Pago total,Aprobado,PAY-72174354
P0000133,R000137,C02010,2025-01-22,18180.76,MXN,Tarjeta de crédito,Anticipo,Reembolsado,PAY-96855421
P0000134,R000032,C03064,2025-01-23,10138.55,MXN,Tarjeta de débito,Liquidación,Aprobado,PAY-53435462
P0000135,R000044,C01174,2025-01-23,11472.83,MXN,Transferencia,Liquidación,Aprobado,PAY-55492639
P0000136,R000029,C01099,2025-01-24,7737.34,MXN,Tarjeta de débito,Liquidación,Aprobado,PAY-86289190
P0000137,R000138,C00393,2025-01-24,8283.87,MXN,Efectivo,Anticipo,Reembolsado,PAY-98276211
P0000138,R000139,C01979,2025-01-24,46647.07,MXN,Efectivo,Pago total,Aprobado,PAY-10723921
P0000139,R000036,C01680,2025-01-25,25052.17,MXN,Tarjeta de crédito,Liquidación,Aprobado,PAY-10389004
P0000140,R000046,C01592,2025-01-25,30280.77,MXN,PayPal,Liquidación,Aprobado,PAY-77475916
P0000141,R000140,C02402,2025-01-25,5372.33,MXN,Tarjeta de crédito,Anticipo,Aprobado,PAY-69491298
P0000142,R000140,C02402,2025-01-26,6042.31,MXN,PayPal,Liquidación,Aprobado,PAY-12488839
P0000143,R000141,C03221,2025-01-27,17157.52,MXN,Tarjeta de crédito,Pago total,Aprobado,PAY-25906122
P0000144,R000142,C00056,2025-01-27,4171.22,MXN,Transferencia,Anticipo,Reembolsado,PAY-84284625
P0000145,R000144,C00078,2025-01-28,6249.39,MXN,PayPal,Anticipo,Aprobado,PAY-54170039
P0000146,R000047,C02070,2025-01-29,23275.36,MXN,Tarjeta de crédito,Liquidación,Aprobado,PAY-14379206
P0000147,R000145,C01412,2025-01-29,743.46,MXN,Transferencia,Anticipo,Aprobado,PAY-64540273
P0000148,R000146,C01598,2025-01-29,7964.29,MXN,Efectivo,Anticipo,Aprobado,PAY-93805401
P0000149,R000147,C00696,2025-01-29,9077.42,MXN,Tarjeta de débito,Anticipo,Aprobado,PAY-42932999
P0000150,R000143,C01498,2025-01-30,37345.97,MXN,Efectivo,Pago total,Aprobado,PAY-54389774
P0000151,R000148,C02063,2025-01-30,18034.92,MXN,Tarjeta de crédito,Pago total,Aprobado,PAY-42060033
P0000152,R000150,C00966,2025-02-01,1794.58,MXN,Transferencia,Anticipo,Aprobado,PAY-29970962
P0000153,R000151,C03058,2025-02-01,14934.48,MXN,Tarjeta de débito,Anticipo,Aprobado,PAY-94488932
P0000154,R000050,C00880,2025-02-03,6136.88,MXN,Tarjeta de crédito,Liquidación,Aprobado,PAY-19240815
P0000155,R000153,C00960,2025-02-03,8227.92,MXN,Tarjeta de crédito,Anticipo,Aprobado,PAY-78197422
P0000156,R000149,C03116,2025-02-04,4474.65,MXN,Tarjeta de crédito,Pago total,Aprobado,PAY-49341105
P0000157,R000152,C00727,2025-02-04,34901.64,MXN,Transferencia,Pago total,Aprobado,PAY-57869652
P0000158,R000154,C00812,2025-02-04,46766.24,MXN,Efectivo,Pago total,Aprobado,PAY-51874033
P0000159,R000155,C01561,2025-02-04,9580.53,MXN,Efectivo,Anticipo,Aprobado,PAY-35315215
P0000160,R000058,C00967,2025-02-05,26057.46,MXN,Efectivo,Liquidación,Aprobado,PAY-25799334
P0000161,R000156,C01036,2025-02-05,91797.73,MXN,Tarjeta de crédito,Pago total,Aprobado,PAY-72759512
P0000162,R000053,C01842,2025-02-06,5594.17,MXN,PayPal,Liquidación,Aprobado,PAY-41672100
P0000163,R000144,C00078,2025-02-06,8691.39,MXN,PayPal,Liquidación,Aprobado,PAY-91828072
P0000164,R000158,C01071,2025-02-06,18350.12,MXN,Tarjeta de débito,Pago total,Aprobado,PAY-39544947
P0000165,R000134,C00655,2025-02-08,1524.71,MXN,Tarjeta de débito,Liquidación,Aprobado,PAY-63670005
P0000166,R000159,C01277,2025-02-08,13476.85,MXN,Efectivo,Pago total,Aprobado,PAY-97773803
P0000167,R000160,C02278,2025-02-08,9495.06,MXN,PayPal,Anticipo,Aprobado,PAY-82852925
P0000168,R000161,C00559,2025-02-10,53797.13,MXN,Tarjeta de débito,Pago total,Aprobado,PAY-50670701
P0000169,R000162,C00629,2025-02-10,101301.47,MXN,Tarjeta de débito,Pago total,Aprobado,PAY-84790370
P0000170,R000163,C02667,2025-02-10,14584.19,MXN,Transferencia,Anticipo,Aprobado,PAY-62096003
P0000171,R000059,C01779,2025-02-11,31362.42,MXN,Tarjeta de débito,Liquidación,Aprobado,PAY-44533555
P0000172,R000165,C03006,2025-02-11,2849.37,MXN,PayPal,Anticipo,Reembolsado,PAY-80308763
P0000173,R000166,C01125,2025-02-11,56274.5,MXN,PayPal,Pago total,Aprobado,PAY-88977779
P0000174,R000061,C00409,2025-02-12,50256.12,MXN,Tarjeta de débito,Liquidación,Aprobado,PAY-81855126
P0000175,R000164,C01315,2025-02-12,8868.48,MXN,Tarjeta de débito,Pago total,Aprobado,PAY-26160690
P0000176,R000168,C02429,2025-02-12,28535.94,MXN,Transferencia,Anticipo,Reembolsado,PAY-42533679
P0000177,R000169,C00525,2025-02-13,27409.74,MXN,PayPal,Anticipo,Aprobado,PAY-14003130
P0000178,R000063,C02293,2025-02-14,12320.99,MXN,PayPal,Liquidación,Aprobado,PAY-36121364
P0000179,R000167,C01440,2025-02-14,63647.28,MXN,Tarjeta de débito,Pago total,Aprobado,PAY-75192056
P0000180,R000172,C01752,2025-02-14,5974.78,MXN,PayPal,Anticipo,Aprobado,PAY-27973456
P0000181,R000070,C00705,2025-02-15,4125.54,MXN,Efectivo,Liquidación,Aprobado,PAY-53103283
P0000182,R000099,C01881,2025-02-15,9110.9,MXN,Tarjeta de crédito,Liquidación,Aprobado,PAY-28670088
P0000183,R000069,C01792,2025-02-16,13604.38,MXN,Transferencia,Liquidación,Aprobado,PAY-17523101
P0000184,R000170,C00859,2025-02-16,2380.36,MXN,Transferencia,Pago total,Aprobado,PAY-71473524
P0000185,R000173,C03070,2025-02-16,12344.02,MXN,Tarjeta de crédito,Pago total,Aprobado,PAY-33458657
P0000186,R000072,C02143,2025-02-17,20074.46,MXN,Transferencia,Liquidación,Aprobado,PAY-49761436
P0000187,R000171,C01684,2025-02-17,24477.23,MXN,Tarjeta de débito,Pago total,Aprobado,PAY-44992489
P0000188,R000175,C02848,2025-02-18,1726.55,MXN,Tarjeta de crédito,Pago total,Aprobado,PAY-60225473
P0000189,R000176,C00340,2025-02-18,3329.04,MXN,PayPal,Anticipo,Aprobado,PAY-21658245
P0000190,R000177,C01219,2025-02-18,8015.42,MXN,Efectivo,Anticipo,Aprobado,PAY-17734490
P0000191,R000179,C03247,2025-02-19,29861.0,MXN,Efectivo,Anticipo,Aprobado,PAY-54257697
P0000192,R000180,C03081,2025-02-19,12908.17,MXN,Tarjeta de débito,Anticipo,Aprobado,PAY-44886129
P0000193,R000067,C01330,2025-02-20,12668.56,MXN,Transferencia,Liquidación,Aprobado,PAY-94625944
P0000194,R000181,C02105,2025-02-20,5173.7,MXN,Tarjeta de crédito,Pago total,Aprobado,PAY-33757505
P0000195,R000178,C00775,2025-02-21,53307.96,MXN,Transferencia,Pago total,Aprobado,PAY-50282187
P0000196,R000096,C00051,2025-02-22,6558.0,MXN,PayPal,Liquidación,Aprobado,PAY-65580000
P0000197,R000182,C02286,2025-02-22,78662.02,MXN,Tarjeta de crédito,Pago total,Aprobado,PAY-46459553
P0000198,R000183,C02679,2025-02-22,26885.08,MXN,Tarjeta de crédito,Pago total,Aprobado,PAY-63944091
P0000199,R000185,C00445,2025-02-22,15740.47,MXN,Tarjeta de débito,Pago total,Aprobado,PAY-69439874
P0000200,R000186,C02037,2025-02-22,11094.16,MXN,Tarjeta de débito,Anticipo,Reembolsado,PAY-91117290
P0000201,R000187,C02109,2025-02-22,32640.3,MXN,Tarjeta de débito,Anticipo,Reembolsado,PAY-70852365
P0000202,R000184,C02612,2025-02-23,21696.31,MXN,Efectivo,Pago total,Aprobado,PAY-58023515
P0000203,R000189,C03174,2025-02-23,12739.07,MXN,PayPal,Anticipo,Aprobado,PAY-92758991
P0000204,R000190,C02334,2025-02-23,103549.39,MXN,Tarjeta de crédito,Pago total,Aprobado,PAY-51215206
P0000205,R000191,C02932,2025-02-24,7872.56,MXN,Transferencia,Anticipo,Aprobado,PAY-45244606
P0000206,R000188,C01434,2025-02-25,36578.8,MXN,Efectivo,Pago total,Aprobado,PAY-29914403
P0000207,R000192,C02804,2025-02-25,7181.18,MXN,Tarjeta de crédito,Anticipo,Aprobado,PAY-72899658
P0000208,R000193,C02996,2025-02-26,3909.1,MXN,Tarjeta de crédito,Anticipo,Reembolsado,PAY-91115859
P0000209,R000079,C00316,2025-02-27,3993.07,MXN,PayPal,Liquidación,Aprobado,PAY-51638004
P0000210,R000194,C03359,2025-02-27,3193.68,MXN,Efectivo,Anticipo,Aprobado,PAY-91718728
P0000211,R000195,C02161,2025-03-01,35533.3,MXN,Tarjeta de crédito,Pago total,Aprobado,PAY-40923890
P0000212,R000196,C02860,2025-03-02,1156.6,MXN,Tarjeta de crédito,Anticipo,Aprobado,PAY-73729988
P0000213,R000197,C03047,2025-03-02,15543.74,MXN,Efectivo,Anticipo,Aprobado,PAY-48139122
P0000214,R000080,C00369,2025-03-03,19211.28,MXN,Transferencia,Liquidación,Aprobado,PAY-67479426
P0000215,R000076,C01260,2025-03-05,16168.05,MXN,Efectivo,Liquidación,Aprobado,PAY-80248503
P0000216,R000081,C00909,2025-03-05,9921.41,MXN,Transferencia,Liquidación,Aprobado,PAY-50673909
P0000217,R000198,C00285,2025-03-05,12365.37,MXN,PayPal,Pago total,Aprobado,PAY-88540892
P0000218,R000086,C02042,2025-03-06,2263.02,MXN,Transferencia,Liquidación,Aprobado,PAY-67328069
P0000219,R000199,C02725,2025-03-06,4491.93,MXN,Tarjeta de crédito,Pago total,Aprobado,PAY-45459474
P0000220,R000201,C02313,2025-03-06,3458.4,MXN,Transferencia,Anticipo,Reembolsado,PAY-30358216
P0000221,R000202,C00052,2025-03-06,966.46,MXN,Transferencia,Anticipo,Aprobado,PAY-93521085
P0000222,R000203,C01935,2025-03-07,29598.78,MXN,Tarjeta de crédito,Anticipo,Aprobado,PAY-10436285
P0000223,R000110,C00635,2025-03-08,7647.66,MXN,Tarjeta de crédito,Liquidación,Aprobado,PAY-10813620
P0000224,R000200,C01716,2025-03-08,32746.31,MXN,Tarjeta de débito,Pago total,Aprobado,PAY-14895192
P0000225,R000204,C03022,2025-03-08,15180.57,MXN,Tarjeta de débito,Pago total,Aprobado,PAY-63800225
P0000226,R000205,C01823,2025-03-08,14000.07,MXN,Transferencia,Anticipo,Reembolsado,PAY-70819206
P0000227,R000206,C01392,2025-03-08,18215.09,MXN,Efectivo,Anticipo,Aprobado,PAY-68143353
P0000228,R000082,C02344,2025-03-09,17963.98,MXN,Tarjeta de débito,Liquidación,Aprobado,PAY-20018856
P0000229,R000207,C03192,2025-03-09,15328.67,MXN,Tarjeta de crédito,Anticipo,Aprobado,PAY-28657804
P0000230,R000208,C00336,2025-03-11,10788.02,MXN,Efectivo,Anticipo,Aprobado,PAY-63607417
P0000231,R000108,C01197,2025-03-12,16857.12,MXN,Transferencia,Liquidación,Aprobado,PAY-32585172
P0000232,R000179,C03247,2025-03-12,60151.91,MXN,Tarjeta de crédito,Liquidación,Aprobado,PAY-92270865
P0000233,R000084,C03140,2025-03-13,22682.41,MXN,Tarjeta de débito,Liquidación,Aprobado,PAY-48202612
P0000234,R000085,C01871,2025-03-13,14818.21,MXN,Tarjeta de débito,Liquidación,Aprobado,PAY-33253181
P0000235,R000209,C02634,2025-03-13,9937.04,MXN,PayPal,Anticipo,Aprobado,PAY-10382475
P0000236,R000211,C02669,2025-03-13,72816.42,MXN,PayPal,Pago total,Aprobado,PAY-78315664
P0000237,R000210,C01256,2025-03-15,12275.43,MXN,Transferencia,Pago total,Aprobado,PAY-52006686
P0000238,R000214,C00209,2025-03-15,54928.28,MXN,Tarjeta de crédito,Anticipo,Aprobado,PAY-98847384
P0000239,R000215,C02299,2025-03-15,13930.25,MXN,Tarjeta de crédito,Anticipo,Aprobado,PAY-41544276
P0000240,R000216,C03119,2025-03-15,1467.44,MXN,PayPal,Anticipo,Aprobado,PAY-60150900
P0000241,R000176,C00340,2025-03-16,6699.2,MXN,Tarjeta de crédito,Liquidación,Aprobado,PAY-25860704
P0000242,R000194,C03359,2025-03-16,4479.48,MXN,PayPal,Liquidación,Aprobado,PAY-17612531
P0000243,R000213,C02234,2025-03-16,61510.62,MXN,Transferencia,Pago total,Aprobado,PAY-52104657
P0000244,R000217,C00297,2025-03-16,11532.93,MXN,PayPal,Anticipo,Aprobado,PAY-14286721
P0000245,R000218,C00222,2025-03-16,126541.58,MXN,PayPal,Pago total,Aprobado,PAY-58768574
P0000246,R000219,C01414,2025-03-17,9867.79,MXN,Tarjeta de crédito,Anticipo,Aprobado,PAY-40271311
P0000247,R000220,C00536,2025-03-17,12598.84,MXN,Transferencia,Anticipo,Aprobado,PAY-76921245
P0000248,R000127,C01332,2025-03-18,55535.85,MXN,Efectivo,Liquidación,Aprobado,PAY-57208202
P0000249,R000222,C00396,2025-03-18,30240.1,MXN,Tarjeta de débito,Anticipo,Aprobado,PAY-81811529
P0000250,R000223,C03143,2025-03-18,104552.66,MXN,Efectivo,Pago total,Aprobado,PAY-54441443
P0000251,R000146,C01598,2025-03-19,10826.13,MXN,PayPal,Liquidación,Aprobado,PAY-90420663
P0000252,R000227,C01629,2025-03-20,14893.57,MXN,Tarjeta de crédito,Anticipo,Aprobado,PAY-88734441
P0000253,R000228,C00639,2025-03-20,12870.85,MXN,PayPal,Anticipo,Aprobado,PAY-27217346
P0000254,R000225,C01012,2025-03-21,14040.83,MXN,Transferencia,Pago total,Aprobado,PAY-37580020
P0000255,R000226,C03012,2025-03-21,6619.88,MXN,Transferencia,Pago total,Aprobado,PAY-71323890
P0000256,R000229,C02819,2025-03-21,17777.23,MXN,Transferencia,Pago total,Aprobado,PAY-41762475
P0000257,R000169,C00525,2025-03-22,28386.58,MXN,Transferencia,Liquidación,Aprobado,PAY-76052265
P0000258,R000230,C00341,2025-03-23,14262.46,MXN,Efectivo,Pago total,Aprobado,PAY-19125079
P0000259,R000231,C02518,2025-03-23,17951.2,MXN,Tarjeta de crédito,Anticipo,Aprobado,PAY-45269695
P0000260,R000145,C01412,2025-03-24,1611.87,MXN,Transferencia,Liquidación,Aprobado,PAY-47054701
P0000261,R000180,C03081,2025-03-24,20315.6,MXN,Tarjeta de débito,Liquidación,Aprobado,PAY-31112123
P0000262,R000113,C02304,2025-03-25,15478.04,MXN,Transferencia,Liquidación,Aprobado,PAY-65486994
P0000263,R000155,C01561,2025-03-26,11027.74,MXN,Tarjeta de débito,Liquidación,Aprobado,PAY-46115590
P0000264,R000233,C02766,2025-03-26,5777.38,MXN,Tarjeta de crédito,Anticipo,Aprobado,PAY-38993862
P0000265,R000234,C00488,2025-03-27,45230.56,MXN,Tarjeta de crédito,Pago total,Aprobado,PAY-65162227
P0000266,R000104,C00067,2025-03-29,10215.79,MXN,PayPal,Liquidación,Aprobado,PAY-82125956
P0000267,R000237,C01732,2025-03-29,13432.2,MXN,Transferencia,Anticipo,Reembolsado,PAY-21019652
P0000268,R000192,C02804,2025-03-30,12976.64,MXN,Efectivo,Liquidación,Aprobado,PAY-12583980
P0000269,R000235,C02082,2025-03-30,26526.22,MXN,Tarjeta de débito,Pago total,Aprobado,PAY-13563172
P0000270,R000236,C02142,2025-03-30,21428.73,MXN,Transferencia,Pago total,Aprobado,PAY-56878433
P0000271,R000238,C00755,2025-03-30,28742.99,MXN,Transferencia,Pago total,Aprobado,PAY-40816630
P0000272,R000196,C02860,2025-04-01,2658.52,MXN,Efectivo,Liquidación,Aprobado,PAY-59714558
P0000273,R000240,C00934,2025-04-01,22584.2,MXN,Efectivo,Pago total,Aprobado,PAY-25784251
P0000274,R000244,C02595,2025-04-01,1189.26,MXN,Efectivo,Anticipo,Aprobado,PAY-80551161
P0000275,R000241,C02593,2025-04-02,33537.7,MXN,Tarjeta de débito,Pago total,Aprobado,PAY-20637639
P0000276,R000242,C01756,2025-04-04,30654.22,MXN,PayPal,Pago total,Aprobado,PAY-82592661
P0000277,R000243,C02289,2025-04-04,111839.28,MXN,Transferencia,Pago total,Aprobado,PAY-52546626
P0000278,R000089,C01030,2025-04-05,17896.87,MXN,Tarjeta de débito,Liquidación,Aprobado,PAY-26595578
P0000279,R000090,C02181,2025-04-05,5588.4,MXN,Tarjeta de débito,Liquidación,Aprobado,PAY-99243782
P0000280,R000246,C03453,2025-04-05,14476.41,MXN,Efectivo,Anticipo,Aprobado,PAY-70206676
P0000281,R000247,C00889,2025-04-05,6635.27,MXN,Efectivo,Anticipo,Reembolsado,PAY-14051035
P0000282,R000217,C00297,2025-04-07,23377.13,MXN,Tarjeta de crédito,Liquidación,Aprobado,PAY-91669513
P0000283,R000245,C01328,2025-04-07,8196.98,MXN,PayPal,Pago total,Aprobado,PAY-70178439
P0000284,R000248,C00167,2025-04-07,24219.22,MXN,Transferencia,Pago total,Aprobado,PAY-87519126
P0000285,R000251,C03076,2025-04-07,33232.01,MXN,Tarjeta de débito,Pago total,Aprobado,PAY-15384817
P0000286,R000252,C03094,2025-04-07,5900.34,MXN,Efectivo,Anticipo,Aprobado,PAY-89447851
P0000287,R000249,C00331,2025-04-08,82684.98,MXN,Tarjeta de crédito,Pago total,Aprobado,PAY-99015034
P0000288,R000147,C00696,2025-04-09,19055.4,MXN,Transferencia,Liquidación,Aprobado,PAY-61139668
P0000289,R000253,C02731,2025-04-09,41418.1,MXN,PayPal,Pago total,Aprobado,PAY-45198765
P0000290,R000254,C02464,2025-04-09,12919.89,MXN,Transferencia,Pago total,Aprobado,PAY-59911817
P0000291,R000227,C01629,2025-04-10,21750.22,MXN,Efectivo,Liquidación,Aprobado,PAY-20171175
P0000292,R000258,C01314,2025-04-11,16508.27,MXN,Tarjeta de crédito,Pago total,Aprobado,PAY-26081326
P0000293,R000172,C01752,2025-04-12,11171.8,MXN,PayPal,Liquidación,Aprobado,PAY-29861023
P0000294,R000222,C00396,2025-04-12,41209.59,MXN,Tarjeta de crédito,Liquidación,Aprobado,PAY-73658486
P0000295,R000255,C01547,2025-04-12,33489.73,MXN,Tarjeta de débito,Pago total,Aprobado,PAY-24132453
P0000296,R000256,C01160,2025-04-13,122673.2,MXN,PayPal,Pago total,Aprobado,PAY-18316105
P0000297,R000257,C02448,2025-04-13,92470.02,MXN,Tarjeta de crédito,Pago total,Aprobado,PAY-42633574
P0000298,R000261,C00994,2025-04-13,31231.39,MXN,Tarjeta de crédito,Anticipo,Aprobado,PAY-47627195
P0000299,R000259,C00520,2025-04-14,35989.26,MXN,Tarjeta de débito,Pago total,Aprobado,PAY-95116630
P0000300,R000262,C01829,2025-04-15,59299.07,MXN,PayPal,Pago total,Aprobado,PAY-49600236
P0000301,R000264,C01020,2025-04-15,32717.92,MXN,Efectivo,Anticipo,Aprobado,PAY-37342065
P0000302,R000265,C01548,2025-04-15,4991.51,MXN,Transferencia,Anticipo,Aprobado,PAY-47896334
P0000303,R000130,C00868,2025-04-16,14647.66,MXN,PayPal,Liquidación,Aprobado,PAY-77357601
P0000304,R000260,C00579,2025-04-16,4167.37,MXN,Tarjeta de crédito,Pago total,Aprobado,PAY-18520534
P0000305,R000266,C00547,2025-04-16,3769.25,MXN,PayPal,Anticipo,Aprobado,PAY-24247773
P0000306,R000267,C02431,2025-04-16,15416.15,MXN,Efectivo,Anticipo,Aprobado,PAY-98114336
P0000307,R000268,C03428,2025-04-16,29581.39,MXN,PayPal,Anticipo,Aprobado,PAY-10716524
P0000308,R000263,C00702,2025-04-17,1712.92,MXN,Tarjeta de crédito,Pago total,Aprobado,PAY-62366025
P0000309,R000269,C01618,2025-04-19,9690.49,MXN,Tarjeta de débito,Anticipo,Aprobado,PAY-23597745
P0000310,R000270,C01777,2025-04-19,16367.61,MXN,Transferencia,Anticipo,Reembolsado,PAY-10011009
P0000311,R000153,C00960,2025-04-20,15566.87,MXN,Tarjeta de crédito,Liquidación,Aprobado,PAY-31703593
P0000312,R000219,C01414,2025-04-21,14041.04,MXN,Transferencia,Liquidación,Aprobado,PAY-70281534
P0000313,R000119,C00441,2025-04-22,26742.36,MXN,Tarjeta de débito,Liquidación,Aprobado,PAY-75544484
P0000314,R000271,C00041,2025-04-22,28749.11,MXN,Transferencia,Anticipo,Aprobado,PAY-94020389
P0000315,R000273,C01107,2025-04-23,15128.04,MXN,Efectivo,Anticipo,Aprobado,PAY-53407265
P0000316,R000272,C01417,2025-04-24,91654.0,MXN,Transferencia,Pago total,Aprobado,PAY-91621432
P0000317,R000121,C01913,2025-04-25,9163.38,MXN,Tarjeta de débito,Liquidación,Aprobado,PAY-93297767
P0000318,R000274,C03489,2025-04-25,33363.38,MXN,Transferencia,Pago total,Aprobado,PAY-55061853
P0000319,R000276,C02766,2025-04-25,6605.54,MXN,Efectivo,Anticipo,Aprobado,PAY-16817264
P0000320,R000189,C03174,2025-04-27,26700.57,MXN,Tarjeta de crédito,Liquidación,Aprobado,PAY-71297738
P0000321,R000279,C00187,2025-04-27,48484.48,MXN,Transferencia,Pago total,Aprobado,PAY-99115343
P0000322,R000278,C03444,2025-04-28,31630.24,MXN,Efectivo,Pago total,Aprobado,PAY-10511029
P0000323,R000277,C02572,2025-04-29,120268.44,MXN,Tarjeta de débito,Pago total,Aprobado,PAY-25417819
P0000324,R000280,C01014,2025-04-29,64196.91,MXN,Tarjeta de débito,Pago total,Aprobado,PAY-13750425
P0000325,R000150,C00966,2025-04-30,3748.89,MXN,Tarjeta de crédito,Liquidación,Aprobado,PAY-92628057
P0000326,R000160,C02278,2025-05-01,14122.28,MXN,Tarjeta de crédito,Liquidación,Aprobado,PAY-39425310
P0000327,R000266,C00547,2025-05-01,6582.01,MXN,PayPal,Liquidación,Aprobado,PAY-63633750
P0000328,R000281,C03094,2025-05-01,19334.41,MXN,Transferencia,Pago total,Aprobado,PAY-99172263
P0000329,R000282,C02118,2025-05-01,26230.23,MXN,Tarjeta de débito,Anticipo,Aprobado,PAY-85165316
P0000330,R000283,C03447,2025-05-01,21215.52,MXN,Transferencia,Anticipo,Aprobado,PAY-59243069
P0000331,R000284,C02709,2025-05-01,5090.82,MXN,Transferencia,Anticipo,Reembolsado,PAY-18263463
P0000332,R000206,C01392,2025-05-03,22915.11,MXN,Tarjeta de débito,Liquidación,Aprobado,PAY-63210960
P0000333,R000285,C02554,2025-05-03,4315.04,MXN,PayPal,Pago total,Aprobado,PAY-33064862
P0000334,R000287,C00004,2025-05-03,6419.77,MXN,Transferencia,Anticipo,Aprobado,PAY-60496276
P0000335,R000289,C02013,2025-05-04,5349.22,MXN,Efectivo,Anticipo,Aprobado,PAY-80566290
P0000336,R000267,C02431,2025-05-05,19328.82,MXN,Tarjeta de crédito,Liquidación,Aprobado,PAY-74029608
P0000337,R000269,C01618,2025-05-05,19839.21,MXN,Transferencia,Liquidación,Aprobado,PAY-20183455
P0000338,R000288,C02447,2025-05-05,55255.68,MXN,Tarjeta de débito,Pago total,Aprobado,PAY-27322935
P0000339,R000290,C00561,2025-05-05,8107.45,MXN,Tarjeta de crédito,Pago total,Aprobado,PAY-66523876
P0000340,R000286,C01546,2025-05-06,5149.26,MXN,Tarjeta de débito,Pago total,Aprobado,PAY-95999833
P0000341,R000291,C01558,2025-05-07,3334.36,MXN,Tarjeta de débito,Anticipo,Aprobado,PAY-73332946
P0000342,R000292,C02358,2025-05-07,22081.06,MXN,Tarjeta de débito,Anticipo,Reembolsado,PAY-47343549
P0000343,R000294,C02929,2025-05-08,13071.52,MXN,PayPal,Pago total,Aprobado,PAY-12184805
P0000344,R000264,C01020,2025-05-09,45254.68,MXN,Efectivo,Liquidación,Aprobado,PAY-46498111
P0000345,R000295,C00015,2025-05-09,5144.36,MXN,Tarjeta de débito,Anticipo,Aprobado,PAY-16097677
P0000346,R000207,C03192,2025-05-11,35589.73,MXN,PayPal,Liquidación,Aprobado,PAY-30411601
P0000347,R000293,C02716,2025-05-11,23971.06,MXN,Tarjeta de crédito,Pago total,Aprobado,PAY-20361276
P0000348,R000296,C01902,2025-05-11,91386.49,MXN,PayPal,Pago total,Aprobado,PAY-54821748
P0000349,R000298,C03007,2025-05-11,15033.68,MXN,Tarjeta de débito,Anticipo,Aprobado,PAY-31716013
P0000350,R000299,C01706,2025-05-12,22919.9,MXN,Tarjeta de débito,Anticipo,Reembolsado,PAY-43403435
P0000351,R000300,C01827,2025-05-13,46343.92,MXN,Efectivo,Pago total,Aprobado,PAY-84745553
P0000352,R000302,C03054,2025-05-14,61244.1,MXN,Tarjeta de débito,Pago total,Aprobado,PAY-42532038
P0000353,R000303,C03508,2025-05-14,6764.36,MXN,Tarjeta de crédito,Pago total,Aprobado,PAY-62604759
P0000354,R000151,C03058,2025-05-15,16706.06,MXN,PayPal,Liquidación,Aprobado,PAY-56140396
P0000355,R000209,C02634,2025-05-15,17318.65,MXN,Efectivo,Liquidación,Aprobado,PAY-83944209
P0000356,R000295,C00015,2025-05-15,6059.56,MXN,Tarjeta de crédito,Liquidación,Aprobado,PAY-39438209
P0000357,R000304,C02148,2025-05-15,34018.4,MXN,Tarjeta de crédito,Pago total,Aprobado,PAY-73514047
P0000358,R000305,C02220,2025-05-15,21926.1,MXN,Tarjeta de débito,Anticipo,Aprobado,PAY-78520371
P0000359,R000301,C00849,2025-05-16,18261.31,MXN,Transferencia,Pago total,Aprobado,PAY-22790539
P0000360,R000306,C03558,2025-05-16,16720.64,MXN,Transferencia,Anticipo,Aprobado,PAY-23948833
P0000361,R000307,C02294,2025-05-16,86797.99,MXN,Efectivo,Pago total,Aprobado,PAY-68072193
P0000362,R000308,C01933,2025-05-16,8025.56,MXN,PayPal,Pago total,Aprobado,PAY-94950673
P0000363,R000273,C01107,2025-05-17,31062.37,MXN,PayPal,Liquidación,Aprobado,PAY-13335939
P0000364,R000228,C00639,2025-05-18,20090.42,MXN,Efectivo,Liquidación,Aprobado,PAY-25210619
P0000365,R000309,C02472,2025-05-20,65479.64,MXN,Efectivo,Pago total,Aprobado,PAY-29954871
P0000366,R000311,C01588,2025-05-20,17215.83,MXN,Transferencia,Anticipo,Reembolsado,PAY-38867432
P0000367,R000289,C02013,2025-05-21,5965.84,MXN,PayPal,Liquidación,Aprobado,PAY-74289294
P0000368,R000312,C03073,2025-05-21,29641.21,MXN,PayPal,Anticipo,Aprobado,PAY-83938755
P0000369,R000310,C03042,2025-05-22,23209.08,MXN,PayPal,Pago total,Aprobado,PAY-94766032
P0000370,R000315,C01760,2025-05-24,52169.75,MXN,PayPal,Pago total,Aprobado,PAY-10678048
P0000371,R000318,C02879,2025-05-25,24632.68,MXN,Transferencia,Pago total,Aprobado,PAY-34503830
P0000372,R000320,C01776,2025-05-25,14323.41,MXN,Tarjeta de crédito,Anticipo,Aprobado,PAY-22757417
P0000373,R000313,C03142,2025-05-26,4465.28,MXN,Transferencia,Pago total,Aprobado,PAY-27742094
P0000374,R000314,C01983,2025-05-26,25497.75,MXN,PayPal,Pago total,Aprobado,PAY-66590886
P0000375,R000316,C00347,2025-05-26,5432.05,MXN,Tarjeta de crédito,Pago total,Aprobado,PAY-16034239
P0000376,R000322,C00323,2025-05-26,18871.11,MXN,Tarjeta de débito,Anticipo,Aprobado,PAY-73251100
P0000377,R000177,C01219,2025-05-27,14979.22,MXN,PayPal,Liquidación,Aprobado,PAY-47221086
P0000378,R000220,C00536,2025-05-27,13433.68,MXN,Transferencia,Liquidación,Aprobado,PAY-83179974
P0000379,R000317,C00926,2025-05-27,17285.23,MXN,Tarjeta de débito,Pago total,Aprobado,PAY-29911950
P0000380,R000323,C02987,2025-05-28,27046.39,MXN,Tarjeta de crédito,Anticipo,Aprobado,PAY-45607547
P0000381,R000306,C03558,2025-05-29,19259.22,MXN,Efectivo,Liquidación,Aprobado,PAY-28874709
P0000382,R000324,C01581,2025-05-29,9098.93,MXN,Transferencia,Anticipo,Aprobado,PAY-29630175
P0000383,R000326,C02851,2025-05-29,7595.73,MXN,Efectivo,Anticipo,Aprobado,PAY-61949055
P0000384,R000233,C02766,2025-05-30,6308.62,MXN,PayPal,Liquidación,Aprobado,PAY-94348733
P0000385,R000305,C02220,2025-05-30,48672.1,MXN,Tarjeta de crédito,Liquidación,Aprobado,PAY-96149655
P0000386,R000327,C02129,2025-05-30,8552.53,MXN,PayPal,Anticipo,Aprobado,PAY-67007163
P0000387,R000328,C02381,2025-05-30,14400.41,MXN,PayPal,Anticipo,Aprobado,PAY-54701595
P0000388,R000163,C02667,2025-05-31,30945.6,MXN,Tarjeta de débito,Liquidación,Aprobado,PAY-46988451
P0000389,R000271,C00041,2025-05-31,58362.73,MXN,Tarjeta de crédito,Liquidación,Aprobado,PAY-67593518
P0000390,R000325,C00157,2025-05-31,21717.32,MXN,Transferencia,Pago total,Aprobado,PAY-60567511
P0000391,R000329,C02361,2025-06-02,114983.75,MXN,Tarjeta de crédito,Pago total,Aprobado,PAY-60612038
P0000392,R000331,C02357,2025-06-02,11930.47,MXN,Transferencia,Anticipo,Aprobado,PAY-77110424
P0000393,R000203,C01935,2025-06-03,54437.3,MXN,Transferencia,Liquidación,Aprobado,PAY-15798466
P0000394,R000330,C02640,2025-06-04,27791.71,MXN,Tarjeta de crédito,Pago total,Aprobado,PAY-26307896
P0000395,R000332,C01850,2025-06-04,22048.52,MXN,Transferencia,Pago total,Aprobado,PAY-55559278
P0000396,R000197,C03047,2025-06-05,18179.85,MXN,Transferencia,Liquidación,Aprobado,PAY-31695204
P0000397,R000333,C03321,2025-06-06,50913.18,MXN,Efectivo,Pago total,Aprobado,PAY-22312732
P0000398,R000335,C03235,2025-06-06,132961.18,MXN,Efectivo,Pago total,Aprobado,PAY-49302846
P0000399,R000334,C03013,2025-06-07,39537.51,MXN,Transferencia,Pago total,Aprobado,PAY-93113510
P0000400,R000338,C00917,2025-06-07,16502.99,MXN,Transferencia,Anticipo,Aprobado,PAY-65916631
P0000401,R000339,C02631,2025-06-07,797.75,MXN,Tarjeta de débito,Anticipo,Aprobado,PAY-65548972
P0000402,R000340,C03510,2025-06-07,127937.94,MXN,Efectivo,Pago total,Aprobado,PAY-23951372
P0000403,R000246,C03453,2025-06-08,26105.86,MXN,Transferencia,Liquidación,Aprobado,PAY-81052849
P0000404,R000337,C02053,2025-06-08,38607.18,MXN,PayPal,Pago total,Aprobado,PAY-60124124
P0000405,R000341,C03292,2025-06-10,18116.2,MXN,Tarjeta de débito,Pago total,Aprobado,PAY-94019425
P0000406,R000312,C03073,2025-06-11,30565.74,MXN,Tarjeta de crédito,Liquidación,Aprobado,PAY-52408400
P0000407,R000342,C01239,2025-06-12,16622.72,MXN,Transferencia,Pago total,Aprobado,PAY-14701325
P0000408,R000343,C00910,2025-06-12,3928.38,MXN,Tarjeta de crédito,Anticipo,Aprobado,PAY-65313847
P0000409,R000202,C00052,2025-06-14,1445.92,MXN,Efectivo,Liquidación,Aprobado,PAY-31612963
P0000410,R000208,C00336,2025-06-14,13169.98,MXN,Tarjeta de débito,Liquidación,Aprobado,PAY-34523409
P0000411,R000214,C00209,2025-06-14,82490.71,MXN,Transferencia,Liquidación,Aprobado,PAY-34192973
P0000412,R000344,C01556,2025-06-14,36039.25,MXN,Efectivo,Pago total,Aprobado,PAY-98790124
P0000413,R000345,C01299,2025-06-14,27168.95,MXN,Transferencia,Anticipo,Reembolsado,PAY-63689520
P0000414,R000346,C01769,2025-06-14,3691.85,MXN,Tarjeta de débito,Anticipo,Aprobado,PAY-89126817
P0000415,R000347,C01661,2025-06-15,9651.38,MXN,PayPal,Anticipo,Aprobado,PAY-82862800
P0000416,R000191,C02932,2025-06-16,17177.42,MXN,Efectivo,Liquidación,Aprobado,PAY-19282296
P0000417,R000348,C00087,2025-06-17,16333.55,MXN,Tarjeta de débito,Anticipo,Aprobado,PAY-70722877
P0000418,R000215,C02299,2025-06-18,16030.58,MXN,Efectivo,Liquidación,Aprobado,PAY-27765443
P0000419,R000252,C03094,2025-06-18,9978.98,MXN,PayPal,Liquidación,Aprobado,PAY-33996916
P0000420,R000349,C01305,2025-06-18,20674.33,MXN,Efectivo,Pago total,Aprobado,PAY-83363935
P0000421,R000350,C00308,2025-06-18,11271.4,MXN,Tarjeta de crédito,Anticipo,Reembolsado,PAY-63809731
P0000422,R000324,C01581,2025-06-19,18373.11,MXN,Efectivo,Liquidación,Aprobado,PAY-63883691
P0000423,R000244,C02595,2025-06-20,2492.8,MXN,Tarjeta de débito,Liquidación,Aprobado,PAY-15335694
P0000424,R000353,C03220,2025-06-21,3569.04,MXN,Transferencia,Anticipo,Reembolsado,PAY-27109225
P0000425,R000355,C02432,2025-06-22,47812.24,MXN,Tarjeta de crédito,Pago total,Aprobado,PAY-14096146
P0000426,R000356,C02637,2025-06-22,5311.75,MXN,Transferencia,Anticipo,Aprobado,PAY-66276035
P0000427,R000216,C03119,2025-06-23,1570.57,MXN,Efectivo,Liquidación,Aprobado,PAY-61896012
P0000428,R000351,C01055,2025-06-23,13774.61,MXN,Efectivo,Pago total,Aprobado,PAY-69407228
P0000429,R000358,C03259,2025-06-23,15253.4,MXN,Tarjeta de débito,Anticipo,Aprobado,PAY-94593348
P0000430,R000348,C00087,2025-06-24,19940.24,MXN,Tarjeta de crédito,Liquidación,Aprobado,PAY-85161216
P0000431,R000352,C03665,2025-06-24,13633.0,MXN,Transferencia,Pago total,Aprobado,PAY-74335186
P0000432,R000354,C01021,2025-06-24,82384.28,MXN,Tarjeta de crédito,Pago total,Aprobado,PAY-96529577
P0000433,R000359,C01703,2025-06-24,14836.47,MXN,Tarjeta de crédito,Anticipo,Aprobado,PAY-62516788
P0000434,R000357,C01081,2025-06-25,58117.1,MXN,Efectivo,Pago total,Aprobado,PAY-51384269
P0000435,R000361,C02101,2025-06-26,13451.96,MXN,Transferencia,Anticipo,Aprobado,PAY-32441461
P0000436,R000343,C00910,2025-06-27,5245.36,MXN,Tarjeta de crédito,Liquidación,Aprobado,PAY-97982056
P0000437,R000360,C01226,2025-06-27,21880.46,MXN,Transferencia,Pago total,Aprobado,PAY-79495222
P0000438,R000362,C00247,2025-06-27,34318.54,MXN,Tarjeta de débito,Pago total,Aprobado,PAY-64347567
P0000439,R000298,C03007,2025-06-28,16906.77,MXN,Tarjeta de débito,Liquidación,Aprobado,PAY-98072104
P0000440,R000287,C00004,2025-06-29,7429.61,MXN,Transferencia,Liquidación,Aprobado,PAY-49385337
P0000441,R000327,C02129,2025-06-30,8594.64,MXN,Tarjeta de crédito,Liquidación,Aprobado,PAY-33930059
P0000442,R000363,C01241,2025-06-30,61571.82,MXN,Efectivo,Pago total,Aprobado,PAY-42348448
P0000443,R000231,C02518,2025-07-01,37923.9,MXN,Tarjeta de crédito,Liquidación,Aprobado,PAY-38437184
P0000444,R000364,C03611,2025-07-01,10863.23,MXN,PayPal,Pago total,Aprobado,PAY-50185725
P0000445,R000365,C00424,2025-07-01,12424.37,MXN,PayPal,Anticipo,Aprobado,PAY-62728580
P0000446,R000366,C03705,2025-07-02,32822.43,MXN,Tarjeta de débito,Pago total,Aprobado,PAY-39583654
P0000447,R000368,C00976,2025-07-04,26833.92,MXN,Efectivo,Pago total,Aprobado,PAY-87088730
P0000448,R000369,C02728,2025-07-04,3691.93,MXN,Efectivo,Anticipo,Reembolsado,PAY-48794871
P0000449,R000370,C00618,2025-07-04,27113.22,MXN,Tarjeta de crédito,Pago total,Aprobado,PAY-90660432
P0000450,R000367,C01252,2025-07-05,5838.59,MXN,Efectivo,Pago total,Aprobado,PAY-28020457
P0000451,R000375,C02545,2025-07-05,5176.44,MXN,Tarjeta de crédito,Pago total,Aprobado,PAY-18267695
P0000452,R000377,C01781,2025-07-06,1904.16,MXN,Transferencia,Anticipo,Reembolsado,PAY-98322615
P0000453,R000276,C02766,2025-07-07,8513.98,MXN,Efectivo,Liquidación,Aprobado,PAY-27888675
P0000454,R000371,C02613,2025-07-07,39444.66,MXN,Tarjeta de débito,Pago total,Aprobado,PAY-53806072
P0000455,R000372,C02089,2025-07-07,30242.49,MXN,PayPal,Pago total,Aprobado,PAY-80676889
P0000456,R000373,C03740,2025-07-07,8222.42,MXN,Efectivo,Pago total,Aprobado,PAY-43171276
P0000457,R000374,C00271,2025-07-07,8693.22,MXN,Transferencia,Pago total,Aprobado,PAY-61873597
P0000458,R000376,C02759,2025-07-07,22810.87,MXN,Efectivo,Pago total,Aprobado,PAY-20536998
P0000459,R000379,C01691,2025-07-07,7829.64,MXN,Efectivo,Anticipo,Reembolsado,PAY-74047089
P0000460,R000380,C01784,2025-07-08,5899.31,MXN,PayPal,Anticipo,Aprobado,PAY-21657708
P0000461,R000382,C03643,2025-07-09,14342.09,MXN,Tarjeta de débito,Pago total,Aprobado,PAY-61786047
P0000462,R000378,C02131,2025-07-10,34535.34,MXN,Tarjeta de crédito,Pago total,Aprobado,PAY-74400793
P0000463,R000384,C00006,2025-07-10,9639.29,MXN,Transferencia,Anticipo,Aprobado,PAY-97935822
P0000464,R000261,C00994,2025-07-11,72445.9,MXN,PayPal,Liquidación,Aprobado,PAY-74268327
P0000465,R000383,C00822,2025-07-12,23204.01,MXN,Efectivo,Pago total,Aprobado,PAY-33321444
P0000466,R000385,C01820,2025-07-12,70674.78,MXN,Tarjeta de crédito,Pago total,Aprobado,PAY-13006869
P0000467,R000386,C01904,2025-07-12,17787.24,MXN,Tarjeta de crédito,Anticipo,Aprobado,PAY-50022071
P0000468,R000387,C03098,2025-07-13,77936.02,MXN,PayPal,Pago total,Aprobado,PAY-43331112
P0000469,R000389,C02587,2025-07-14,6279.04,MXN,PayPal,Anticipo,Aprobado,PAY-69093439
P0000470,R000390,C00131,2025-07-15,51411.6,MXN,PayPal,Pago total,Aprobado,PAY-72460799
P0000471,R000392,C01892,2025-07-15,22721.82,MXN,Tarjeta de crédito,Anticipo,Aprobado,PAY-40784524
P0000472,R000388,C00785,2025-07-16,4350.67,MXN,Efectivo,Pago total,Aprobado,PAY-19096051
P0000473,R000393,C01288,2025-07-16,60324.58,MXN,Transferencia,Pago total,Aprobado,PAY-48968348
P0000474,R000268,C03428,2025-07-17,44959.73,MXN,Efectivo,Liquidación,Aprobado,PAY-48021560
P0000475,R000394,C03433,2025-07-17,22176.41,MXN,Efectivo,Anticipo,Aprobado,PAY-51189515
P0000476,R000395,C00055,2025-07-17,20433.97,MXN,Tarjeta de débito,Anticipo,Aprobado,PAY-82289461
P0000477,R000396,C02413,2025-07-17,16913.75,MXN,Tarjeta de débito,Anticipo,Reembolsado,PAY-53224791
P0000478,R000391,C00661,2025-07-18,38237.0,MXN,Tarjeta de débito,Pago total,Aprobado,PAY-22329010
P0000479,R000398,C02389,2025-07-18,55441.35,MXN,Tarjeta de crédito,Anticipo,Aprobado,PAY-21367192
P0000480,R000399,C03203,2025-07-19,23192.72,MXN,PayPal,Anticipo,Aprobado,PAY-67703709
P0000481,R000331,C02357,2025-07-20,22903.73,MXN,Tarjeta de débito,Liquidación,Aprobado,PAY-38065234
P0000482,R000400,C00758,2025-07-20,25902.9,MXN,PayPal,Pago total,Aprobado,PAY-25516000
P0000483,R000397,C00117,2025-07-21,67028.06,MXN,Tarjeta de débito,Pago total,Aprobado,PAY-42487895
P0000484,R000399,C03203,2025-07-21,24162.42,MXN,PayPal,Liquidación,Aprobado,PAY-74089612
P0000485,R000402,C01076,2025-07-21,8181.45,MXN,Transferencia,Anticipo,Aprobado,PAY-79034986
P0000486,R000403,C02653,2025-07-21,22488.92,MXN,Efectivo,Anticipo,Aprobado,PAY-10951823
P0000487,R000346,C01769,2025-07-22,5326.21,MXN,Tarjeta de crédito,Liquidación,Aprobado,PAY-73821499
P0000488,R000365,C00424,2025-07-22,16870.95,MXN,Tarjeta de débito,Liquidación,Aprobado,PAY-11808947
P0000489,R000401,C03130,2025-07-23,32859.71,MXN,Transferencia,Pago total,Aprobado,PAY-46540425
P0000490,R000404,C00644,2025-07-25,8427.18,MXN,Efectivo,Anticipo,Aprobado,PAY-74393118
P0000491,R000405,C00339,2025-07-25,29400.49,MXN,Efectivo,Anticipo,Aprobado,PAY-45067741
P0000492,R000407,C02058,2025-07-26,7175.57,MXN,Efectivo,Anticipo,Aprobado,PAY-43929790
P0000493,R000408,C03160,2025-07-26,20558.0,MXN,Transferencia,Pago total,Aprobado,PAY-14386363
P0000494,R000265,C01548,2025-07-27,7651.53,MXN,PayPal,Liquidación,Aprobado,PAY-81637303
P0000495,R000386,C01904,2025-07-27,34153.85,MXN,Efectivo,Liquidación,Aprobado,PAY-95046407
P0000496,R000409,C03275,2025-07-27,60327.52,MXN,Tarjeta de crédito,Anticipo,Aprobado,PAY-62816703
P0000497,R000410,C03454,2025-07-27,13345.47,MXN,Tarjeta de débito,Anticipo,Aprobado,PAY-59816722
P0000498,R000283,C03447,2025-07-28,32328.46,MXN,Efectivo,Liquidación,Aprobado,PAY-37860013
P0000499,R000406,C01971,2025-07-28,27387.42,MXN,Transferencia,Pago total,Aprobado,PAY-36068322
P0000500,R000411,C01626,2025-07-28,1509.94,MXN,Tarjeta de débito,Anticipo,Aprobado,PAY-39691889
P0000501,R000282,C02118,2025-07-29,30444.03,MXN,Tarjeta de débito,Liquidación,Aprobado,PAY-12856494
P0000502,R000338,C00917,2025-07-31,18386.38,MXN,Tarjeta de débito,Liquidación,Aprobado,PAY-51673695
P0000503,R000412,C00029,2025-07-31,57897.4,MXN,Efectivo,Pago total,Aprobado,PAY-40585483
P0000504,R000414,C03085,2025-07-31,11455.95,MXN,Tarjeta de débito,Pago total,Aprobado,PAY-75115231
P0000505,R000415,C01844,2025-07-31,30295.01,MXN,Tarjeta de débito,Pago total,Aprobado,PAY-87917865
P0000506,R000416,C03571,2025-07-31,30855.32,MXN,Efectivo,Anticipo,Reembolsado,PAY-74375968
P0000507,R000413,C02161,2025-08-01,23699.92,MXN,Transferencia,Pago total,Aprobado,PAY-64522030
P0000508,R000418,C02816,2025-08-01,20880.48,MXN,Tarjeta de débito,Anticipo,Aprobado,PAY-10542760
P0000509,R000419,C01867,2025-08-02,9121.75,MXN,Tarjeta de crédito,Anticipo,Aprobado,PAY-12372722
P0000510,R000417,C01174,2025-08-03,13309.93,MXN,Efectivo,Pago total,Aprobado,PAY-52436744
P0000511,R000420,C00445,2025-08-03,14522.21,MXN,PayPal,Anticipo,Aprobado,PAY-55033198
P0000512,R000421,C01256,2025-08-03,1757.97,MXN,Tarjeta de débito,Anticipo,Aprobado,PAY-39923225
P0000513,R000422,C00426,2025-08-03,20214.4,MXN,Transferencia,Pago total,Aprobado,PAY-35713662
P0000514,R000424,C01967,2025-08-04,3605.43,MXN,Efectivo,Anticipo,Aprobado,PAY-57443305
P0000515,R000423,C02697,2025-08-05,33747.75,MXN,Tarjeta de crédito,Pago total,Aprobado,PAY-74642107
P0000516,R000425,C00702,2025-08-05,28996.16,MXN,Transferencia,Pago total,Aprobado,PAY-33383453
P0000517,R000426,C01324,2025-08-05,4728.68,MXN,Transferencia,Anticipo,Aprobado,PAY-26308557
P0000518,R000427,C02046,2025-08-06,10058.3,MXN,Efectivo,Anticipo,Aprobado,PAY-15195545
P0000519,R000428,C00562,2025-08-06,11454.94,MXN,Tarjeta de crédito,Anticipo,Aprobado,PAY-61554358
P0000520,R000359,C01703,2025-08-07,26717.64,MXN,PayPal,Liquidación,Aprobado,PAY-85330838
P0000521,R000326,C02851,2025-08-09,11589.95,MXN,Transferencia,Liquidación,Aprobado,PAY-20423362
P0000522,R000429,C03330,2025-08-09,17533.15,MXN,Tarjeta de crédito,Pago total,Aprobado,PAY-34762618
P0000523,R000433,C02096,2025-08-09,5968.22,MXN,Efectivo,Anticipo,Aprobado,PAY-24825877
P0000524,R000430,C03604,2025-08-10,22570.22,MXN,Tarjeta de débito,Pago total,Aprobado,PAY-23766303
P0000525,R000432,C03314,2025-08-10,8772.2,MXN,Efectivo,Pago total,Aprobado,PAY-28646296
P0000526,R000434,C00684,2025-08-10,8035.96,MXN,Tarjeta de débito,Anticipo,Aprobado,PAY-80710650
P0000527,R000411,C01626,2025-08-11,2322.53,MXN,Tarjeta de débito,Liquidación,Aprobado,PAY-39050328
P0000528,R000431,C02569,2025-08-11,7285.58,MXN,Efectivo,Pago total,Aprobado,PAY-58785498
P0000529,R000435,C03601,2025-08-12,64380.98,MXN,Transferencia,Pago total,Aprobado,PAY-74341197
P0000530,R000436,C03691,2025-08-12,19798.81,MXN,Transferencia,Pago total,Aprobado,PAY-98200384
P0000531,R000438,C02189,2025-08-13,134686.36,MXN,Tarjeta de débito,Pago total,Aprobado,PAY-56149727
P0000532,R000291,C01558,2025-08-14,5921.91,MXN,PayPal,Liquidación,Aprobado,PAY-39769505
P0000533,R000437,C01953,2025-08-14,12562.98,MXN,Transferencia,Pago total,Aprobado,PAY-16221957
P0000534,R000440,C00865,2025-08-14,6369.26,MXN,Tarjeta de débito,Anticipo,Aprobado,PAY-37619381
P0000535,R000441,C03079,2025-08-14,13705.07,MXN,Transferencia,Anticipo,Aprobado,PAY-90837552
P0000536,R000328,C02381,2025-08-15,28344.93,MXN,Tarjeta de crédito,Liquidación,Aprobado,PAY-46417705
P0000537,R000439,C01201,2025-08-16,65289.28,MXN,PayPal,Pago total,Aprobado,PAY-19028741
P0000538,R000442,C03433,2025-08-16,119792.78,MXN,Tarjeta de crédito,Pago total,Aprobado,PAY-69828509
P0000539,R000444,C03106,2025-08-16,12380.27,MXN,Efectivo,Anticipo,Aprobado,PAY-51632299
P0000540,R000322,C00323,2025-08-17,31952.48,MXN,Transferencia,Liquidación,Aprobado,PAY-79400113
P0000541,R000356,C02637,2025-08-17,7398.57,MXN,Tarjeta de crédito,Liquidación,Aprobado,PAY-17721162
P0000542,R000445,C00982,2025-08-17,7170.09,MXN,PayPal,Anticipo,Aprobado,PAY-53945292
P0000543,R000446,C01300,2025-08-17,8709.3,MXN,Tarjeta de débito,Anticipo,Aprobado,PAY-47975312
P0000544,R000380,C01784,2025-08-18,12627.33,MXN,Transferencia,Liquidación,Aprobado,PAY-58289630
P0000545,R000404,C00644,2025-08-18,19287.27,MXN,PayPal,Liquidación,Aprobado,PAY-47488859
P0000546,R000443,C01536,2025-08-18,53652.94,MXN,Tarjeta de crédito,Pago total,Aprobado,PAY-33260597
P0000547,R000339,C02631,2025-08-20,1622.93,MXN,Efectivo,Liquidación,Aprobado,PAY-40616548
P0000548,R000447,C01767,2025-08-20,68091.1,MXN,Efectivo,Pago total,Aprobado,PAY-28961067
P0000549,R000409,C03275,2025-08-21,109689.98,MXN,Tarjeta de débito,Liquidación,Aprobado,PAY-15077585
P0000550,R000449,C01671,2025-08-21,31399.44,MXN,Tarjeta de débito,Pago total,Aprobado,PAY-41147178
P0000551,R000448,C03506,2025-08-22,176123.82,MXN,PayPal,Pago total,Aprobado,PAY-52389471
P0000552,R000451,C00952,2025-08-22,32141.8,MXN,Tarjeta de crédito,Pago total,Aprobado,PAY-96269786
P0000553,R000455,C02825,2025-08-22,84380.95,MXN,PayPal,Pago total,Aprobado,PAY-57385132
P0000554,R000450,C02661,2025-08-23,63920.46,MXN,Tarjeta de crédito,Pago total,Aprobado,PAY-56999191
P0000555,R000453,C02971,2025-08-23,76754.32,MXN,Tarjeta de débito,Pago total,Aprobado,PAY-21951925
P0000556,R000454,C02533,2025-08-23,33116.71,MXN,Tarjeta de crédito,Pago total,Aprobado,PAY-76462205
P0000557,R000456,C01441,2025-08-23,9928.39,MXN,Tarjeta de débito,Anticipo,Aprobado,PAY-20071721
P0000558,R000458,C01507,2025-08-23,18236.43,MXN,Transferencia,Anticipo,Reembolsado,PAY-99577669
P0000559,R000460,C02762,2025-08-25,20505.35,MXN,Efectivo,Pago total,Aprobado,PAY-30410352
P0000560,R000421,C01256,2025-08-26,3411.65,MXN,Tarjeta de débito,Liquidación,Aprobado,PAY-60103205
P0000561,R000358,C03259,2025-08-27,30317.01,MXN,Efectivo,Liquidación,Aprobado,PAY-33781255
P0000562,R000459,C03635,2025-08-27,8462.35,MXN,Efectivo,Pago total,Aprobado,PAY-28094197
P0000563,R000461,C03380,2025-08-27,63275.08,MXN,Transferencia,Pago total,Aprobado,PAY-49510990
P0000564,R000463,C03371,2025-08-28,9323.75,MXN,Transferencia,Pago total,Aprobado,PAY-55839545
P0000565,R000465,C03324,2025-08-29,6328.76,MXN,Tarjeta de débito,Anticipo,Aprobado,PAY-29695935
P0000566,R000466,C00043,2025-08-29,6621.61,MXN,Transferencia,Anticipo,Aprobado,PAY-94582879
P0000567,R000410,C03454,2025-08-30,19056.21,MXN,Tarjeta de crédito,Liquidación,Aprobado,PAY-95652693
P0000568,R000467,C00668,2025-08-30,38641.75,MXN,Transferencia,Anticipo,Aprobado,PAY-78777075
P0000569,R000469,C02316,2025-08-30,5214.8,MXN,PayPal,Anticipo,Aprobado,PAY-34320474
P0000570,R000320,C01776,2025-08-31,15050.13,MXN,Tarjeta de crédito,Liquidación,Aprobado,PAY-94668244
P0000571,R000395,C00055,2025-08-31,27140.74,MXN,Efectivo,Liquidación,Aprobado,PAY-60247967
P0000572,R000420,C00445,2025-08-31,29518.29,MXN,PayPal,Liquidación,Aprobado,PAY-11489192
P0000573,R000433,C02096,2025-08-31,7253.25,MXN,Tarjeta de crédito,Liquidación,Aprobado,PAY-35977814
P0000574,R000470,C01633,2025-08-31,15168.19,MXN,PayPal,Pago total,Aprobado,PAY-87508814
P0000575,R000471,C01713,2025-08-31,2995.47,MXN,Tarjeta de crédito,Pago total,Aprobado,PAY-15440813
P0000576,R000472,C01232,2025-08-31,27024.17,MXN,Transferencia,Pago total,Aprobado,PAY-33923032
P0000577,R000473,C02766,2025-08-31,11651.22,MXN,Tarjeta de débito,Pago total,Aprobado,PAY-93346814
P0000578,R000475,C01656,2025-09-01,27373.67,MXN,Transferencia,Anticipo,Aprobado,PAY-99141565
P0000579,R000477,C03848,2025-09-02,37101.5,MXN,PayPal,Anticipo,Aprobado,PAY-69962952
P0000580,R000478,C02715,2025-09-02,45802.89,MXN,PayPal,Pago total,Aprobado,PAY-30287015
P0000581,R000476,C01299,2025-09-03,86521.86,MXN,PayPal,Pago total,Aprobado,PAY-30002809
P0000582,R000389,C02587,2025-09-04,14276.81,MXN,PayPal,Liquidación,Aprobado,PAY-47670309
P0000583,R000394,C03433,2025-09-04,41417.87,MXN,PayPal,Liquidación,Aprobado,PAY-55271948
P0000584,R000474,C02419,2025-09-04,36492.08,MXN,Efectivo,Pago total,Aprobado,PAY-98120234
P0000585,R000480,C01708,2025-09-04,17915.96,MXN,PayPal,Anticipo,Aprobado,PAY-27547802
P0000586,R000481,C02984,2025-09-04,4631.08,MXN,Transferencia,Anticipo,Aprobado,PAY-44912247
P0000587,R000482,C00015,2025-09-05,3813.59,MXN,PayPal,Anticipo,Reembolsado,PAY-15344475
P0000588,R000479,C01771,2025-09-06,11602.31,MXN,Efectivo,Pago total,Aprobado,PAY-85464043
P0000589,R000483,C00950,2025-09-06,12700.88,MXN,Transferencia,Anticipo,Reembolsado,PAY-23093836
P0000590,R000484,C01882,2025-09-07,16533.94,MXN,Tarjeta de débito,Anticipo,Aprobado,PAY-27987065
P0000591,R000485,C01138,2025-09-07,12139.99,MXN,Tarjeta de débito,Anticipo,Reembolsado,PAY-79854055
P0000592,R000487,C01538,2025-09-09,6102.79,MXN,Transferencia,Pago total,Aprobado,PAY-62566203
P0000593,R000488,C00035,2025-09-09,10141.48,MXN,Tarjeta de crédito,Pago total,Aprobado,PAY-47483554
P0000594,R000486,C03028,2025-09-10,52596.42,MXN,PayPal,Pago total,Aprobado,PAY-87893533
P0000595,R000323,C02987,2025-09-11,37208.8,MXN,Tarjeta de crédito,Liquidación,Aprobado,PAY-11543837
P0000596,R000480,C01708,2025-09-11,33488.36,MXN,Tarjeta de débito,Liquidación,Aprobado,PAY-47239177
P0000597,R000494,C00205,2025-09-11,23436.66,MXN,Efectivo,Anticipo,Aprobado,PAY-22075201
P0000598,R000402,C01076,2025-09-12,15712.72,MXN,Tarjeta de débito,Liquidación,Aprobado,PAY-46282081
P0000599,R000493,C00837,2025-09-12,94253.28,MXN,Transferencia,Pago total,Aprobado,PAY-13309778
P0000600,R000495,C00895,2025-09-12,53170.23,MXN,Tarjeta de crédito,Pago total,Aprobado,PAY-20009713
P0000601,R000496,C01116,2025-09-12,24922.77,MXN,Efectivo,Anticipo,Aprobado,PAY-93391184
P0000602,R000407,C02058,2025-09-13,7948.89,MXN,Transferencia,Liquidación,Aprobado,PAY-94462024
P0000603,R000418,C02816,2025-09-13,41877.47,MXN,Tarjeta de débito,Liquidación,Aprobado,PAY-10392587
P0000604,R000489,C00420,2025-09-13,17697.25,MXN,Tarjeta de débito,Pago total,Aprobado,PAY-78280539
P0000605,R000490,C03401,2025-09-13,13123.75,MXN,PayPal,Pago total,Aprobado,PAY-56774157
P0000606,R000492,C01699,2025-09-13,3044.64,MXN,Efectivo,Pago total,Aprobado,PAY-53935989
P0000607,R000500,C03053,2025-09-13,16520.82,MXN,Tarjeta de crédito,Anticipo,Aprobado,PAY-58475357
P0000608,R000384,C00006,2025-09-14,12611.73,MXN,Transferencia,Liquidación,Aprobado,PAY-65638805
P0000609,R000445,C00982,2025-09-14,14232.36,MXN,Transferencia,Liquidación,Aprobado,PAY-71082211
P0000610,R000465,C03324,2025-09-14,11339.34,MXN,PayPal,Liquidación,Aprobado,PAY-92639172
P0000611,R000503,C03910,2025-09-14,132169.89,MXN,Transferencia,Pago total,Aprobado,PAY-42956493
P0000612,R000498,C01579,2025-09-15,11537.64,MXN,Tarjeta de débito,Pago total,Aprobado,PAY-93761453
P0000613,R000501,C01097,2025-09-15,16065.19,MXN,PayPal,Pago total,Aprobado,PAY-52187550
P0000614,R000505,C01784,2025-09-15,23081.52,MXN,PayPal,Pago total,Aprobado,PAY-14685803
P0000615,R000499,C02076,2025-09-16,135057.21,MXN,Tarjeta de crédito,Pago total,Aprobado,PAY-34443435
P0000616,R000504,C03100,2025-09-16,41163.13,MXN,PayPal,Pago total,Aprobado,PAY-81272111
P0000617,R000398,C02389,2025-09-17,66177.0,MXN,Tarjeta de débito,Liquidación,Aprobado,PAY-35211661
P0000618,R000424,C01967,2025-09-18,7184.25,MXN,Efectivo,Liquidación,Aprobado,PAY-94420220
P0000619,R000506,C02812,2025-09-18,10124.56,MXN,Efectivo,Anticipo,Reembolsado,PAY-79250744
P0000620,R000509,C01239,2025-09-18,6174.85,MXN,Tarjeta de crédito,Anticipo,Reembolsado,PAY-53360415
P0000621,R000510,C03314,2025-09-18,5368.78,MXN,Tarjeta de débito,Anticipo,Aprobado,PAY-23889411
P0000622,R000508,C00365,2025-09-19,42800.93,MXN,PayPal,Pago total,Aprobado,PAY-34889688
P0000623,R000511,C00212,2025-09-19,5234.85,MXN,Tarjeta de débito,Anticipo,Reembolsado,PAY-31428700
P0000624,R000361,C02101,2025-09-20,21959.48,MXN,Tarjeta de crédito,Liquidación,Aprobado,PAY-52002894
P0000625,R000514,C01463,2025-09-20,2494.35,MXN,Efectivo,Anticipo,Aprobado,PAY-50614658
P0000626,R000512,C02000,2025-09-21,43329.67,MXN,Tarjeta de crédito,Pago total,Aprobado,PAY-78277032
P0000627,R000513,C00291,2025-09-22,27024.73,MXN,Tarjeta de crédito,Pago total,Aprobado,PAY-45464761
P0000628,R000392,C01892,2025-09-23,52910.58,MXN,Transferencia,Liquidación,Aprobado,PAY-92151877
P0000629,R000516,C03278,2025-09-23,80972.8,MXN,Tarjeta de débito,Pago total,Aprobado,PAY-94007532
P0000630,R000517,C00164,2025-09-23,8201.81,MXN,Transferencia,Anticipo,Aprobado,PAY-64636209
P0000631,R000496,C01116,2025-09-25,39212.92,MXN,Tarjeta de débito,Liquidación,Aprobado,PAY-19354332
P0000632,R000518,C00600,2025-09-25,12834.68,MXN,PayPal,Anticipo,Aprobado,PAY-67659501
P0000633,R000519,C00639,2025-09-26,2725.58,MXN,Transferencia,Pago total,Aprobado,PAY-38154971
P0000634,R000520,C03265,2025-09-26,8527.44,MXN,Tarjeta de crédito,Pago total,Aprobado,PAY-74755385
P0000635,R000521,C01311,2025-09-26,9513.99,MXN,Efectivo,Anticipo,Aprobado,PAY-12521881
P0000636,R000347,C01661,2025-09-27,12177.78,MXN,Tarjeta de crédito,Liquidación,Aprobado,PAY-36420741
P0000637,R000522,C00980,2025-09-27,26994.47,MXN,Efectivo,Pago total,Aprobado,PAY-64478544
P0000638,R000456,C01441,2025-09-29,15002.88,MXN,Tarjeta de débito,Liquidación,Aprobado,PAY-63880642
P0000639,R000524,C00879,2025-09-29,28607.5,MXN,Transferencia,Pago total,Aprobado,PAY-82750956
P0000640,R000525,C00102,2025-09-29,22711.59,MXN,PayPal,Anticipo,Aprobado,PAY-52774375
P0000641,R000526,C01402,2025-09-29,9887.5,MXN,Tarjeta de débito,Anticipo,Aprobado,PAY-15957547
P0000642,R000467,C00668,2025-09-30,49021.45,MXN,Transferencia,Liquidación,Aprobado,PAY-26226366
P0000643,R000523,C00043,2025-09-30,15142.73,MXN,Transferencia,Pago total,Aprobado,PAY-66713902
P0000644,R000527,C02960,2025-10-01,132821.7,MXN,Tarjeta de débito,Pago total,Aprobado,PAY-19087014
P0000645,R000528,C03743,2025-10-01,12609.55,MXN,Tarjeta de débito,Anticipo,Reembolsado,PAY-12709143
P0000646,R000529,C00414,2025-10-01,6086.65,MXN,Efectivo,Pago total,Aprobado,PAY-38629699
P0000647,R000531,C03433,2025-10-02,4288.15,MXN,PayPal,Anticipo,Reembolsado,PAY-77425733
P0000648,R000532,C03465,2025-10-02,9588.07,MXN,PayPal,Anticipo,Reembolsado,PAY-85608774
P0000649,R000440,C00865,2025-10-03,10603.97,MXN,Transferencia,Liquidación,Aprobado,PAY-13649068
P0000650,R000533,C02835,2025-10-04,6220.68,MXN,Transferencia,Anticipo,Reembolsado,PAY-93891604
P0000651,R000535,C01321,2025-10-04,16326.87,MXN,Tarjeta de débito,Pago total,Aprobado,PAY-75760965
P0000652,R000536,C00168,2025-10-04,25438.82,MXN,Tarjeta de débito,Anticipo,Aprobado,PAY-25819097
P0000653,R000539,C01146,2025-10-06,134971.5,MXN,Efectivo,Pago total,Aprobado,PAY-40257323
P0000654,R000427,C02046,2025-10-07,13313.94,MXN,PayPal,Liquidación,Aprobado,PAY-37684899
P0000655,R000441,C03079,2025-10-07,20519.29,MXN,Tarjeta de crédito,Liquidación,Aprobado,PAY-70520373
P0000656,R000534,C00456,2025-10-07,69510.22,MXN,PayPal,Pago total,Aprobado,PAY-26006144
P0000657,R000403,C02653,2025-10-08,39929.62,MXN,PayPal,Liquidación,Aprobado,PAY-31488528
P0000658,R000540,C02884,2025-10-08,5997.06,MXN,PayPal,Pago total,Aprobado,PAY-45490838
P0000659,R000544,C01886,2025-10-10,7986.35,MXN,Efectivo,Anticipo,Reembolsado,PAY-53555524
P0000660,R000542,C01964,2025-10-11,34879.27,MXN,Tarjeta de débito,Pago total,Aprobado,PAY-63356445
P0000661,R000545,C01284,2025-10-11,39137.06,MXN,PayPal,Pago total,Aprobado,PAY-44582248
P0000662,R000494,C00205,2025-10-12,52035.41,MXN,Transferencia,Liquidación,Aprobado,PAY-36273159
P0000663,R000543,C02163,2025-10-12,9709.54,MXN,Tarjeta de débito,Pago total,Aprobado,PAY-41748151
P0000664,R000546,C03798,2025-10-12,26499.59,MXN,Transferencia,Anticipo,Reembolsado,PAY-26636636
P0000665,R000547,C01954,2025-10-12,59096.25,MXN,Transferencia,Pago total,Aprobado,PAY-57226601
P0000666,R000549,C02847,2025-10-13,12593.01,MXN,Tarjeta de débito,Anticipo,Aprobado,PAY-52544732
P0000667,R000550,C01237,2025-10-13,2140.87,MXN,Efectivo,Anticipo,Reembolsado,PAY-67854641
P0000668,R000552,C03161,2025-10-13,5923.72,MXN,Tarjeta de crédito,Anticipo,Aprobado,PAY-11978616
P0000669,R000553,C03001,2025-10-14,62489.49,MXN,Transferencia,Pago total,Aprobado,PAY-82465369
P0000670,R000555,C01156,2025-10-14,6019.26,MXN,Transferencia,Anticipo,Aprobado,PAY-21282533
P0000671,R000469,C02316,2025-10-15,11745.12,MXN,Efectivo,Liquidación,Aprobado,PAY-77281657
P0000672,R000481,C02984,2025-10-15,7773.02,MXN,Transferencia,Liquidación,Aprobado,PAY-15450593
P0000673,R000549,C02847,2025-10-15,21475.5,MXN,PayPal,Liquidación,Aprobado,PAY-49695998
P0000674,R000551,C01984,2025-10-15,18657.87,MXN,Tarjeta de crédito,Pago total,Aprobado,PAY-15288889
P0000675,R000554,C01954,2025-10-15,19026.68,MXN,Tarjeta de crédito,Pago total,Aprobado,PAY-93648587
P0000676,R000518,C00600,2025-10-16,23804.1,MXN,Tarjeta de débito,Liquidación,Aprobado,PAY-19255789
P0000677,R000557,C01868,2025-10-16,9576.64,MXN,Tarjeta de débito,Anticipo,Aprobado,PAY-50065319
P0000678,R000556,C00078,2025-10-17,18102.17,MXN,Tarjeta de crédito,Pago total,Aprobado,PAY-90100845
P0000679,R000558,C03311,2025-10-17,23184.09,MXN,Transferencia,Pago total,Aprobado,PAY-27904762
P0000680,R000559,C01219,2025-10-17,11104.27,MXN,Transferencia,Anticipo,Aprobado,PAY-27401449
P0000681,R000560,C03048,2025-10-17,8150.91,MXN,Transferencia,Anticipo,Aprobado,PAY-25537926
P0000682,R000444,C03106,2025-10-18,14552.53,MXN,Tarjeta de crédito,Liquidación,Aprobado,PAY-58823429
P0000683,R000446,C01300,2025-10-18,11788.18,MXN,Tarjeta de crédito,Liquidación,Aprobado,PAY-76264704
P0000684,R000561,C01343,2025-10-18,3452.51,MXN,Tarjeta de débito,Anticipo,Aprobado,PAY-37432107
P0000685,R000563,C01653,2025-10-19,82500.26,MXN,Tarjeta de crédito,Pago total,Aprobado,PAY-44447413
P0000686,R000564,C01158,2025-10-19,22263.41,MXN,Efectivo,Pago total,Aprobado,PAY-89614582
P0000687,R000565,C03997,2025-10-20,19466.58,MXN,Efectivo,Anticipo,Aprobado,PAY-65632062
P0000688,R000419,C01867,2025-10-21,13047.95,MXN,Transferencia,Liquidación,Aprobado,PAY-69820003
P0000689,R000562,C02072,2025-10-21,85218.91,MXN,Tarjeta de crédito,Pago total,Aprobado,PAY-28468838
P0000690,R000566,C00778,2025-10-22,2815.12,MXN,PayPal,Anticipo,Reembolsado,PAY-61885711
P0000691,R000525,C00102,2025-10-24,43776.39,MXN,Tarjeta de débito,Liquidación,Aprobado,PAY-13919876
P0000692,R000568,C02365,2025-10-24,10535.88,MXN,Tarjeta de débito,Anticipo,Reembolsado,PAY-81876164
P0000693,R000569,C03728,2025-10-24,16389.58,MXN,PayPal,Anticipo,Aprobado,PAY-69135955
P0000694,R000405,C00339,2025-10-25,42872.96,MXN,PayPal,Liquidación,Aprobado,PAY-75877461
P0000695,R000565,C03997,2025-10-25,41342.52,MXN,PayPal,Liquidación,Aprobado,PAY-95093528
P0000696,R000567,C00069,2025-10-26,19567.01,MXN,Transferencia,Pago total,Aprobado,PAY-83968686
P0000697,R000570,C00478,2025-10-26,8714.41,MXN,Efectivo,Anticipo,Reembolsado,PAY-56451486
P0000698,R000571,C02067,2025-10-27,1185.93,MXN,Tarjeta de crédito,Anticipo,Reembolsado,PAY-16970811
P0000699,R000572,C03689,2025-10-28,5032.39,MXN,Efectivo,Anticipo,Aprobado,PAY-24426904
P0000700,R000573,C02277,2025-10-29,22576.64,MXN,Tarjeta de débito,Anticipo,Aprobado,PAY-21702065
P0000701,R000574,C00408,2025-10-30,10317.58,MXN,Tarjeta de débito,Anticipo,Aprobado,PAY-73346860
P0000702,R000575,C01413,2025-10-31,6311.01,MXN,PayPal,Anticipo,Aprobado,PAY-14963449
P0000703,R000577,C01889,2025-11-01,7208.01,MXN,Transferencia,Pago total,Aprobado,PAY-34111078
P0000704,R000580,C00581,2025-11-02,21765.02,MXN,Transferencia,Pago total,Aprobado,PAY-22242679
P0000705,R000581,C01088,2025-11-02,26159.58,MXN,Efectivo,Pago total,Aprobado,PAY-26407256
P0000706,R000578,C03438,2025-11-03,10793.22,MXN,Tarjeta de débito,Pago total,Aprobado,PAY-56324781
P0000707,R000579,C03273,2025-11-03,14459.1,MXN,Tarjeta de crédito,Pago total,Aprobado,PAY-84264148
P0000708,R000582,C03756,2025-11-03,11662.7,MXN,Tarjeta de crédito,Anticipo,Aprobado,PAY-73112547
P0000709,R000584,C02724,2025-11-03,19289.21,MXN,Efectivo,Anticipo,Aprobado,PAY-80202427
P0000710,R000585,C01808,2025-11-05,90059.1,MXN,Tarjeta de débito,Pago total,Aprobado,PAY-72113844
P0000711,R000586,C01772,2025-11-05,4785.75,MXN,Efectivo,Anticipo,Aprobado,PAY-54040324
P0000712,R000587,C00422,2025-11-06,16264.5,MXN,Transferencia,Anticipo,Aprobado,PAY-93375149
P0000713,R000587,C00422,2025-11-07,20669.16,MXN,Efectivo,Liquidación,Aprobado,PAY-83197757
P0000714,R000589,C03245,2025-11-07,22257.47,MXN,Tarjeta de crédito,Anticipo,Reembolsado,PAY-39489267
P0000715,R000588,C03723,2025-11-09,43618.59,MXN,PayPal,Pago total,Aprobado,PAY-50190435
P0000716,R000591,C02669,2025-11-09,11434.15,MXN,Tarjeta de crédito,Anticipo,Aprobado,PAY-23664782
P0000717,R000593,C00497,2025-11-09,8165.26,MXN,Efectivo,Pago total,Aprobado,PAY-61788504
P0000718,R000594,C02722,2025-11-09,7682.18,MXN,Efectivo,Anticipo,Aprobado,PAY-83047477
P0000719,R000477,C03848,2025-11-10,67191.73,MXN,Tarjeta de crédito,Liquidación,Aprobado,PAY-51935161
P0000720,R000526,C01402,2025-11-10,18376.53,MXN,Transferencia,Liquidación,Aprobado,PAY-61955128
P0000721,R000595,C02075,2025-11-10,70128.08,MXN,PayPal,Pago total,Aprobado,PAY-71869556
P0000722,R000590,C00282,2025-11-11,8862.88,MXN,Tarjeta de crédito,Pago total,Aprobado,PAY-92961569
P0000723,R000596,C01308,2025-11-11,25443.9,MXN,Transferencia,Pago total,Aprobado,PAY-49909615
P0000724,R000597,C03218,2025-11-11,31703.0,MXN,Transferencia,Anticipo,Reembolsado,PAY-81321994
P0000725,R000598,C01513,2025-11-11,6619.93,MXN,Transferencia,Anticipo,Aprobado,PAY-62246711
P0000726,R000500,C03053,2025-11-12,25639.34,MXN,Efectivo,Liquidación,Aprobado,PAY-97554026
P0000727,R000600,C02470,2025-11-12,15594.49,MXN,Tarjeta de débito,Anticipo,Reembolsado,PAY-77801770
P0000728,R000603,C01917,2025-11-13,47367.79,MXN,PayPal,Anticipo,Reembolsado,PAY-76984813
P0000729,R000561,C01343,2025-11-14,6719.7,MXN,Tarjeta de crédito,Liquidación,Aprobado,PAY-23543707
P0000730,R000602,C00811,2025-11-14,22129.26,MXN,Tarjeta de débito,Pago total,Aprobado,PAY-57385116
P0000731,R000604,C02367,2025-11-14,14965.17,MXN,Tarjeta de crédito,Anticipo,Aprobado,PAY-20219558
P0000732,R000599,C01562,2025-11-15,26253.49,MXN,Transferencia,Pago total,Aprobado,PAY-99080294
P0000733,R000604,C02367,2025-11-15,15090.15,MXN,Tarjeta de débito,Liquidación,Aprobado,PAY-45718700
P0000734,R000605,C03908,2025-11-15,1031.37,MXN,PayPal,Anticipo,Reembolsado,PAY-97030930
P0000735,R000484,C01882,2025-11-16,16607.72,MXN,Tarjeta de débito,Liquidación,Aprobado,PAY-66808139
P0000736,R000601,C01619,2025-11-16,22400.14,MXN,Transferencia,Pago total,Aprobado,PAY-96655489
P0000737,R000607,C03347,2025-11-17,10100.66,MXN,Tarjeta de crédito,Anticipo,Aprobado,PAY-41238417
P0000738,R000521,C01311,2025-11-18,9773.14,MXN,Tarjeta de débito,Liquidación,Aprobado,PAY-94887656
P0000739,R000608,C00806,2025-11-18,4894.96,MXN,PayPal,Pago total,Aprobado,PAY-36983687
P0000740,R000609,C00684,2025-11-18,10682.39,MXN,Tarjeta de crédito,Anticipo,Aprobado,PAY-84666812
P0000741,R000426,C01324,2025-11-19,4731.9,MXN,PayPal,Liquidación,Aprobado,PAY-36182770
P0000742,R000575,C01413,2025-11-19,9269.02,MXN,Tarjeta de crédito,Liquidación,Aprobado,PAY-46028916
P0000743,R000591,C02669,2025-11-19,21633.4,MXN,Tarjeta de débito,Liquidación,Aprobado,PAY-40814527
P0000744,R000611,C00599,2025-11-19,47819.74,MXN,Tarjeta de crédito,Pago total,Aprobado,PAY-48830501
P0000745,R000613,C03237,2025-11-19,22455.27,MXN,PayPal,Pago total,Aprobado,PAY-65462147
P0000746,R000614,C01207,2025-11-19,20374.34,MXN,Tarjeta de crédito,Anticipo,Aprobado,PAY-62187486
P0000747,R000615,C00245,2025-11-19,37260.45,MXN,PayPal,Anticipo,Reembolsado,PAY-22809883
P0000748,R000610,C00137,2025-11-20,32279.97,MXN,PayPal,Pago total,Aprobado,PAY-46701189
P0000749,R000612,C01857,2025-11-20,32097.97,MXN,Efectivo,Pago total,Aprobado,PAY-18162795
P0000750,R000616,C00440,2025-11-20,8236.61,MXN,PayPal,Anticipo,Aprobado,PAY-34805103
P0000751,R000618,C04029,2025-11-21,21310.82,MXN,Tarjeta de débito,Pago total,Aprobado,PAY-65559623
P0000752,R000466,C00043,2025-11-22,6861.5,MXN,Efectivo,Liquidación,Aprobado,PAY-50622395
P0000753,R000620,C00150,2025-11-22,16140.85,MXN,PayPal,Anticipo,Aprobado,PAY-33349272
P0000754,R000617,C02987,2025-11-23,6202.59,MXN,Efectivo,Pago total,Aprobado,PAY-29248802
P0000755,R000621,C03662,2025-11-23,35773.68,MXN,Transferencia,Pago total,Aprobado,PAY-53150184
P0000756,R000622,C02194,2025-11-23,8880.37,MXN,PayPal,Anticipo,Aprobado,PAY-75049118
P0000757,R000572,C03689,2025-11-24,9009.66,MXN,PayPal,Liquidación,Aprobado,PAY-26242496
P0000758,R000582,C03756,2025-11-24,13093.11,MXN,Tarjeta de débito,Liquidación,Aprobado,PAY-78687178
P0000759,R000619,C01317,2025-11-24,12213.56,MXN,Efectivo,Pago total,Aprobado,PAY-14311416
P0000760,R000626,C02663,2025-11-24,5668.93,MXN,Efectivo,Anticipo,Aprobado,PAY-98697612
P0000761,R000552,C03161,2025-11-25,6858.12,MXN,Efectivo,Liquidación,Aprobado,PAY-60969101
P0000762,R000623,C02053,2025-11-25,23657.8,MXN,Transferencia,Pago total,Aprobado,PAY-67320191
P0000763,R000627,C01562,2025-11-25,11342.89,MXN,PayPal,Pago total,Aprobado,PAY-54698573
P0000764,R000434,C00684,2025-11-26,8338.81,MXN,Transferencia,Liquidación,Aprobado,PAY-57082156
P0000765,R000607,C03347,2025-11-26,23361.43,MXN,Tarjeta de débito,Liquidación,Aprobado,PAY-96842541
P0000766,R000625,C02239,2025-11-26,24535.92,MXN,Tarjeta de débito,Pago total,Aprobado,PAY-79220442
P0000767,R000628,C00301,2025-11-26,13409.97,MXN,Efectivo,Anticipo,Reembolsado,PAY-47549243
P0000768,R000624,C02308,2025-11-27,33482.37,MXN,Tarjeta de crédito,Pago total,Aprobado,PAY-22043866
P0000769,R000631,C01624,2025-11-28,15517.09,MXN,Transferencia,Anticipo,Aprobado,PAY-51090403
P0000770,R000428,C00562,2025-11-29,24127.96,MXN,Tarjeta de débito,Liquidación,Aprobado,PAY-53999503
P0000771,R000630,C03558,2025-11-29,142809.63,MXN,Tarjeta de débito,Pago total,Aprobado,PAY-14238936
P0000772,R000632,C02165,2025-11-29,31263.56,MXN,Efectivo,Pago total,Aprobado,PAY-64800459
P0000773,R000629,C03772,2025-11-30,23267.13,MXN,Transferencia,Pago total,Aprobado,PAY-43045050
P0000774,R000633,C00489,2025-11-30,9902.27,MXN,Tarjeta de débito,Anticipo,Reembolsado,PAY-63605372
P0000775,R000636,C04017,2025-11-30,17287.92,MXN,Efectivo,Anticipo,Reembolsado,PAY-51544298
P0000776,R000637,C02266,2025-11-30,34696.72,MXN,Tarjeta de débito,Pago total,Aprobado,PAY-70360823
P0000777,R000635,C01011,2025-12-01,22348.46,MXN,Tarjeta de débito,Pago total,Aprobado,PAY-27750043
P0000778,R000638,C02853,2025-12-02,77827.61,MXN,Tarjeta de crédito,Pago total,Aprobado,PAY-30822970
P0000779,R000634,C02157,2025-12-03,36165.46,MXN,Efectivo,Pago total,Aprobado,PAY-25697839
P0000780,R000514,C01463,2025-12-04,3150.4,MXN,Efectivo,Liquidación,Aprobado,PAY-21035080
P0000781,R000640,C01767,2025-12-04,5700.19,MXN,Transferencia,Anticipo,Reembolsado,PAY-22044136
P0000782,R000639,C02309,2025-12-05,20885.2,MXN,Tarjeta de crédito,Pago total,Aprobado,PAY-64481060
P0000783,R000642,C02631,2025-12-06,45637.63,MXN,Tarjeta de débito,Pago total,Aprobado,PAY-24738260
P0000784,R000643,C03404,2025-12-06,9756.27,MXN,Transferencia,Anticipo,Aprobado,PAY-71960395
P0000785,R000475,C01656,2025-12-07,30868.09,MXN,PayPal,Liquidación,Aprobado,PAY-65569131
P0000786,R000641,C01491,2025-12-07,129083.86,MXN,Tarjeta de crédito,Pago total,Aprobado,PAY-62834095
P0000787,R000646,C01377,2025-12-07,30878.59,MXN,Transferencia,Pago total,Aprobado,PAY-86780986
P0000788,R000648,C04020,2025-12-08,13975.87,MXN,Tarjeta de débito,Anticipo,Reembolsado,PAY-18068397
P0000789,R000644,C04022,2025-12-09,36031.19,MXN,Tarjeta de débito,Pago total,Aprobado,PAY-12009313
P0000790,R000645,C02637,2025-12-09,4708.58,MXN,Tarjeta de crédito,Pago total,Aprobado,PAY-66882202
P0000791,R000647,C03259,2025-12-09,21456.21,MXN,PayPal,Pago total,Aprobado,PAY-42817135
P0000792,R000555,C01156,2025-12-10,8008.36,MXN,Tarjeta de débito,Liquidación,Aprobado,PAY-55742204
P0000793,R000650,C02940,2025-12-10,27254.35,MXN,Efectivo,Anticipo,Aprobado,PAY-88598214
P0000794,R000652,C04010,2025-12-11,12525.54,MXN,Tarjeta de crédito,Anticipo,Aprobado,PAY-60071256
P0000795,R000649,C00466,2025-12-12,45739.31,MXN,PayPal,Pago total,Aprobado,PAY-17144598
P0000796,R000616,C00440,2025-12-13,10980.33,MXN,Tarjeta de crédito,Liquidación,Aprobado,PAY-85388932
P0000797,R000653,C01168,2025-12-14,21731.92,MXN,Transferencia,Pago total,Aprobado,PAY-11269024
P0000798,R000654,C00855,2025-12-14,32957.06,MXN,PayPal,Pago total,Aprobado,PAY-68911390
P0000799,R000656,C01485,2025-12-14,32752.01,MXN,Transferencia,Anticipo,Aprobado,PAY-97993340
P0000800,R000657,C03660,2025-12-14,7618.26,MXN,Transferencia,Anticipo,Reembolsado,PAY-31021055
P0000801,R000658,C02663,2025-12-14,29477.83,MXN,Transferencia,Anticipo,Reembolsado,PAY-19527555
P0000802,R000659,C01741,2025-12-18,16860.31,MXN,Efectivo,Pago total,Aprobado,PAY-40154678
P0000803,R000662,C02755,2025-12-19,7791.1,MXN,Efectivo,Anticipo,Aprobado,PAY-27442634
P0000804,R000664,C04152,2025-12-20,15251.38,MXN,Tarjeta de débito,Anticipo,Aprobado,PAY-42812311
P0000805,R000660,C00799,2025-12-21,31125.02,MXN,Tarjeta de débito,Pago total,Aprobado,PAY-33172198
P0000806,R000663,C04245,2025-12-22,68003.18,MXN,Tarjeta de crédito,Pago total,Aprobado,PAY-32294950
P0000807,R000665,C02170,2025-12-22,23949.54,MXN,Tarjeta de débito,Pago total,Aprobado,PAY-42769224
P0000808,R000666,C01549,2025-12-22,4283.97,MXN,PayPal,Pago total,Aprobado,PAY-24206583
P0000809,R000667,C04255,2025-12-22,6867.39,MXN,PayPal,Anticipo,Aprobado,PAY-14543629
P0000810,R000559,C01219,2025-12-23,19945.05,MXN,PayPal,Liquidación,Aprobado,PAY-78461921
P0000811,R000669,C01146,2025-12-24,2214.35,MXN,Tarjeta de débito,Anticipo,Aprobado,PAY-51167921
P0000812,R000668,C03127,2025-12-25,20661.1,MXN,PayPal,Pago total,Aprobado,PAY-47725792
P0000813,R000670,C00851,2025-12-26,11672.63,MXN,Tarjeta de débito,Pago total,Aprobado,PAY-77276712
P0000814,R000671,C02155,2025-12-27,8352.69,MXN,Transferencia,Anticipo,Aprobado,PAY-99006419
P0000815,R000574,C00408,2025-12-28,16772.35,MXN,Transferencia,Liquidación,Aprobado,PAY-63345292
P0000816,R000672,C02868,2025-12-28,5808.54,MXN,Tarjeta de crédito,Anticipo,Aprobado,PAY-79957580
P0000817,R000673,C02000,2025-12-28,7446.29,MXN,PayPal,Anticipo,Aprobado,PAY-68975076
P0000818,R000674,C02173,2025-12-28,72854.21,MXN,Transferencia,Pago total,Aprobado,PAY-80646250
P0000819,R000675,C00133,2025-12-29,9640.85,MXN,Tarjeta de crédito,Anticipo,Aprobado,PAY-42713900
P0000820,R000676,C00730,2025-12-29,17537.28,MXN,Efectivo,Anticipo,Aprobado,PAY-61462092
P0000821,R000586,C01772,2025-12-30,10232.99,MXN,PayPal,Liquidación,Aprobado,PAY-62412235
P0000822,R000677,C03090,2025-12-30,38737.91,MXN,Transferencia,Pago total,Aprobado,PAY-40630599
P0000823,R000679,C01431,2026-01-01,36789.01,MXN,Transferencia,Anticipo,Reembolsado,PAY-84722573
P0000824,R000680,C01985,2026-01-01,3580.12,MXN,Tarjeta de débito,Anticipo,Aprobado,PAY-89538139
P0000825,R000681,C01092,2026-01-01,41860.59,MXN,Efectivo,Pago total,Aprobado,PAY-59442321
P0000826,R000510,C03314,2026-01-02,9527.7,MXN,Tarjeta de crédito,Liquidación,Aprobado,PAY-48749164
P0000827,R000682,C03009,2026-01-02,12174.51,MXN,PayPal,Pago total,Aprobado,PAY-68059838
P0000828,R000683,C00847,2026-01-02,17985.23,MXN,Transferencia,Anticipo,Aprobado,PAY-97927041
P0000829,R000678,C01450,2026-01-03,47458.96,MXN,PayPal,Pago total,Aprobado,PAY-74636631
P0000830,R000684,C03397,2026-01-04,38931.41,MXN,Efectivo,Pago total,Aprobado,PAY-48784848
P0000831,R000685,C04261,2026-01-04,44631.25,MXN,Tarjeta de crédito,Pago total,Aprobado,PAY-77743749
P0000832,R000690,C01571,2026-01-06,21712.94,MXN,Tarjeta de crédito,Anticipo,Aprobado,PAY-14669880
P0000833,R000692,C00034,2026-01-07,3345.67,MXN,Efectivo,Anticipo,Aprobado,PAY-76471880
P0000834,R000557,C01868,2026-01-08,12511.0,MXN,Efectivo,Liquidación,Aprobado,PAY-66687214
P0000835,R000584,C02724,2026-01-08,27757.93,MXN,Tarjeta de crédito,Liquidación,Aprobado,PAY-64453288
P0000836,R000693,C00332,2026-01-08,56140.29,MXN,Transferencia,Pago total,Aprobado,PAY-63975165
P0000837,R000695,C03294,2026-01-08,2574.62,MXN,Efectivo,Anticipo,Aprobado,PAY-54866580
P0000838,R000689,C00266,2026-01-09,17957.65,MXN,Efectivo,Pago total,Aprobado,PAY-83869269
P0000839,R000696,C00445,2026-01-09,743.59,MXN,Efectivo,Anticipo,Aprobado,PAY-82892360
P0000840,R000697,C02573,2026-01-09,19316.37,MXN,Transferencia,Anticipo,Aprobado,PAY-29470660
P0000841,R000698,C02623,2026-01-09,2127.42,MXN,Tarjeta de débito,Anticipo,Aprobado,PAY-54050965
P0000842,R000700,C03956,2026-01-11,25569.14,MXN,Tarjeta de débito,Pago total,Aprobado,PAY-19140170
P0000843,R000702,C03445,2026-01-11,40823.52,MXN,Efectivo,Pago total,Aprobado,PAY-34195066
P0000844,R000703,C04239,2026-01-12,5549.07,MXN,Transferencia,Pago total,Aprobado,PAY-32952308
P0000845,R000704,C00765,2026-01-12,58261.22,MXN,Tarjeta de débito,Pago total,Aprobado,PAY-17337724
P0000846,R000699,C03640,2026-01-13,26545.79,MXN,Transferencia,Pago total,Aprobado,PAY-13009589
P0000847,R000517,C00164,2026-01-14,12397.27,MXN,Efectivo,Liquidación,Aprobado,PAY-74538682
P0000848,R000560,C03048,2026-01-14,14090.3,MXN,Tarjeta de crédito,Liquidación,Aprobado,PAY-80832257
P0000849,R000707,C01795,2026-01-14,11850.19,MXN,Tarjeta de débito,Pago total,Aprobado,PAY-88669453
P0000850,R000598,C01513,2026-01-15,14712.87,MXN,PayPal,Liquidación,Aprobado,PAY-29843902
P0000851,R000706,C03250,2026-01-15,11293.61,MXN,Efectivo,Pago total,Aprobado,PAY-14472898
P0000852,R000709,C03214,2026-01-15,13077.98,MXN,Tarjeta de débito,Pago total,Aprobado,PAY-92810609
P0000853,R000705,C02425,2026-01-16,30561.32,MXN,PayPal,Pago total,Aprobado,PAY-38925070
P0000854,R000711,C01745,2026-01-16,6762.19,MXN,Tarjeta de débito,Pago total,Aprobado,PAY-79804125
P0000855,R000712,C03980,2026-01-16,5261.13,MXN,Tarjeta de débito,Anticipo,Aprobado,PAY-92656878
P0000856,R000713,C00869,2026-01-16,30604.01,MXN,Tarjeta de débito,Anticipo,Aprobado,PAY-69395505
P0000857,R000652,C04010,2026-01-17,23275.35,MXN,Tarjeta de débito,Liquidación,Aprobado,PAY-42799280
P0000858,R000669,C01146,2026-01-17,3290.29,MXN,Tarjeta de débito,Liquidación,Aprobado,PAY-77376238
P0000859,R000714,C01179,2026-01-17,37176.92,MXN,Tarjeta de débito,Pago total,Aprobado,PAY-18516689
P0000860,R000650,C02940,2026-01-18,29325.91,MXN,Efectivo,Liquidación,Aprobado,PAY-48580702
P0000861,R000573,C02277,2026-01-19,39859.49,MXN,Transferencia,Liquidación,Aprobado,PAY-55856536
P0000862,R000672,C02868,2026-01-22,6964.4,MXN,Tarjeta de débito,Liquidación,Aprobado,PAY-86539610
P0000863,R000716,C02864,2026-01-22,14310.6,MXN,Tarjeta de débito,Pago total,Aprobado,PAY-83758007
P0000864,R000718,C02276,2026-01-22,22357.45,MXN,Transferencia,Anticipo,Reembolsado,PAY-15680872
P0000865,R000717,C01284,2026-01-23,115847.25,MXN,Efectivo,Pago total,Aprobado,PAY-51972487
P0000866,R000720,C01294,2026-01-23,24583.6,MXN,PayPal,Pago total,Aprobado,PAY-96735818
P0000867,R000721,C00451,2026-01-23,3221.34,MXN,Tarjeta de crédito,Anticipo,Reembolsado,PAY-15777614
P0000868,R000719,C01310,2026-01-24,114133.51,MXN,Tarjeta de crédito,Pago total,Aprobado,PAY-65836324
P0000869,R000722,C02294,2026-01-24,41893.24,MXN,Tarjeta de débito,Pago total,Aprobado,PAY-51700221
P0000870,R000609,C00684,2026-01-25,24716.34,MXN,Transferencia,Liquidación,Aprobado,PAY-47821841
P0000871,R000723,C02120,2026-01-25,5002.55,MXN,Tarjeta de débito,Anticipo,Aprobado,PAY-84684242
P0000872,R000536,C00168,2026-01-26,27001.05,MXN,Tarjeta de débito,Liquidación,Aprobado,PAY-36864911
P0000873,R000725,C01549,2026-01-26,8811.66,MXN,PayPal,Anticipo,Aprobado,PAY-14320042
P0000874,R000673,C02000,2026-01-27,13382.59,MXN,Tarjeta de débito,Liquidación,Aprobado,PAY-77797421
P0000875,R000724,C04349,2026-01-27,46201.2,MXN,Tarjeta de débito,Pago total,Aprobado,PAY-51995353
P0000876,R000726,C04261,2026-01-27,4265.42,MXN,Tarjeta de crédito,Anticipo,Aprobado,PAY-53934367
P0000877,R000727,C00692,2026-01-27,77214.27,MXN,Tarjeta de crédito,Pago total,Aprobado,PAY-56792478
P0000878,R000729,C01806,2026-01-28,45707.45,MXN,Tarjeta de débito,Pago total,Aprobado,PAY-82209010
P0000879,R000730,C00157,2026-01-28,15699.53,MXN,Transferencia,Anticipo,Aprobado,PAY-24622125
P0000880,R000569,C03728,2026-01-29,18782.52,MXN,PayPal,Liquidación,Aprobado,PAY-41649479
P0000881,R000728,C00611,2026-01-29,27229.96,MXN,Tarjeta de débito,Pago total,Aprobado,PAY-52605745
P0000882,R000732,C04152,2026-01-30,9091.29,MXN,PayPal,Anticipo,Aprobado,PAY-25861017
P0000883,R000733,C02602,2026-01-30,6487.25,MXN,Tarjeta de débito,Anticipo,Reembolsado,PAY-77985587
P0000884,R000734,C01457,2026-01-30,7067.55,MXN,PayPal,Anticipo,Aprobado,PAY-63740388
P0000885,R000696,C00445,2026-02-01,1429.04,MXN,Efectivo,Liquidación,Aprobado,PAY-84677065
P0000886,R000731,C00836,2026-02-01,8440.7,MXN,Tarjeta de crédito,Pago total,Aprobado,PAY-89767300
P0000887,R000735,C00010,2026-02-01,5508.93,MXN,Transferencia,Anticipo,Aprobado,PAY-61067027
P0000888,R000692,C00034,2026-02-02,5666.55,MXN,Transferencia,Liquidación,Aprobado,PAY-62250553
P0000889,R000738,C00013,2026-02-02,2621.83,MXN,Tarjeta de crédito,Anticipo,Aprobado,PAY-20975888
P0000890,R000736,C02749,2026-02-03,14629.76,MXN,Efectivo,Pago total,Aprobado,PAY-42172814
P0000891,R000737,C00194,2026-02-04,11508.27,MXN,Transferencia,Pago total,Aprobado,PAY-27328642
P0000892,R000739,C03407,2026-02-04,8435.94,MXN,Efectivo,Anticipo,Aprobado,PAY-78117306
P0000893,R000631,C01624,2026-02-06,25245.47,MXN,Tarjeta de débito,Liquidación,Aprobado,PAY-70917176
P0000894,R000662,C02755,2026-02-06,11784.2,MXN,Tarjeta de crédito,Liquidación,Aprobado,PAY-89296764
P0000895,R000671,C02155,2026-02-06,12330.19,MXN,Efectivo,Liquidación,Aprobado,PAY-77158999
P0000896,R000743,C01949,2026-02-06,11043.21,MXN,Efectivo,Pago total,Aprobado,PAY-25507484
P0000897,R000726,C04261,2026-02-07,4965.65,MXN,Efectivo,Liquidación,Aprobado,PAY-46031086
P0000898,R000740,C01383,2026-02-07,70881.8,MXN,Transferencia,Pago total,Aprobado,PAY-32994581
P0000899,R000744,C02845,2026-02-07,51209.67,MXN,Tarjeta de débito,Anticipo,Aprobado,PAY-44023739
P0000900,R000723,C02120,2026-02-08,6398.34,MXN,PayPal,Liquidación,Aprobado,PAY-23947422
P0000901,R000746,C03656,2026-02-08,9867.78,MXN,Tarjeta de crédito,Anticipo,Aprobado,PAY-30114792
P0000902,R000594,C02722,2026-02-09,12587.92,MXN,Efectivo,Liquidación,Aprobado,PAY-77285764
P0000903,R000741,C02748,2026-02-09,75771.39,MXN,Tarjeta de débito,Pago total,Aprobado,PAY-25242388
P0000904,R000742,C03395,2026-02-09,70134.12,MXN,Transferencia,Pago total,Aprobado,PAY-68208042
P0000905,R000745,C02906,2026-02-09,40735.79,MXN,Efectivo,Pago total,Aprobado,PAY-51535488
P0000906,R000747,C00956,2026-02-09,10238.85,MXN,Tarjeta de débito,Anticipo,Aprobado,PAY-71528787
P0000907,R000626,C02663,2026-02-11,11903.63,MXN,Tarjeta de débito,Liquidación,Aprobado,PAY-73961940
P0000908,R000735,C00010,2026-02-11,7628.51,MXN,Tarjeta de crédito,Liquidación,Aprobado,PAY-82823498
P0000909,R000750,C01913,2026-02-11,26542.34,MXN,Tarjeta de crédito,Pago total,Aprobado,PAY-94771101
P0000910,R000751,C01653,2026-02-11,60158.0,MXN,Tarjeta de crédito,Pago total,Aprobado,PAY-63837897
P0000911,R000753,C00980,2026-02-12,32395.67,MXN,Efectivo,Pago total,Aprobado,PAY-58670762
P0000912,R000752,C02758,2026-02-13,28288.24,MXN,Efectivo,Pago total,Aprobado,PAY-22435635
P0000913,R000754,C00262,2026-02-13,5066.94,MXN,PayPal,Pago total,Aprobado,PAY-43411724
P0000914,R000756,C00090,2026-02-13,133217.68,MXN,Transferencia,Pago total,Aprobado,PAY-19821944
P0000915,R000697,C02573,2026-02-14,21026.83,MXN,Tarjeta de crédito,Liquidación,Aprobado,PAY-34507663
P0000916,R000755,C01320,2026-02-14,19762.2,MXN,Tarjeta de crédito,Pago total,Aprobado,PAY-88046713
P0000917,R000757,C03123,2026-02-14,9005.69,MXN,PayPal,Anticipo,Aprobado,PAY-17927333
P0000918,R000758,C03977,2026-02-14,8350.59,MXN,Efectivo,Anticipo,Aprobado,PAY-61190438
P0000919,R000747,C00956,2026-02-15,11089.04,MXN,Tarjeta de débito,Liquidación,Aprobado,PAY-99943747
P0000920,R000757,C03123,2026-02-15,10203.02,MXN,PayPal,Liquidación,Aprobado,PAY-10600190
P0000921,R000760,C01756,2026-02-15,20491.1,MXN,Tarjeta de crédito,Anticipo,Aprobado,PAY-55011862
P0000922,R000620,C00150,2026-02-16,21519.1,MXN,PayPal,Liquidación,Aprobado,PAY-13386446
P0000923,R000759,C03873,2026-02-16,20001.13,MXN,Transferencia,Pago total,Aprobado,PAY-93276135
P0000924,R000761,C01328,2026-02-18,3492.14,MXN,Tarjeta de crédito,Pago total,Aprobado,PAY-83730816
P0000925,R000762,C01522,2026-02-18,10243.21,MXN,Transferencia,Anticipo,Aprobado,PAY-88965319
P0000926,R000763,C00770,2026-02-18,7622.38,MXN,PayPal,Pago total,Aprobado,PAY-40396577
P0000927,R000764,C01030,2026-02-19,35477.89,MXN,PayPal,Anticipo,Aprobado,PAY-14829016
P0000928,R000765,C04104,2026-02-19,6797.76,MXN,Efectivo,Anticipo,Reembolsado,PAY-78787243
P0000929,R000767,C04354,2026-02-20,2517.56,MXN,Tarjeta de crédito,Anticipo,Aprobado,PAY-81401347
P0000930,R000768,C04069,2026-02-20,7183.94,MXN,Tarjeta de débito,Anticipo,Aprobado,PAY-38288053
P0000931,R000744,C02845,2026-02-21,76214.27,MXN,Tarjeta de débito,Liquidación,Aprobado,PAY-20188223
P0000932,R000772,C01833,2026-02-21,4810.18,MXN,Tarjeta de débito,Anticipo,Reembolsado,PAY-86727195
P0000933,R000773,C02749,2026-02-21,4110.63,MXN,Tarjeta de débito,Anticipo,Aprobado,PAY-13679513
P0000934,R000774,C03654,2026-02-21,24178.55,MXN,Efectivo,Anticipo,Aprobado,PAY-92259621
P0000935,R000766,C03225,2026-02-22,7715.34,MXN,Transferencia,Pago total,Aprobado,PAY-88250837
P0000936,R000770,C02247,2026-02-22,69495.78,MXN,Tarjeta de débito,Pago total,Aprobado,PAY-91789369
P0000937,R000776,C03138,2026-02-22,16211.33,MXN,Efectivo,Anticipo,Aprobado,PAY-53828894
P0000938,R000614,C01207,2026-02-23,42710.42,MXN,Transferencia,Liquidación,Aprobado,PAY-91340541
P0000939,R000769,C00344,2026-02-23,72768.16,MXN,PayPal,Pago total,Aprobado,PAY-31220007
P0000940,R000775,C01052,2026-02-23,17207.18,MXN,Tarjeta de débito,Pago total,Aprobado,PAY-62621630
P0000941,R000777,C03593,2026-02-23,5515.27,MXN,Efectivo,Anticipo,Aprobado,PAY-74453472
P0000942,R000780,C02941,2026-02-25,8600.35,MXN,Transferencia,Anticipo,Aprobado,PAY-13137714
P0000943,R000781,C02832,2026-02-25,10512.63,MXN,PayPal,Anticipo,Reembolsado,PAY-53006365
P0000944,R000778,C00501,2026-02-26,44454.49,MXN,Tarjeta de débito,Pago total,Aprobado,PAY-96508609
P0000945,R000779,C00251,2026-02-26,27809.58,MXN,Tarjeta de crédito,Pago total,Aprobado,PAY-58747074
P0000946,R000782,C02497,2026-02-26,12635.92,MXN,Tarjeta de débito,Anticipo,Aprobado,PAY-47682570
P0000947,R000643,C03404,2026-02-27,22464.33,MXN,PayPal,Liquidación,Aprobado,PAY-60702119
P0000948,R000786,C03702,2026-02-27,52008.3,MXN,Transferencia,Anticipo,Aprobado,PAY-10954204
P0000949,R000787,C01763,2026-02-27,15061.13,MXN,Transferencia,Anticipo,Aprobado,PAY-59192485
P0000950,R000783,C01123,2026-02-28,22200.26,MXN,Efectivo,Pago total,Aprobado,PAY-45267294
P0000951,R000785,C03692,2026-02-28,2174.47,MXN,Tarjeta de débito,Pago total,Aprobado,PAY-95369503
P0000952,R000788,C00168,2026-02-28,45954.61,MXN,Efectivo,Pago total,Aprobado,PAY-35350866
P0000953,R000675,C00133,2026-03-01,13784.17,MXN,Transferencia,Liquidación,Aprobado,PAY-93152026
P0000954,R000784,C04081,2026-03-01,52199.0,MXN,Transferencia,Pago total,Aprobado,PAY-60154207
P0000955,R000793,C00345,2026-03-02,6817.35,MXN,Tarjeta de crédito,Anticipo,Aprobado,PAY-15092972
P0000956,R000794,C00866,2026-03-02,14059.64,MXN,PayPal,Anticipo,Aprobado,PAY-23786387
P0000957,R000656,C01485,2026-03-03,42955.31,MXN,Tarjeta de crédito,Liquidación,Aprobado,PAY-60868597
P0000958,R000667,C04255,2026-03-03,9429.68,MXN,Efectivo,Liquidación,Aprobado,PAY-82321503
P0000959,R000789,C00886,2026-03-03,19390.68,MXN,Tarjeta de débito,Pago total,Aprobado,PAY-55886471
P0000960,R000790,C00137,2026-03-03,33312.0,MXN,Tarjeta de débito,Pago total,Aprobado,PAY-64278272
P0000961,R000795,C02181,2026-03-03,7857.99,MXN,Transferencia,Anticipo,Aprobado,PAY-47345673
P0000962,R000797,C04458,2026-03-03,4616.54,MXN,Tarjeta de crédito,Anticipo,Aprobado,PAY-76410655
P0000963,R000791,C02363,2026-03-04,15237.86,MXN,Transferencia,Pago total,Aprobado,PAY-76264259
P0000964,R000800,C03290,2026-03-05,123322.22,MXN,Tarjeta de débito,Pago total,Aprobado,PAY-91753184
P0000965,R000801,C01158,2026-03-05,23332.38,MXN,Tarjeta de débito,Pago total,Aprobado,PAY-44331696
P0000966,R000732,C04152,2026-03-06,10649.82,MXN,Efectivo,Liquidación,Aprobado,PAY-17857901
P0000967,R000796,C03333,2026-03-06,54298.24,MXN,Transferencia,Pago total,Aprobado,PAY-13403301
P0000968,R000798,C00024,2026-03-06,7843.45,MXN,Tarjeta de crédito,Pago total,Aprobado,PAY-11604134
P0000969,R000803,C00288,2026-03-06,15852.09,MXN,Efectivo,Anticipo,Aprobado,PAY-53753563
P0000970,R000793,C00345,2026-03-07,9007.52,MXN,Transferencia,Liquidación,Aprobado,PAY-55044702
P0000971,R000804,C00264,2026-03-07,18601.46,MXN,Efectivo,Anticipo,Aprobado,PAY-28911987
P0000972,R000805,C00137,2026-03-07,51175.18,MXN,Transferencia,Anticipo,Aprobado,PAY-65687867
P0000973,R000799,C03755,2026-03-08,62317.54,MXN,Transferencia,Pago total,Aprobado,PAY-62183598
P0000974,R000804,C00264,2026-03-08,35821.63,MXN,Efectivo,Liquidación,Aprobado,PAY-81994258
P0000975,R000802,C02837,2026-03-09,10633.02,MXN,PayPal,Pago total,Aprobado,PAY-16723289
P0000976,R000806,C02960,2026-03-10,16703.93,MXN,Tarjeta de crédito,Pago total,Aprobado,PAY-12946094
P0000977,R000808,C01663,2026-03-10,27485.24,MXN,Transferencia,Anticipo,Aprobado,PAY-93510177
P0000978,R000807,C01213,2026-03-11,31945.47,MXN,PayPal,Pago total,Aprobado,PAY-13301929
P0000979,R000809,C04066,2026-03-11,11074.23,MXN,Efectivo,Anticipo,Aprobado,PAY-64116662
P0000980,R000810,C04463,2026-03-11,19025.58,MXN,Transferencia,Pago total,Aprobado,PAY-46911825
P0000981,R000811,C01383,2026-03-12,101235.35,MXN,Tarjeta de crédito,Pago total,Aprobado,PAY-52717984
P0000982,R000812,C03397,2026-03-12,28075.46,MXN,Transferencia,Anticipo,Aprobado,PAY-76301801
P0000983,R000814,C02298,2026-03-12,40010.72,MXN,Transferencia,Anticipo,Reembolsado,PAY-90553754
P0000984,R000815,C00041,2026-03-12,12180.08,MXN,Tarjeta de débito,Anticipo,Aprobado,PAY-10540211
P0000985,R000622,C02194,2026-03-13,12463.45,MXN,Tarjeta de crédito,Liquidación,Aprobado,PAY-82832588
P0000986,R000816,C01177,2026-03-13,4681.2,MXN,Tarjeta de débito,Anticipo,Aprobado,PAY-33254804
P0000987,R000813,C04174,2026-03-14,28274.57,MXN,Tarjeta de crédito,Pago total,Aprobado,PAY-16708888
P0000988,R000795,C02181,2026-03-15,16956.11,MXN,Efectivo,Liquidación,Aprobado,PAY-68648333
P0000989,R000746,C03656,2026-03-16,11923.56,MXN,Tarjeta de crédito,Liquidación,Aprobado,PAY-90559356
P0000990,R000817,C01347,2026-03-16,9669.69,MXN,Transferencia,Pago total,Aprobado,PAY-45469787
P0000991,R000818,C03285,2026-03-16,15409.39,MXN,Tarjeta de débito,Pago total,Aprobado,PAY-40983928
P0000992,R000819,C04248,2026-03-16,10899.33,MXN,Efectivo,Anticipo,Aprobado,PAY-31083583
P0000993,R000820,C01960,2026-03-16,77677.55,MXN,Tarjeta de crédito,Pago total,Aprobado,PAY-63891876
P0000994,R000782,C02497,2026-03-17,24467.14,MXN,Tarjeta de crédito,Liquidación,Aprobado,PAY-91584988
P0000995,R000819,C04248,2026-03-17,11471.14,MXN,Transferencia,Liquidación,Aprobado,PAY-73369848
P0000996,R000664,C04152,2026-03-18,17284.48,MXN,PayPal,Liquidación,Aprobado,PAY-20959464
P0000997,R000822,C01393,2026-03-18,26475.01,MXN,Tarjeta de crédito,Pago total,Aprobado,PAY-80193683
P0000998,R000823,C02402,2026-03-19,15168.73,MXN,Tarjeta de crédito,Pago total,Aprobado,PAY-59852912
P0000999,R000680,C01985,2026-03-20,7424.32,MXN,Tarjeta de crédito,Liquidación,Aprobado,PAY-60936505
P0001000,R000690,C01571,2026-03-20,48578.21,MXN,Transferencia,Liquidación,Aprobado,PAY-28891449
P0001001,R000712,C03980,2026-03-20,6848.42,MXN,Tarjeta de débito,Liquidación,Aprobado,PAY-58732793
P0001002,R000821,C04354,2026-03-20,22193.9,MXN,Tarjeta de débito,Pago total,Aprobado,PAY-94283179
P0001003,R000825,C02166,2026-03-20,27516.7,MXN,Efectivo,Pago total,Aprobado,PAY-30222180
P0001004,R000695,C03294,2026-03-21,3716.38,MXN,Tarjeta de crédito,Liquidación,Aprobado,PAY-39616759
P0001005,R000762,C01522,2026-03-21,15737.91,MXN,Tarjeta de débito,Liquidación,Aprobado,PAY-48086595
P0001006,R000827,C02486,2026-03-23,21569.62,MXN,Transferencia,Pago total,Aprobado,PAY-60435140
P0001007,R000829,C02720,2026-03-23,77339.37,MXN,Efectivo,Pago total,Aprobado,PAY-60533080
P0001008,R000831,C00877,2026-03-23,9703.69,MXN,Transferencia,Anticipo,Aprobado,PAY-58860543
P0001009,R000826,C03347,2026-03-24,22919.6,MXN,PayPal,Pago total,Aprobado,PAY-64235451
P0001010,R000828,C02506,2026-03-24,46685.99,MXN,PayPal,Pago total,Aprobado,PAY-41188951
P0001011,R000834,C00256,2026-03-24,6129.22,MXN,PayPal,Anticipo,Aprobado,PAY-16254799
P0001012,R000833,C01699,2026-03-25,14570.96,MXN,Tarjeta de crédito,Pago total,Aprobado,PAY-50254887
P0001013,R000832,C04253,2026-03-26,23433.8,MXN,Efectivo,Pago total,Aprobado,PAY-79623939
P0001014,R000836,C00221,2026-03-26,21534.7,MXN,Efectivo,Anticipo,Aprobado,PAY-73803385
P0001015,R000837,C01199,2026-03-26,5641.8,MXN,Tarjeta de crédito,Anticipo,Aprobado,PAY-67061501
P0001016,R000838,C03123,2026-03-26,9964.74,MXN,Transferencia,Anticipo,Reembolsado,PAY-58803107
P0001017,R000835,C02894,2026-03-27,65298.74,MXN,Transferencia,Pago total,Aprobado,PAY-93665012
P0001018,R000839,C02737,2026-03-27,27346.5,MXN,PayPal,Anticipo,Reembolsado,PAY-34975630
P0001019,R000840,C00716,2026-03-27,3554.85,MXN,Tarjeta de crédito,Anticipo,Aprobado,PAY-52267051
P0001020,R000841,C00993,2026-03-29,27064.3,MXN,Tarjeta de débito,Anticipo,Aprobado,PAY-68027900
P0001021,R000780,C02941,2026-03-30,9336.91,MXN,Transferencia,Liquidación,Aprobado,PAY-34407723
P0001022,R000843,C01654,2026-03-30,9223.93,MXN,Tarjeta de débito,Anticipo,Aprobado,PAY-56332887
P0001023,R000844,C03583,2026-03-30,21875.47,MXN,Tarjeta de crédito,Anticipo,Aprobado,PAY-70022713
P0001024,R000842,C01126,2026-03-31,34931.58,MXN,Tarjeta de crédito,Pago total,Aprobado,PAY-37191305
P0001025,R000848,C02528,2026-03-31,4766.93,MXN,Tarjeta de crédito,Anticipo,Aprobado,PAY-79906614
P0001026,R000739,C03407,2026-04-01,14254.54,MXN,Tarjeta de débito,Liquidación,Aprobado,PAY-18012964
P0001027,R000849,C00055,2026-04-01,8394.43,MXN,PayPal,Anticipo,Aprobado,PAY-22249535
P0001028,R000805,C00137,2026-04-02,75123.86,MXN,Efectivo,Liquidación,Aprobado,PAY-65542635
P0001029,R000846,C01928,2026-04-02,92786.49,MXN,Transferencia,Pago total,Aprobado,PAY-88423691
P0001030,R000845,C00133,2026-04-03,87230.14,MXN,Tarjeta de crédito,Pago total,Aprobado,PAY-35379498
P0001031,R000713,C00869,2026-04-04,50840.3,MXN,Efectivo,Liquidación,Aprobado,PAY-33993029
P0001032,R000676,C00730,2026-04-05,31772.88,MXN,Tarjeta de crédito,Liquidación,Aprobado,PAY-42972595
P0001033,R000764,C01030,2026-04-05,47219.08,MXN,Transferencia,Liquidación,Aprobado,PAY-91834680
P0001034,R000852,C00409,2026-04-05,10540.85,MXN,Transferencia,Anticipo,Aprobado,PAY-86976445
P0001035,R000773,C02749,2026-04-06,5423.62,MXN,Efectivo,Liquidación,Aprobado,PAY-15258428
P0001036,R000850,C02268,2026-04-06,11074.23,MXN,Efectivo,Pago total,Aprobado,PAY-67988412
P0001037,R000855,C01842,2026-04-06,63518.29,MXN,Transferencia,Pago total,Aprobado,PAY-39111466
P0001038,R000856,C03855,2026-04-06,21821.36,MXN,Tarjeta de débito,Pago total,Aprobado,PAY-17128365
P0001039,R000853,C00341,2026-04-07,69359.55,MXN,Transferencia,Pago total,Aprobado,PAY-31706352
P0001040,R000854,C00704,2026-04-07,41553.63,MXN,Transferencia,Pago total,Aprobado,PAY-99070222
P0001041,R000857,C00988,2026-04-08,3144.76,MXN,Tarjeta de débito,Anticipo,Aprobado,PAY-68969181
P0001042,R000859,C03420,2026-04-09,6626.06,MXN,Tarjeta de débito,Pago total,Aprobado,PAY-41249046
P0001043,R000683,C00847,2026-04-10,28915.87,MXN,PayPal,Liquidación,Aprobado,PAY-50300469
P0001044,R000738,C00013,2026-04-10,2768.72,MXN,Transferencia,Liquidación,Aprobado,PAY-31071465
P0001045,R000758,C03977,2026-04-10,15401.93,MXN,Tarjeta de débito,Liquidación,Aprobado,PAY-25413580
P0001046,R000860,C02292,2026-04-10,67138.13,MXN,PayPal,Pago total,Aprobado,PAY-66116802
P0001047,R000861,C03574,2026-04-10,33321.43,MXN,Tarjeta de crédito,Pago total,Aprobado,PAY-92910747
P0001048,R000863,C01936,2026-04-11,10684.66,MXN,PayPal,Anticipo,Aprobado,PAY-22205195
P0001049,R000864,C02856,2026-04-12,36071.15,MXN,Efectivo,Pago total,Aprobado,PAY-88345382
P0001050,R000865,C02493,2026-04-12,5895.6,MXN,Tarjeta de crédito,Anticipo,Aprobado,PAY-92931192
P0001051,R000786,C03702,2026-04-13,67566.57,MXN,Tarjeta de crédito,Liquidación,Aprobado,PAY-96580723
P0001052,R000862,C00067,2026-04-13,4245.45,MXN,Transferencia,Pago total,Aprobado,PAY-25204598
P0001053,R000866,C01678,2026-04-13,65026.21,MXN,Efectivo,Pago total,Aprobado,PAY-38158180
P0001054,R000867,C03980,2026-04-14,51235.71,MXN,Transferencia,Anticipo,Reembolsado,PAY-91099171
P0001055,R000868,C00211,2026-04-14,50629.38,MXN,Transferencia,Pago total,Aprobado,PAY-40325331
P0001056,R000869,C00275,2026-04-14,2617.93,MXN,Transferencia,Anticipo,Aprobado,PAY-83509257
P0001057,R000725,C01549,2026-04-15,9209.36,MXN,Transferencia,Liquidación,Aprobado,PAY-39937339
P0001058,R000870,C00884,2026-04-15,5377.29,MXN,Efectivo,Anticipo,Aprobado,PAY-85805821
P0001059,R000871,C02535,2026-04-16,12111.44,MXN,Tarjeta de débito,Anticipo,Aprobado,PAY-20381873
P0001060,R000874,C03860,2026-04-16,3422.62,MXN,Tarjeta de crédito,Pago total,Aprobado,PAY-40513001
P0001061,R000730,C00157,2026-04-17,26567.52,MXN,Tarjeta de crédito,Liquidación,Aprobado,PAY-84746015
P0001062,R000870,C00884,2026-04-17,12466.44,MXN,Efectivo,Liquidación,Aprobado,PAY-45186806
P0001063,R000876,C02902,2026-04-17,23639.34,MXN,Tarjeta de débito,Anticipo,Aprobado,PAY-29067812
P0001064,R000873,C00754,2026-04-18,14000.77,MXN,Transferencia,Pago total,Aprobado,PAY-63303640
P0001065,R000877,C01784,2026-04-18,18687.96,MXN,Transferencia,Anticipo,Aprobado,PAY-80319001
P0001066,R000880,C04008,2026-04-18,54713.59,MXN,PayPal,Pago total,Aprobado,PAY-10347312
P0001067,R000872,C00380,2026-04-19,68898.69,MXN,Tarjeta de débito,Pago total,Aprobado,PAY-36716657
P0001068,R000875,C04389,2026-04-19,115530.92,MXN,Efectivo,Pago total,Aprobado,PAY-37421511
P0001069,R000878,C01228,2026-04-19,20519.14,MXN,Efectivo,Pago total,Aprobado,PAY-47866305
P0001070,R000881,C00858,2026-04-19,14767.85,MXN,Tarjeta de débito,Anticipo,Aprobado,PAY-15737731
P0001071,R000841,C00993,2026-04-20,46437.74,MXN,Tarjeta de crédito,Liquidación,Aprobado,PAY-90735497
P0001072,R000836,C00221,2026-04-21,33258.47,MXN,Tarjeta de débito,Liquidación,Aprobado,PAY-84068556
P0001073,R000857,C00988,2026-04-21,5053.25,MXN,Transferencia,Liquidación,Aprobado,PAY-44736601
P0001074,R000882,C00452,2026-04-22,14660.59,MXN,Transferencia,Anticipo,Aprobado,PAY-45512808
P0001075,R000883,C03305,2026-04-22,4584.0,MXN,PayPal,Anticipo,Aprobado,PAY-13826095
P0001076,R000877,C01784,2026-04-23,20471.41,MXN,Tarjeta de débito,Liquidación,Aprobado,PAY-56644969
P0001077,R000884,C04093,2026-04-23,4691.47,MXN,Efectivo,Anticipo,Aprobado,PAY-57762386
P0001078,R000886,C00473,2026-04-25,24208.24,MXN,Transferencia,Pago total,Aprobado,PAY-60536484
P0001079,R000885,C02604,2026-04-26,25685.34,MXN,Efectivo,Pago total,Aprobado,PAY-11788199
P0001080,R000888,C03534,2026-04-26,49365.96,MXN,Tarjeta de débito,Anticipo,Reembolsado,PAY-20355540
P0001081,R000698,C02623,2026-04-27,2356.01,MXN,Transferencia,Liquidación,Aprobado,PAY-26735840
P0001082,R000809,C04066,2026-04-27,21886.87,MXN,Efectivo,Liquidación,Aprobado,PAY-37198495
P0001083,R000777,C03593,2026-04-28,10890.65,MXN,Tarjeta de crédito,Liquidación,Aprobado,PAY-31103252
P0001084,R000887,C04609,2026-04-28,11987.55,MXN,PayPal,Pago total,Aprobado,PAY-38497616
P0001085,R000797,C04458,2026-04-29,7345.31,MXN,Efectivo,Liquidación,Aprobado,PAY-92585567
P0001086,R000894,C04059,2026-04-29,66216.18,MXN,Transferencia,Pago total,Aprobado,PAY-84393761
P0001087,R000808,C01663,2026-04-30,56597.28,MXN,Tarjeta de débito,Liquidación,Aprobado,PAY-52557997
P0001088,R000889,C01268,2026-04-30,39798.94,MXN,PayPal,Pago total,Aprobado,PAY-64272073
P0001089,R000892,C00421,2026-04-30,6892.52,MXN,Efectivo,Pago total,Aprobado,PAY-82145864
P0001090,R000893,C02651,2026-04-30,65712.42,MXN,PayPal,Pago total,Aprobado,PAY-44998318
P0001091,R000895,C03007,2026-04-30,29046.71,MXN,Tarjeta de débito,Anticipo,Aprobado,PAY-43617637
P0001092,R000891,C03637,2026-05-01,21651.85,MXN,Efectivo,Pago total,Aprobado,PAY-71706530
P0001093,R000897,C03961,2026-05-01,6587.47,MXN,Transferencia,Anticipo,Aprobado,PAY-42220130
P0001094,R000882,C00452,2026-05-02,15305.45,MXN,Tarjeta de crédito,Liquidación,Aprobado,PAY-69889742
P0001095,R000899,C00382,2026-05-04,63439.15,MXN,Efectivo,Anticipo,Aprobado,PAY-78836010
P0001096,R000901,C03927,2026-05-04,23762.02,MXN,Tarjeta de crédito,Anticipo,Reembolsado,PAY-96310374
P0001097,R000903,C00394,2026-05-05,575.85,MXN,Transferencia,Anticipo,Reembolsado,PAY-18913855
P0001098,R000904,C03569,2026-05-05,11532.86,MXN,Tarjeta de débito,Anticipo,Aprobado,PAY-20724203
P0001099,R000905,C01602,2026-05-06,13655.94,MXN,Tarjeta de crédito,Anticipo,Aprobado,PAY-96874575
P0001100,R000900,C03152,2026-05-07,25896.3,MXN,Tarjeta de crédito,Pago total,Aprobado,PAY-73837573
P0001101,R000902,C03625,2026-05-07,76735.43,MXN,Transferencia,Pago total,Aprobado,PAY-99169960
P0001102,R000760,C01756,2026-05-08,32442.89,MXN,Efectivo,Liquidación,Aprobado,PAY-51267724
P0001103,R000787,C01763,2026-05-09,24315.63,MXN,PayPal,Liquidación,Aprobado,PAY-45635972
P0001104,R000906,C03831,2026-05-09,1593.98,MXN,PayPal,Pago total,Aprobado,PAY-55100300
P0001105,R000910,C03547,2026-05-09,62103.53,MXN,Efectivo,Pago total,Aprobado,PAY-96789066
P0001106,R000911,C04634,2026-05-09,21791.67,MXN,PayPal,Anticipo,Aprobado,PAY-65978042
P0001107,R000767,C04354,2026-05-10,3676.21,MXN,Tarjeta de crédito,Liquidación,Aprobado,PAY-68170705
P0001108,R000908,C03126,2026-05-10,43431.28,MXN,Transferencia,Pago total,Aprobado,PAY-74799616
P0001109,R000909,C03101,2026-05-11,9756.24,MXN,Transferencia,Pago total,Aprobado,PAY-17730969
P0001110,R000774,C03654,2026-05-12,53408.25,MXN,Efectivo,Liquidación,Aprobado,PAY-96833031
P0001111,R000865,C02493,2026-05-12,7142.66,MXN,Efectivo,Liquidación,Aprobado,PAY-94391252
P0001112,R000913,C04008,2026-05-12,26920.06,MXN,PayPal,Pago total,Aprobado,PAY-26436980
P0001113,R000914,C02950,2026-05-12,30626.06,MXN,Tarjeta de crédito,Pago total,Aprobado,PAY-39718842
P0001114,R000915,C04305,2026-05-12,15395.94,MXN,PayPal,Pago total,Aprobado,PAY-37692423
P0001115,R000912,C04234,2026-05-13,93538.22,MXN,Tarjeta de crédito,Pago total,Aprobado,PAY-42036636
P0001116,R000916,C02549,2026-05-13,64290.13,MXN,Efectivo,Pago total,Aprobado,PAY-28436389
P0001117,R000917,C02283,2026-05-13,4563.63,MXN,Transferencia,Anticipo,Aprobado,PAY-50385869
P0001118,R000918,C02621,2026-05-14,22365.77,MXN,PayPal,Pago total,Aprobado,PAY-25890772
P0001119,R000919,C03348,2026-05-16,35081.49,MXN,Transferencia,Pago total,Aprobado,PAY-33122829
P0001120,R000921,C03673,2026-05-16,27404.45,MXN,Tarjeta de crédito,Pago total,Aprobado,PAY-61204892
P0001121,R000920,C03281,2026-05-17,5937.86,MXN,Tarjeta de débito,Pago total,Aprobado,PAY-97034386
P0001122,R000923,C03743,2026-05-17,30051.63,MXN,Tarjeta de débito,Anticipo,Aprobado,PAY-53654845
P0001123,R000922,C04367,2026-05-18,38273.12,MXN,Tarjeta de crédito,Pago total,Aprobado,PAY-34971939
P0001124,R000925,C03275,2026-05-19,4082.63,MXN,Transferencia,Anticipo,Aprobado,PAY-38975075
P0001125,R000871,C02535,2026-05-20,20770.76,MXN,PayPal,Liquidación,Aprobado,PAY-81512328
P0001126,R000927,C00613,2026-05-20,12529.59,MXN,Tarjeta de débito,Anticipo,Aprobado,PAY-35877356
P0001127,R000929,C02104,2026-05-21,1231.43,MXN,Tarjeta de débito,Anticipo,Aprobado,PAY-73753301
P0001128,R000734,C01457,2026-05-22,10020.09,MXN,Tarjeta de crédito,Liquidación,Aprobado,PAY-86384427
P0001129,R000924,C02677,2026-05-22,28904.8,MXN,Efectivo,Pago total,Aprobado,PAY-22830898
P0001130,R000928,C02071,2026-05-22,76331.16,MXN,Efectivo,Pago total,Aprobado,PAY-29444793
P0001131,R000930,C01622,2026-05-22,29720.19,MXN,PayPal,Pago total,Aprobado,PAY-33975241
P0001132,R000932,C04109,2026-05-23,4000.22,MXN,Tarjeta de débito,Pago total,Aprobado,PAY-11684897
P0001133,R000933,C02996,2026-05-23,58607.61,MXN,PayPal,Anticipo,Reembolsado,PAY-52768094
P0001134,R000931,C01570,2026-05-24,10024.76,MXN,Transferencia,Pago total,Aprobado,PAY-92419160
P0001135,R000935,C01263,2026-05-24,16626.64,MXN,Tarjeta de débito,Anticipo,Reembolsado,PAY-56366900
P0001136,R000936,C04493,2026-05-24,13969.87,MXN,Tarjeta de débito,Anticipo,Aprobado,PAY-82048035
P0001137,R000768,C04069,2026-05-25,9859.24,MXN,Transferencia,Liquidación,Aprobado,PAY-95593476
P0001138,R000934,C01543,2026-05-26,41439.84,MXN,Transferencia,Pago total,Aprobado,PAY-72450277
P0001139,R000939,C01839,2026-05-27,16985.82,MXN,Tarjeta de crédito,Anticipo,Aprobado,PAY-57673913
P0001140,R000816,C01177,2026-05-28,5521.99,MXN,Transferencia,Liquidación,Aprobado,PAY-85767343
P0001141,R000941,C01995,2026-05-28,71803.9,MXN,Transferencia,Pago total,Aprobado,PAY-19388768
P0001142,R000881,C00858,2026-05-29,17762.1,MXN,Tarjeta de crédito,Liquidación,Aprobado,PAY-83945826
P0001143,R000942,C04711,2026-05-29,6290.07,MXN,Tarjeta de crédito,Anticipo,Aprobado,PAY-95504875
P0001144,R000911,C04634,2026-05-30,35906.1,MXN,Transferencia,Liquidación,Aprobado,PAY-73628730
P0001145,R000937,C00499,2026-05-30,191642.35,MXN,Tarjeta de débito,Pago total,Aprobado,PAY-86329972
P0001146,R000938,C01647,2026-05-30,28144.74,MXN,Transferencia,Pago total,Aprobado,PAY-36531949
P0001147,R000942,C04711,2026-05-30,11811.95,MXN,Tarjeta de débito,Liquidación,Aprobado,PAY-21198464
P0001148,R000945,C03133,2026-05-31,13224.86,MXN,Tarjeta de crédito,Pago total,Aprobado,PAY-31837325
P0001149,R000943,C01693,2026-06-01,46965.69,MXN,Efectivo,Pago total,Aprobado,PAY-99965781
P0001150,R000944,C02743,2026-06-02,7862.47,MXN,Tarjeta de débito,Pago total,Aprobado,PAY-15378215
P0001151,R000946,C03172,2026-06-02,59834.21,MXN,Efectivo,Pago total,Aprobado,PAY-75227424
P0001152,R000948,C00976,2026-06-03,52799.67,MXN,Efectivo,Pago total,Aprobado,PAY-80855588
P0001153,R000949,C00641,2026-06-03,36677.12,MXN,Efectivo,Anticipo,Aprobado,PAY-69137148
P0001154,R000947,C01727,2026-06-04,38153.54,MXN,Efectivo,Pago total,Aprobado,PAY-64972795
P0001155,R000897,C03961,2026-06-06,13438.22,MXN,PayPal,Liquidación,Aprobado,PAY-37629962
P0001156,R000951,C01180,2026-06-06,13697.23,MXN,Transferencia,Anticipo,Aprobado,PAY-61315351
P0001157,R000952,C01685,2026-06-06,35354.44,MXN,Tarjeta de débito,Pago total,Aprobado,PAY-40699337
P0001158,R000953,C01959,2026-06-06,8795.07,MXN,PayPal,Anticipo,Reembolsado,PAY-23916081
P0001159,R000852,C00409,2026-06-07,18122.68,MXN,PayPal,Liquidación,Aprobado,PAY-23057926
P0001160,R000899,C00382,2026-06-07,63804.2,MXN,Tarjeta de crédito,Liquidación,Aprobado,PAY-39359952
P0001161,R000803,C00288,2026-06-08,19404.15,MXN,Efectivo,Liquidación,Aprobado,PAY-70377188
P0001162,R000950,C00505,2026-06-08,42436.78,MXN,Tarjeta de crédito,Pago total,Aprobado,PAY-47704734
P0001163,R000955,C00723,2026-06-09,13686.0,MXN,Efectivo,Pago total,Aprobado,PAY-60953704
P0001164,R000958,C02530,2026-06-09,21263.37,MXN,Tarjeta de débito,Pago total,Aprobado,PAY-48658730
P0001165,R000837,C01199,2026-06-10,7261.17,MXN,Efectivo,Liquidación,Aprobado,PAY-24487575
P0001166,R000954,C00332,2026-06-10,17805.3,MXN,Transferencia,Pago total,Aprobado,PAY-93610606
P0001167,R000959,C04268,2026-06-10,24790.9,MXN,PayPal,Anticipo,Aprobado,PAY-51313714
P0001168,R000960,C03096,2026-06-10,1738.39,MXN,Tarjeta de débito,Anticipo,Aprobado,PAY-99347615
P0001169,R000957,C03244,2026-06-11,74536.98,MXN,PayPal,Pago total,Aprobado,PAY-72285225
P0001170,R000961,C00897,2026-06-11,8214.14,MXN,Tarjeta de crédito,Anticipo,Aprobado,PAY-48558142
P0001171,R000962,C02719,2026-06-11,25297.46,MXN,PayPal,Anticipo,Aprobado,PAY-96270774
P0001172,R000812,C03397,2026-06-12,49792.92,MXN,Efectivo,Liquidación,Aprobado,PAY-34411666
P0001173,R000963,C00347,2026-06-12,19284.39,MXN,PayPal,Pago total,Aprobado,PAY-52895522
P0001174,R000964,C01367,2026-06-12,10086.39,MXN,Tarjeta de crédito,Anticipo,Aprobado,PAY-62048985
P0001175,R000967,C03863,2026-06-12,15122.89,MXN,Efectivo,Anticipo,Aprobado,PAY-18239766
P0001176,R000794,C00866,2026-06-13,28492.78,MXN,Tarjeta de crédito,Liquidación,Aprobado,PAY-83084016
P0001177,R000776,C03138,2026-06-14,24973.2,MXN,PayPal,Liquidación,Aprobado,PAY-93672408
P0001178,R000843,C01654,2026-06-14,16537.91,MXN,Transferencia,Liquidación,Aprobado,PAY-89320017
P0001179,R000905,C01602,2026-06-14,21706.82,MXN,PayPal,Liquidación,Aprobado,PAY-36969773
P0001180,R000965,C01191,2026-06-14,83136.29,MXN,Efectivo,Pago total,Aprobado,PAY-68650049
P0001181,R000969,C04370,2026-06-14,17732.0,MXN,PayPal,Anticipo,Aprobado,PAY-74071990
P0001182,R000970,C02034,2026-06-14,17507.39,MXN,Efectivo,Anticipo,Aprobado,PAY-90104736
P0001183,R000971,C03301,2026-06-14,1382.81,MXN,Tarjeta de crédito,Anticipo,Aprobado,PAY-91288647
P0001184,R000966,C00638,2026-06-15,11666.27,MXN,Efectivo,Pago total,Aprobado,PAY-38514892
P0001185,R000975,C04079,2026-06-18,45165.3,MXN,Tarjeta de crédito,Pago total,Aprobado,PAY-68057092
P0001186,R000973,C01291,2026-06-19,35396.51,MXN,Transferencia,Pago total,Aprobado,PAY-61441797
P0001187,R000974,C01261,2026-06-19,82657.14,MXN,Efectivo,Pago total,Aprobado,PAY-16563962
P0001188,R000976,C01183,2026-06-19,3000.18,MXN,Efectivo,Anticipo,Pendiente,PAY-49755168
P0001189,R000964,C01367,2026-06-20,14710.9,MXN,Transferencia,Liquidación,Aprobado,PAY-54645101
P0001190,R000972,C00534,2026-06-20,52679.77,MXN,Efectivo,Pago total,Aprobado,PAY-52025871
P0001191,R000977,C01046,2026-06-20,6807.4,MXN,PayPal,Anticipo,Aprobado,PAY-14139442
P0001192,R000978,C02253,2026-06-20,31278.77,MXN,Efectivo,Pago total,Aprobado,PAY-66155474
P0001193,R000979,C00208,2026-06-20,17202.52,MXN,Efectivo,Anticipo,Aprobado,PAY-55872764
P0001194,R000980,C03592,2026-06-21,15228.96,MXN,Tarjeta de débito,Anticipo,Reembolsado,PAY-90599048
P0001195,R000981,C04700,2026-06-21,15739.76,MXN,Tarjeta de débito,Anticipo,Aprobado,PAY-33040440
P0001196,R000982,C01275,2026-06-22,12832.55,MXN,Transferencia,Anticipo,Aprobado,PAY-26818789
P0001197,R000983,C00817,2026-06-22,36906.22,MXN,Efectivo,Anticipo,Aprobado,PAY-90441003
P0001198,R000834,C00256,2026-06-23,14055.92,MXN,Tarjeta de débito,Liquidación,Aprobado,PAY-42064152
P0001199,R000895,C03007,2026-06-23,51317.15,MXN,Tarjeta de crédito,Liquidación,Aprobado,PAY-44152074
P0001200,R000977,C01046,2026-06-23,12426.99,MXN,Efectivo,Liquidación,Aprobado,PAY-31177394
P0001201,R000986,C04677,2026-06-23,17507.49,MXN,Tarjeta de crédito,Anticipo,Aprobado,PAY-18344621
P0001202,R000815,C00041,2026-06-24,14071.94,MXN,Tarjeta de débito,Liquidación,Aprobado,PAY-51581222
P0001203,R000987,C02849,2026-06-24,20779.49,MXN,PayPal,Pago total,Aprobado,PAY-44062899
P0001204,R000988,C01061,2026-06-24,16231.64,MXN,Tarjeta de crédito,Anticipo,Reembolsado,PAY-96587608
P0001205,R000969,C04370,2026-06-25,39052.93,MXN,Efectivo,Liquidación,Aprobado,PAY-12033579
P0001206,R000990,C03757,2026-06-25,35734.34,MXN,Tarjeta de crédito,Anticipo,Aprobado,PAY-87674601
P0001207,R000993,C03532,2026-06-25,8219.98,MXN,PayPal,Pago total,Aprobado,PAY-54741370
P0001208,R000984,C02471,2026-06-26,23994.06,MXN,Transferencia,Pago total,Aprobado,PAY-67096323
P0001209,R000985,C03997,2026-06-26,71536.67,MXN,Efectivo,Pago total,Aprobado,PAY-88912603
P0001210,R000989,C03733,2026-06-26,52937.93,MXN,PayPal,Pago total,Aprobado,PAY-21922720
P0001211,R000831,C00877,2026-06-27,20603.56,MXN,Transferencia,Liquidación,Aprobado,PAY-25617207
P0001212,R000991,C03423,2026-06-27,60896.11,MXN,Transferencia,Pago total,Aprobado,PAY-56816066
P0001213,R000992,C03355,2026-06-27,36838.69,MXN,Efectivo,Pago total,Aprobado,PAY-99190029
P0001214,R000995,C02886,2026-06-27,15325.64,MXN,PayPal,Anticipo,Aprobado,PAY-57634020
P0001215,R000999,C04071,2026-06-28,35423.68,MXN,Efectivo,Pago total,Aprobado,PAY-66035062
P0001216,R000994,C01035,2026-06-29,25734.74,MXN,Tarjeta de crédito,Pago total,Aprobado,PAY-61995153
P0001217,R000998,C00496,2026-06-29,5793.32,MXN,Tarjeta de crédito,Pago total,Aprobado,PAY-92317697
P0001218,R001000,C02856,2026-06-29,124570.69,MXN,Efectivo,Pago total,Aprobado,PAY-30547430
P0001219,R001002,C03071,2026-06-29,42930.75,MXN,Tarjeta de débito,Anticipo,Aprobado,PAY-71760099
P0001220,R001003,C04216,2026-06-29,16821.37,MXN,Transferencia,Anticipo,Reembolsado,PAY-14455646
P0001221,R000997,C02924,2026-06-30,25362.56,MXN,Transferencia,Pago total,Aprobado,PAY-40880590
P0001222,R001001,C02691,2026-07-01,13260.54,MXN,Efectivo,Pago total,Aprobado,PAY-93559488
P0001223,R001004,C00042,2026-07-01,7667.4,MXN,Efectivo,Anticipo,Aprobado,PAY-16444789
P0001224,R000929,C02104,2026-07-02,1464.36,MXN,Efectivo,Liquidación,Aprobado,PAY-31063067
P0001225,R001004,C00042,2026-07-02,17591.64,MXN,Efectivo,Liquidación,Aprobado,PAY-37312288
P0001226,R001005,C00832,2026-07-02,4302.57,MXN,PayPal,Anticipo,Reembolsado,PAY-17327438
P0001227,R000844,C03583,2026-07-03,44240.47,MXN,Tarjeta de débito,Liquidación,Aprobado,PAY-13338919
P0001228,R000848,C02528,2026-07-03,6543.32,MXN,Transferencia,Liquidación,Aprobado,PAY-80709146
P0001229,R001006,C00441,2026-07-04,20068.7,MXN,Efectivo,Anticipo,Aprobado,PAY-31264225
P0001230,R001007,C00077,2026-07-04,37566.72,MXN,Tarjeta de débito,Anticipo,Aprobado,PAY-21967284
P0001231,R001010,C02584,2026-07-04,16191.8,MXN,Transferencia,Anticipo,Aprobado,PAY-33007320
P0001232,R001008,C01465,2026-07-06,10657.86,MXN,Tarjeta de débito,Pago total,Aprobado,PAY-41334630
P0001233,R001009,C03235,2026-07-06,46249.5,MXN,PayPal,Pago total,Aprobado,PAY-33010031
P0001234,R000876,C02902,2026-07-07,45918.75,MXN,PayPal,Liquidación,Aprobado,PAY-77074128
P0001235,R000884,C04093,2026-07-07,6276.32,MXN,Tarjeta de crédito,Liquidación,Aprobado,PAY-96747807
P0001236,R001006,C00441,2026-07-07,27916.83,MXN,Efectivo,Liquidación,Aprobado,PAY-27896947
P0001237,R001011,C02624,2026-07-07,24586.59,MXN,PayPal,Anticipo,Aprobado,PAY-38936776
P0001238,R001012,C02761,2026-07-08,17897.57,MXN,Tarjeta de débito,Pago total,Aprobado,PAY-90457916
P0001239,R000849,C00055,2026-07-09,9049.44,MXN,Tarjeta de débito,Liquidación,Aprobado,PAY-76004708
P0001240,R000925,C03275,2026-07-09,4329.58,MXN,PayPal,Liquidación,Aprobado,PAY-88562669
P0001241,R001013,C03831,2026-07-09,11717.28,MXN,Tarjeta de crédito,Pago total,Aprobado,PAY-52766927
P0001242,R001014,C02106,2026-07-09,2871.71,MXN,Tarjeta de débito,Anticipo,Aprobado,PAY-40100764
P0001243,R000840,C00716,2026-07-10,6628.96,MXN,Tarjeta de crédito,Liquidación,Aprobado,PAY-49372545
P0001244,R001017,C00711,2026-07-10,11174.3,MXN,PayPal,Anticipo,Aprobado,PAY-30113648
P0001245,R001015,C02911,2026-07-11,47809.8,MXN,Tarjeta de débito,Pago total,Aprobado,PAY-67813426
P0001246,R001019,C04681,2026-07-11,24309.0,MXN,Tarjeta de crédito,Anticipo,Aprobado,PAY-63327953
P0001247,R001016,C03738,2026-07-12,32027.9,MXN,Tarjeta de débito,Pago total,Aprobado,PAY-83537874
P0001248,R001020,C02305,2026-07-12,40207.81,MXN,Tarjeta de crédito,Pago total,Aprobado,PAY-50477963
P0001249,R000982,C01275,2026-07-13,20818.0,MXN,PayPal,Liquidación,Aprobado,PAY-79673737
P0001250,R001022,C00746,2026-07-13,15780.29,MXN,Transferencia,Anticipo,Aprobado,PAY-67608731
P0001251,R001023,C01981,2026-07-13,3433.56,MXN,Tarjeta de crédito,Anticipo,Aprobado,PAY-50591709
P0001252,R001024,C02587,2026-07-14,40076.26,MXN,Efectivo,Anticipo,Aprobado,PAY-70985545
P0001253,R001025,C01096,2026-07-14,39102.75,MXN,Transferencia,Pago total,Aprobado,PAY-62635582
P0001254,R001027,C01474,2026-07-15,1497.19,MXN,Tarjeta de débito,Anticipo,Aprobado,PAY-98639458
P0001255,R001029,C04790,2026-07-15,20735.06,MXN,PayPal,Anticipo,Aprobado,PAY-25552313
P0001256,R001026,C04722,2026-07-16,33316.76,MXN,Tarjeta de débito,Pago total,Aprobado,PAY-68430180
P0001257,R001028,C02241,2026-07-16,22823.47,MXN,Tarjeta de débito,Pago total,Aprobado,PAY-67060858
P0001258,R001014,C02106,2026-07-17,4824.72,MXN,Tarjeta de débito,Liquidación,Aprobado,PAY-93660625
P0001259,R001032,C00119,2026-07-17,23446.95,MXN,Efectivo,Pago total,Aprobado,PAY-41733899
P0001260,R000863,C01936,2026-07-18,14772.04,MXN,Tarjeta de crédito,Liquidación,Aprobado,PAY-48360451
P0001261,R000939,C01839,2026-07-18,18691.58,MXN,Tarjeta de crédito,Liquidación,Aprobado,PAY-91027794
P0001262,R001030,C01151,2026-07-18,102464.25,MXN,Tarjeta de crédito,Pago total,Aprobado,PAY-45280826
P0001263,R001031,C03091,2026-07-19,44109.21,MXN,Tarjeta de crédito,Pago total,Aprobado,PAY-63657119
P0001264,R001033,C04268,2026-07-20,32440.17,MXN,Transferencia,Pago total,Aprobado,PAY-25387585
P0001265,R001035,C00357,2026-07-20,1824.46,MXN,Tarjeta de débito,Anticipo,Aprobado,PAY-93641260
P0001266,R001036,C04708,2026-07-20,11466.32,MXN,PayPal,Anticipo,Aprobado,PAY-80817635
P0001267,R000883,C03305,2026-07-21,9216.38,MXN,PayPal,Liquidación,Aprobado,PAY-38443268
P0001268,R000970,C02034,2026-07-22,35397.27,MXN,Transferencia,Liquidación,Aprobado,PAY-76646756
P0001269,R000995,C02886,2026-07-22,16237.37,MXN,Efectivo,Liquidación,Aprobado,PAY-86616511
P0001270,R001039,C00156,2026-07-22,13900.36,MXN,Tarjeta de crédito,Anticipo,Aprobado,PAY-81964905
P0001271,R001007,C00077,2026-07-23,66514.64,MXN,PayPal,Liquidación,Aprobado,PAY-92555878
P0001272,R001037,C03824,2026-07-23,32025.9,MXN,Tarjeta de débito,Pago total,Aprobado,PAY-16124089
P0001273,R001038,C00693,2026-07-23,17946.58,MXN,PayPal,Pago total,Aprobado,PAY-84357651
P0001274,R001040,C01365,2026-07-23,16271.97,MXN,Tarjeta de débito,Anticipo,Aprobado,PAY-64121767
P0001275,R001027,C01474,2026-07-26,2212.42,MXN,Tarjeta de crédito,Liquidación,Aprobado,PAY-73165833
P0001276,R001043,C01402,2026-07-26,118163.79,MXN,Efectivo,Pago total,Aprobado,PAY-95506219
P0001277,R000923,C03743,2026-07-27,34706.54,MXN,Efectivo,Liquidación,Aprobado,PAY-23389950
P0001278,R000981,C04700,2026-07-27,21158.44,MXN,Transferencia,Liquidación,Aprobado,PAY-89315357
P0001279,R001041,C04113,2026-07-27,17013.67,MXN,Efectivo,Pago total,Aprobado,PAY-44537515
P0001280,R000869,C00275,2026-07-28,2919.9,MXN,PayPal,Liquidación,Aprobado,PAY-95928941
P0001281,R000927,C00613,2026-07-28,23438.24,MXN,PayPal,Liquidación,Aprobado,PAY-99572076
P0001282,R001042,C04794,2026-07-28,152389.2,MXN,PayPal,Pago total,Aprobado,PAY-49687106
P0001283,R001044,C00827,2026-07-29,65745.24,MXN,PayPal,Pago total,Aprobado,PAY-92874867
P0001284,R001046,C01233,2026-07-29,12683.75,MXN,Efectivo,Anticipo,Aprobado,PAY-88490775
P0001285,R000951,C01180,2026-07-31,14535.95,MXN,Efectivo,Liquidación,Aprobado,PAY-36414312
P0001286,R001045,C01350,2026-08-01,12655.95,MXN,Efectivo,Pago total,Aprobado,PAY-81267719
P0001287,R001048,C00394,2026-08-01,19687.1,MXN,Tarjeta de débito,Pago total,Aprobado,PAY-30251936
P0001288,R001049,C04597,2026-08-01,62234.22,MXN,Efectivo,Pago total,Aprobado,PAY-26563610
P0001289,R001052,C04839,2026-08-01,22708.68,MXN,Efectivo,Anticipo,Aprobado,PAY-71458088
P0001290,R001047,C04494,2026-08-02,20633.59,MXN,Tarjeta de débito,Pago total,Aprobado,PAY-87206313
P0001291,R001050,C02740,2026-08-02,80248.6,MXN,PayPal,Pago total,Aprobado,PAY-77281251
P0001292,R001051,C00440,2026-08-02,22210.22,MXN,Tarjeta de crédito,Pago total,Aprobado,PAY-18787152
P0001293,R001053,C02256,2026-08-03,23215.37,MXN,Tarjeta de débito,Anticipo,Aprobado,PAY-77705345
P0001294,R001054,C04887,2026-08-03,4870.41,MXN,PayPal,Anticipo,Pendiente,PAY-40019446
P0001295,R001055,C04423,2026-08-04,24883.69,MXN,PayPal,Anticipo,Aprobado,PAY-62211772
P0001296,R001056,C04252,2026-08-05,10194.25,MXN,Tarjeta de débito,Pago total,Aprobado,PAY-70009827
P0001297,R001057,C04122,2026-08-05,7477.07,MXN,Tarjeta de crédito,Anticipo,Aprobado,PAY-14861118
P0001298,R001058,C04077,2026-08-06,7505.7,MXN,PayPal,Anticipo,Aprobado,PAY-26611388
P0001299,R000936,C04493,2026-08-07,17464.38,MXN,Efectivo,Liquidación,Aprobado,PAY-97030022
P0001300,R001059,C03824,2026-08-09,63299.02,MXN,Transferencia,Pago total,Aprobado,PAY-92147875
P0001301,R001060,C02269,2026-08-09,85407.8,MXN,Efectivo,Pago total,Aprobado,PAY-36688989
P0001302,R001061,C03076,2026-08-09,6939.87,MXN,Transferencia,Anticipo,Aprobado,PAY-50377758
P0001303,R001062,C00535,2026-08-10,21137.53,MXN,Transferencia,Anticipo,Aprobado,PAY-16421813
P0001304,R001063,C02702,2026-08-10,10890.74,MXN,Transferencia,Anticipo,Aprobado,PAY-73142397
P0001305,R001064,C00553,2026-08-11,7410.74,MXN,Transferencia,Anticipo,Aprobado,PAY-63291388
P0001306,R001024,C02587,2026-08-12,46639.17,MXN,Efectivo,Liquidación,Aprobado,PAY-34655341
P0001307,R001061,C03076,2026-08-13,8940.88,MXN,Tarjeta de débito,Liquidación,Aprobado,PAY-22690702
P0001308,R001065,C00564,2026-08-13,6117.16,MXN,Transferencia,Anticipo,Aprobado,PAY-43479829
P0001309,R000959,C04268,2026-08-14,31037.29,MXN,Tarjeta de débito,Liquidación,Aprobado,PAY-61510688
P0001310,R001066,C03590,2026-08-14,15613.66,MXN,Tarjeta de débito,Anticipo,Aprobado,PAY-54667754
P0001311,R000904,C03569,2026-08-15,20639.46,MXN,Transferencia,Liquidación,Aprobado,PAY-96954149
P0001312,R001066,C03590,2026-08-15,18952.84,MXN,Transferencia,Liquidación,Aprobado,PAY-79201820
P0001313,R001067,C03641,2026-08-15,38009.1,MXN,Tarjeta de débito,Anticipo,Aprobado,PAY-91729183
P0001314,R000960,C03096,2026-08-16,1935.01,MXN,Tarjeta de crédito,Liquidación,Aprobado,PAY-48618987
P0001315,R001069,C04551,2026-08-16,42186.18,MXN,Efectivo,Anticipo,Aprobado,PAY-11736128
P0001316,R001072,C01420,2026-08-16,26685.23,MXN,Transferencia,Anticipo,Aprobado,PAY-11780167
P0001317,R000979,C00208,2026-08-18,18111.28,MXN,Tarjeta de crédito,Liquidación,Aprobado,PAY-85409992
P0001318,R000949,C00641,2026-08-19,70476.44,MXN,Efectivo,Liquidación,Aprobado,PAY-43508269
P0001319,R001029,C04790,2026-08-19,40200.05,MXN,Tarjeta de crédito,Liquidación,Aprobado,PAY-67847452
P0001320,R001071,C02159,2026-08-19,54371.3,MXN,Tarjeta de débito,Pago total,Aprobado,PAY-63166333
P0001321,R001073,C00033,2026-08-19,12261.14,MXN,Tarjeta de crédito,Pago total,Aprobado,PAY-11956583
P0001322,R001074,C04007,2026-08-19,21776.1,MXN,Tarjeta de débito,Anticipo,Aprobado,PAY-93655288
P0001323,R000971,C03301,2026-08-20,1972.93,MXN,Transferencia,Liquidación,Aprobado,PAY-12881241
P0001324,R001075,C03555,2026-08-20,9680.28,MXN,Tarjeta de débito,Anticipo,Reembolsado,PAY-87367275
P0001325,R001069,C04551,2026-08-21,57064.91,MXN,Transferencia,Liquidación,Aprobado,PAY-16524438
P0001326,R000917,C02283,2026-08-22,8487.41,MXN,Efectivo,Liquidación,Aprobado,PAY-64666385
P0001327,R001076,C03680,2026-08-23,19627.14,MXN,PayPal,Pago total,Aprobado,PAY-51279665
P0001328,R001077,C04234,2026-08-23,32751.29,MXN,PayPal,Pago total,Aprobado,PAY-50671663
P0001329,R001079,C03724,2026-08-24,78372.49,MXN,Tarjeta de crédito,Pago total,Aprobado,PAY-32014358
P0001330,R001080,C04445,2026-08-24,9079.73,MXN,PayPal,Anticipo,Aprobado,PAY-50813084
P0001331,R001011,C02624,2026-08-25,46552.66,MXN,Efectivo,Liquidación,Aprobado,PAY-39561994
P0001332,R001078,C00155,2026-08-26,59429.08,MXN,PayPal,Pago total,Aprobado,PAY-95682985
P0001333,R001019,C04681,2026-08-27,37774.2,MXN,PayPal,Liquidación,Aprobado,PAY-61676831
P0001334,R001084,C01966,2026-08-27,23234.84,MXN,Tarjeta de crédito,Anticipo,Aprobado,PAY-40460844
P0001335,R001085,C02251,2026-08-27,29287.58,MXN,Transferencia,Pago total,Aprobado,PAY-42787262
P0001336,R001087,C01010,2026-08-27,4254.88,MXN,Tarjeta de crédito,Anticipo,Aprobado,PAY-29816841
P0001337,R001083,C03999,2026-08-28,5181.13,MXN,Tarjeta de crédito,Pago total,Aprobado,PAY-33637660
P0001338,R001084,C01966,2026-08-28,23463.21,MXN,PayPal,Liquidación,Aprobado,PAY-95527381
P0001339,R001088,C02908,2026-08-28,2382.12,MXN,Tarjeta de débito,Anticipo,Reembolsado,PAY-77910890
P0001340,R001089,C00868,2026-08-28,10807.53,MXN,Transferencia,Anticipo,Aprobado,PAY-75513215
P0001341,R000983,C00817,2026-08-29,54260.51,MXN,Transferencia,Liquidación,Aprobado,PAY-12016286
P0001342,R001082,C01726,2026-08-29,53531.69,MXN,Efectivo,Pago total,Aprobado,PAY-17446788
P0001343,R001086,C04452,2026-08-29,39221.47,MXN,Efectivo,Pago total,Aprobado,PAY-81888656
P0001344,R001090,C01802,2026-08-29,10836.86,MXN,Tarjeta de débito,Anticipo,Aprobado,PAY-11782570
P0001345,R001092,C04826,2026-08-29,9940.8,MXN,Tarjeta de crédito,Anticipo,Reembolsado,PAY-70639482
P0001346,R001096,C01359,2026-08-30,7472.62,MXN,Tarjeta de crédito,Pago total,Aprobado,PAY-42606349
P0001347,R000961,C00897,2026-08-31,16110.4,MXN,Tarjeta de crédito,Liquidación,Aprobado,PAY-37839756
P0001348,R001053,C02256,2026-08-31,28089.17,MXN,Transferencia,Liquidación,Aprobado,PAY-35376248
P0001349,R001093,C04327,2026-08-31,66380.04,MXN,PayPal,Pago total,Aprobado,PAY-68343914
P0001350,R001097,C03614,2026-08-31,12958.72,MXN,Tarjeta de débito,Anticipo,Aprobado,PAY-50515006
P0001351,R001098,C03581,2026-08-31,28332.25,MXN,Tarjeta de débito,Pago total,Aprobado,PAY-51367855
P0001352,R001095,C04608,2026-09-01,31065.92,MXN,Tarjeta de débito,Pago total,Aprobado,PAY-69280986
P0001353,R001094,C04049,2026-09-02,11146.97,MXN,Efectivo,Pago total,Aprobado,PAY-25979609
P0001354,R001099,C02421,2026-09-03,9806.58,MXN,Efectivo,Anticipo,Aprobado,PAY-26458406
P0001355,R001103,C03033,2026-09-04,12898.31,MXN,Efectivo,Anticipo,Reembolsado,PAY-72757307
P0001356,R001104,C03069,2026-09-04,6424.96,MXN,Tarjeta de crédito,Pago total,Aprobado,PAY-22944131
P0001357,R001106,C02995,2026-09-04,8517.24,MXN,Tarjeta de crédito,Anticipo,Aprobado,PAY-45418155
P0001358,R001062,C00535,2026-09-05,28713.94,MXN,Transferencia,Liquidación,Aprobado,PAY-89983078
P0001359,R001100,C02815,2026-09-05,38782.37,MXN,Tarjeta de crédito,Pago total,Aprobado,PAY-24215727
P0001360,R001105,C00039,2026-09-05,21654.48,MXN,Tarjeta de débito,Pago total,Aprobado,PAY-25486880
P0001361,R001107,C00377,2026-09-05,32941.1,MXN,Tarjeta de crédito,Pago total,Aprobado,PAY-48932181
P0001362,R001108,C03572,2026-09-05,33824.27,MXN,Tarjeta de débito,Anticipo,Pendiente,PAY-78399925
P0001363,R001101,C01204,2026-09-06,52439.69,MXN,Efectivo,Pago total,Aprobado,PAY-31207359
P0001364,R001102,C01657,2026-09-06,13134.17,MXN,Transferencia,Pago total,Aprobado,PAY-32363404
P0001365,R001109,C00453,2026-09-07,5481.04,MXN,Transferencia,Anticipo,Reembolsado,PAY-21372214
P0001366,R001110,C03876,2026-09-07,11885.4,MXN,Tarjeta de crédito,Anticipo,Reembolsado,PAY-71931601
P0001367,R001111,C02809,2026-09-08,2598.35,MXN,Efectivo,Anticipo,Aprobado,PAY-68686386
P0001368,R001112,C03310,2026-09-08,61770.11,MXN,PayPal,Pago total,Aprobado,PAY-88394515
P0001369,R000990,C03757,2026-09-09,70401.75,MXN,Tarjeta de crédito,Liquidación,Aprobado,PAY-89559125
P0001370,R001114,C03170,2026-09-09,4909.66,MXN,Transferencia,Anticipo,Pendiente,PAY-86404728
P0001371,R001115,C04050,2026-09-09,8136.23,MXN,Tarjeta de crédito,Anticipo,Aprobado,PAY-70303715
P0001372,R001116,C04967,2026-09-10,21836.07,MXN,Transferencia,Anticipo,Aprobado,PAY-69245137
P0001373,R001113,C04856,2026-09-11,58262.26,MXN,Tarjeta de crédito,Pago total,Aprobado,PAY-18434762
P0001374,R001118,C02724,2026-09-11,18905.24,MXN,Tarjeta de crédito,Pago total,Aprobado,PAY-33123754
P0001375,R001119,C00968,2026-09-11,42697.76,MXN,Efectivo,Pago total,Aprobado,PAY-73478962
P0001376,R001022,C00746,2026-09-12,32526.95,MXN,Transferencia,Liquidación,Aprobado,PAY-74934478
P0001377,R001121,C01746,2026-09-12,7645.25,MXN,Tarjeta de crédito,Anticipo,Aprobado,PAY-87598943
P0001378,R001035,C00357,2026-09-13,3126.31,MXN,Efectivo,Liquidación,Aprobado,PAY-83086389
P0001379,R001090,C01802,2026-09-13,14935.9,MXN,Efectivo,Liquidación,Aprobado,PAY-96082863
P0001380,R001097,C03614,2026-09-13,21502.21,MXN,Tarjeta de crédito,Liquidación,Aprobado,PAY-32092353
P0001381,R001120,C01689,2026-09-13,17849.12,MXN,Transferencia,Pago total,Aprobado,PAY-79855452
P0001382,R001122,C04013,2026-09-13,70281.44,MXN,Transferencia,Anticipo,Aprobado,PAY-62789645
P0001383,R001123,C00559,2026-09-13,1495.6,MXN,Transferencia,Anticipo,Reembolsado,PAY-69976722
P0001384,R001117,C02357,2026-09-14,77283.77,MXN,Tarjeta de débito,Pago total,Aprobado,PAY-16084141
P0001385,R001124,C02366,2026-09-14,33553.72,MXN,PayPal,Anticipo,Reembolsado,PAY-78635504
P0001386,R001125,C04161,2026-09-15,20995.88,MXN,Tarjeta de crédito,Pago total,Aprobado,PAY-68844143
P0001387,R001130,C01494,2026-09-15,4099.87,MXN,Transferencia,Anticipo,Aprobado,PAY-85439193
P0001388,R001132,C01414,2026-09-15,4171.41,MXN,Efectivo,Anticipo,Reembolsado,PAY-82401915
P0001389,R001133,C04376,2026-09-15,23163.34,MXN,PayPal,Pago total,Aprobado,PAY-65465137
P0001390,R001134,C01679,2026-09-15,15517.7,MXN,Efectivo,Anticipo,Reembolsado,PAY-19265829
P0001391,R001135,C03031,2026-09-15,92885.98,MXN,Efectivo,Anticipo,Aprobado,PAY-99456917
P0001392,R001136,C03271,2026-09-15,7792.5,MXN,Tarjeta de débito,Anticipo,Pendiente,PAY-74557492
P0001393,R001137,C00181,2026-09-15,44572.9,MXN,Transferencia,Pago total,Aprobado,PAY-10849879
P0001394,R001138,C04848,2026-09-15,4791.55,MXN,PayPal,Anticipo,Aprobado,PAY-11980588
P0001395,R001140,C01895,2026-09-15,15143.95,MXN,Efectivo,Anticipo,Pendiente,PAY-56998698
P0001396,R001141,C02227,2026-09-15,23722.96,MXN,Efectivo,Pago total,Aprobado,PAY-57283617
P0001397,R001142,C04439,2026-09-15,5380.77,MXN,Transferencia,Anticipo,Aprobado,PAY-80303306
P0001398,R001143,C04564,2026-09-15,36894.74,MXN,PayPal,Pago total,Aprobado,PAY-47002073
P0001399,R001144,C04457,2026-09-15,37917.07,MXN,Tarjeta de crédito,Pago total,Aprobado,PAY-16796102
P0001400,R001145,C03502,2026-09-15,6553.48,MXN,Tarjeta de débito,Anticipo,Aprobado,PAY-88292956
P0001401,R001147,C03155,2026-09-15,4205.83,MXN,PayPal,Anticipo,Pendiente,PAY-79983296
P0001402,R001148,C00942,2026-09-15,5079.48,MXN,Tarjeta de débito,Anticipo,Aprobado,PAY-73013446
P0001403,R001149,C03965,2026-09-15,87440.52,MXN,Efectivo,Pago total,Aprobado,PAY-98278985
P0001404,R001150,C03166,2026-09-15,4978.76,MXN,Transferencia,Anticipo,Aprobado,PAY-31739970
P0001405,R001151,C02672,2026-09-15,2701.39,MXN,Transferencia,Anticipo,Aprobado,PAY-66328013
P0001406,R001152,C02384,2026-09-15,65572.42,MXN,Tarjeta de crédito,Pago total,Aprobado,PAY-67464524
P0001407,R001153,C04455,2026-09-15,25173.51,MXN,Efectivo,Pago total,Aprobado,PAY-99482043
P0001408,R001154,C03341,2026-09-15,16535.05,MXN,PayPal,Anticipo,Reembolsado,PAY-29673142
P0001409,R001157,C04656,2026-09-15,6973.05,MXN,Efectivo,Anticipo,Aprobado,PAY-71810825
P0001410,R001158,C02608,2026-09-15,45693.4,MXN,Transferencia,Pago total,Aprobado,PAY-81283062
P0001411,R001159,C03819,2026-09-15,6331.28,MXN,Tarjeta de débito,Anticipo,Pendiente,PAY-69945685
P0001412,R001160,C04358,2026-09-15,18104.31,MXN,PayPal,Pago total,Aprobado,PAY-36185537
P0001413,R001161,C01974,2026-09-15,47176.97,MXN,Efectivo,Anticipo,Aprobado,PAY-27425984
P0001414,R001162,C03384,2026-09-15,2461.77,MXN,Tarjeta de crédito,Anticipo,Pendiente,PAY-16731686
P0001415,R001164,C02726,2026-09-15,35596.4,MXN,Efectivo,Pago total,Aprobado,PAY-57097378
P0001416,R001167,C00378,2026-09-15,5381.8,MXN,Transferencia,Anticipo,Aprobado,PAY-31475195
P0001417,R001168,C01732,2026-09-15,7513.18,MXN,PayPal,Anticipo,Aprobado,PAY-62799525
P0001418,R001169,C03151,2026-09-15,2219.32,MXN,Tarjeta de débito,Anticipo,Aprobado,PAY-68849025
P0001419,R001170,C01762,2026-09-15,37304.33,MXN,Tarjeta de débito,Anticipo,Aprobado,PAY-35937475
P0001420,R001171,C04139,2026-09-15,27590.76,MXN,PayPal,Anticipo,Aprobado,PAY-45517043
P0001421,R001175,C03459,2026-09-15,9299.09,MXN,Tarjeta de crédito,Anticipo,Aprobado,PAY-98543658
P0001422,R001180,C04075,2026-09-15,15748.58,MXN,Transferencia,Anticipo,Aprobado,PAY-85204159
P0001423,R001182,C02525,2026-09-15,26342.43,MXN,Tarjeta de crédito,Anticipo,Reembolsado,PAY-51582884
P0001424,R001183,C03637,2026-09-15,5625.81,MXN,PayPal,Anticipo,Aprobado,PAY-84143024
P0001425,R001184,C00586,2026-09-15,4536.36,MXN,Tarjeta de débito,Anticipo,Aprobado,PAY-99245665
P0001426,R001185,C02140,2026-09-15,50896.63,MXN,Tarjeta de débito,Pago total,Aprobado,PAY-86016425
P0001427,R001186,C03508,2026-09-15,15791.62,MXN,Tarjeta de débito,Anticipo,Pendiente,PAY-79709088
P0001428,R001187,C01208,2026-09-15,9475.25,MXN,Efectivo,Pago total,Aprobado,PAY-37433471
P0001429,R001188,C01547,2026-09-15,6088.9,MXN,Tarjeta de débito,Anticipo,Aprobado,PAY-57265831
P0001430,R001189,C03839,2026-09-15,47599.59,MXN,Tarjeta de crédito,Anticipo,Aprobado,PAY-91738373
P0001431,R001190,C03482,2026-09-15,3656.5,MXN,Efectivo,Anticipo,Aprobado,PAY-45018740
P0001432,R001191,C02872,2026-09-15,13876.11,MXN,Tarjeta de crédito,Anticipo,Aprobado,PAY-95144904
P0001433,R001195,C04603,2026-09-15,4713.55,MXN,Tarjeta de débito,Anticipo,Pendiente,PAY-21504811
P0001434,R001200,C04608,2026-09-15,7089.78,MXN,Efectivo,Anticipo,Aprobado,PAY-79735493
P0001435,R001166,C02799,2026-09-16,54373.22,MXN,PayPal,Pago total,Aprobado,PAY-72938797
P0001436,R001173,C03802,2026-09-16,52170.44,MXN,PayPal,Pago total,Aprobado,PAY-24869473
P0001437,R001177,C02976,2026-09-16,17831.47,MXN,Tarjeta de débito,Pago total,Aprobado,PAY-67644741
P0001438,R001179,C00234,2026-09-16,20933.34,MXN,Tarjeta de crédito,Pago total,Aprobado,PAY-75055387
P0001439,R001192,C01058,2026-09-16,25084.66,MXN,PayPal,Pago total,Aprobado,PAY-56536692
P0001440,R001194,C00105,2026-09-16,5073.01,MXN,PayPal,Pago total,Aprobado,PAY-38554703
P0001441,R001197,C03494,2026-09-16,15310.94,MXN,Efectivo,Pago total,Aprobado,PAY-10840022
P0001442,R001198,C04756,2026-09-16,41917.56,MXN,Tarjeta de débito,Pago total,Aprobado,PAY-96001372
P0001443,R001139,C02088,2026-09-17,48331.81,MXN,Efectivo,Pago total,Aprobado,PAY-34637474
P0001444,R001156,C04703,2026-09-17,97601.5,MXN,Transferencia,Pago total,Aprobado,PAY-40668171
P0001445,R001172,C04349,2026-09-17,28093.67,MXN,Efectivo,Pago total,Aprobado,PAY-59886020
P0001446,R000986,C04677,2026-09-18,33075.14,MXN,PayPal,Liquidación,Aprobado,PAY-53654805
P0001447,R001129,C02483,2026-09-18,10989.67,MXN,PayPal,Pago total,Aprobado,PAY-24321828
P0001448,R001131,C00337,2026-09-18,49390.7,MXN,PayPal,Pago total,Aprobado,PAY-34268460
P0001449,R001155,C00061,2026-09-18,36331.27,MXN,Transferencia,Pago total,Aprobado,PAY-48621801
P0001450,R001163,C00639,2026-09-18,13563.2,MXN,Tarjeta de crédito,Pago total,Aprobado,PAY-49422904
P0001451,R001165,C03062,2026-09-18,25430.6,MXN,Tarjeta de crédito,Pago total,Aprobado,PAY-88278393
P0001452,R001178,C01889,2026-09-18,14286.19,MXN,PayPal,Pago total,Aprobado,PAY-82072361
P0001453,R001193,C03909,2026-09-18,36576.75,MXN,Tarjeta de débito,Pago total,Aprobado,PAY-32002373
P0001454,R000962,C02719,2026-09-28,27363.87,MXN,Tarjeta de débito,Liquidación,Aprobado,PAY-26211081
P0001455,R001055,C04423,2026-09-29,25810.61,MXN,Efectivo,Liquidación,Aprobado,PAY-75098965
P0001456,R001111,C02809,2026-09-30,4055.2,MXN,PayPal,Liquidación,Aprobado,PAY-60306363
P0001457,R001010,C02584,2026-10-01,24473.56,MXN,Tarjeta de débito,Liquidación,Aprobado,PAY-55825524
P0001458,R001036,C04708,2026-10-01,13787.14,MXN,Tarjeta de crédito,Liquidación,Aprobado,PAY-11547836
P0001459,R001122,C04013,2026-10-01,85617.28,MXN,Tarjeta de débito,Liquidación,Aprobado,PAY-75241417
P0001460,R001067,C03641,2026-10-03,47906.58,MXN,PayPal,Liquidación,Pendiente,PAY-98137571
P0001461,R001116,C04967,2026-10-05,27119.61,MXN,PayPal,Liquidación,Pendiente,PAY-31931624
P0001462,R001057,C04122,2026-10-10,16430.1,MXN,Tarjeta de débito,Liquidación,Pendiente,PAY-38262023
P0001463,R001135,C03031,2026-10-14,104489.22,MXN,Tarjeta de débito,Liquidación,Pendiente,PAY-71831037
P0001464,R001046,C01233,2026-10-15,27035.05,MXN,Tarjeta de crédito,Liquidación,Pendiente,PAY-86255621
P0001465,R001058,C04077,2026-10-15,8972.57,MXN,Tarjeta de crédito,Liquidación,Pendiente,PAY-41583024
P0001466,R001064,C00553,2026-10-15,10800.0,MXN,Efectivo,Liquidación,Pendiente,PAY-54342108
P0001467,R001138,C04848,2026-10-17,8318.8,MXN,Efectivo,Liquidación,Pendiente,PAY-92829026
P0001468,R001017,C00711,2026-10-19,14329.18,MXN,Tarjeta de crédito,Liquidación,Pendiente,PAY-63431197
P0001469,R001065,C00564,2026-10-24,7536.29,MXN,Efectivo,Liquidación,Pendiente,PAY-23695801
P0001470,R001080,C04445,2026-10-25,14028.27,MXN,PayPal,Liquidación,Pendiente,PAY-86120240
P0001471,R001142,C04439,2026-10-27,11529.08,MXN,Tarjeta de crédito,Liquidación,Pendiente,PAY-59573127
P0001472,R001121,C01746,2026-10-28,15502.42,MXN,Tarjeta de crédito,Liquidación,Pendiente,PAY-50387865
P0001473,R001039,C00156,2026-10-29,20220.8,MXN,Efectivo,Liquidación,Pendiente,PAY-55790614
P0001474,R001040,C01365,2026-10-29,16338.89,MXN,Tarjeta de débito,Liquidación,Pendiente,PAY-84058132
P0001475,R001074,C04007,2026-10-29,31319.71,MXN,Transferencia,Liquidación,Pendiente,PAY-88476167
P0001476,R001052,C04839,2026-11-07,37542.98,MXN,PayPal,Liquidación,Pendiente,PAY-14038678
P0001477,R001063,C02702,2026-11-07,20094.68,MXN,Tarjeta de débito,Liquidación,Pendiente,PAY-53770270
P0001478,R001145,C03502,2026-11-10,8298.63,MXN,Tarjeta de crédito,Liquidación,Pendiente,PAY-82987442
P0001479,R001148,C00942,2026-11-13,11208.59,MXN,Tarjeta de crédito,Liquidación,Pendiente,PAY-17139964
P0001480,R001150,C03166,2026-11-14,6783.62,MXN,Tarjeta de débito,Liquidación,Pendiente,PAY-83949192
P0001481,R001115,C04050,2026-11-27,16564.72,MXN,Efectivo,Liquidación,Pendiente,PAY-84917897
P0001482,R001168,C01732,2026-12-01,14961.08,MXN,Tarjeta de débito,Liquidación,Pendiente,PAY-93936622
P0001483,R001072,C01420,2026-12-03,42879.4,MXN,PayPal,Liquidación,Pendiente,PAY-42988062
P0001484,R001161,C01974,2026-12-03,72139.48,MXN,Transferencia,Liquidación,Pendiente,PAY-99896098
P0001485,R001167,C00378,2026-12-04,6872.53,MXN,Tarjeta de débito,Liquidación,Pendiente,PAY-51875945
P0001486,R001169,C03151,2026-12-07,3709.81,MXN,Tarjeta de crédito,Liquidación,Pendiente,PAY-92236297
P0001487,R001175,C03459,2026-12-08,11385.77,MXN,Transferencia,Liquidación,Pendiente,PAY-49880222
P0001488,R001089,C00868,2026-12-09,14701.05,MXN,Transferencia,Liquidación,Pendiente,PAY-92017008
P0001489,R001170,C01762,2026-12-12,65818.07,MXN,Transferencia,Liquidación,Pendiente,PAY-90989434
P0001490,R001190,C03482,2026-12-12,5099.42,MXN,Tarjeta de débito,Liquidación,Pendiente,PAY-31935032
P0001491,R001171,C04139,2026-12-13,46432.52,MXN,Transferencia,Liquidación,Pendiente,PAY-42151175
P0001492,R001183,C03637,2026-12-14,12922.47,MXN,Tarjeta de crédito,Liquidación,Pendiente,PAY-42848428
P0001493,R001189,C03839,2026-12-15,84759.02,MXN,Tarjeta de débito,Liquidación,Pendiente,PAY-32765010
P0001494,R001180,C04075,2026-12-19,23172.77,MXN,Tarjeta de débito,Liquidación,Pendiente,PAY-45692910
P0001495,R001184,C00586,2026-12-19,7600.23,MXN,PayPal,Liquidación,Pendiente,PAY-56565746
P0001496,R001191,C02872,2026-12-19,17461.35,MXN,Tarjeta de crédito,Liquidación,Pendiente,PAY-24140826
P0001497,R001188,C01547,2026-12-22,8155.22,MXN,Efectivo,Liquidación,Pendiente,PAY-68808791
P0001498,R001200,C04608,2026-12-27,13749.37,MXN,Transferencia,Liquidación,Pendiente,PAY-69321836
