id_reserva,id_cliente,id_vuelo,id_hotel,fecha_reserva,fecha_salida,fecha_regreso,destino,tipo_reserva,num_personas,descuento_pct,monto_total,moneda,estado_reserva
R000001,C01612,V08182,,2025-01-01,2025-01-08,2025-01-11,Vancouver,Vuelo,2,15,13626.4,MXN,Completada
R000002,C00001,V08001,H0096,2025-01-01,2025-01-08,2025-01-12,París,Paquete,1,0,26216.72,MXN,Completada
R000003,C01925,V06429,H0648,2025-01-01,2025-01-08,2025-01-15,Guadalajara,Paquete,4,20,40952.02,MXN,Completada
R000004,C03003,V02405,H0634,2025-01-01,2025-01-10,2025-01-14,Puerto Vallarta,Paquete,2,20,12887.3,MXN,Completada
R000005,C02593,V06518,H0310,2025-01-01,2025-01-11,2025-01-17,Monterrey,Paquete,4,15,33279.61,MXN,Cancelada
R000006,C01964,V03361,H0122,2025-01-01,2025-01-11,2025-01-13,Orlando,Paquete,3,20,23497.7,MXN,Cancelada
R000007,C01186,V02209,H0216,2025-01-01,2025-01-11,2025-01-13,París,Paquete,1,15,15449.75,MXN,Completada
R000008,C01685,V04326,H0600,2025-01-01,2025-01-12,2025-01-16,Mérida,Paquete,3,0,21386.41,MXN,Completada
R000009,C02954,V05901,,2025-01-01,2025-01-12,2025-01-20,Orlando,Vuelo,5,15,22972.4,MXN,Completada
R000010,C02705,V05874,H0959,2025-01-01,2025-01-14,2025-01-19,Nueva York,Paquete,5,5,65608.95,MXN,Cancelada
R000011,C00558,V09381,H0952,2025-01-01,2025-01-16,2025-01-23,Cancún,Paquete,4,5,30723.84,MXN,Completada
R000012,C01095,,H0169,2025-01-01,2025-01-16,2025-01-18,Puerto Vallarta,Hotel,5,0,15393.3,MXN,Completada
R000013,C01873,V05977,,2025-01-01,2025-01-16,2025-01-18,Miami,Vuelo,2,15,12181.52,MXN,Completada
R000014,C00723,V01578,H0880,2025-01-01,2025-01-16,2025-01-18,Monterrey,Paquete,5,0,21159.68,MXN,Completada
R000015,C03130,,H0815,2025-01-01,2025-01-17,2025-01-19,Miami,Hotel,4,20,7708.19,MXN,Completada
R000016,C00122,V05784,H0686,2025-01-01,2025-01-17,2025-01-27,Acapulco,Paquete,5,0,95026.4,MXN,Completada
R000017,C02323,V06000,,2025-01-01,2025-01-19,2025-01-27,París,Vuelo,3,20,52234.9,MXN,Completada
R000018,C03243,V02293,H0853,2025-01-01,2025-01-19,2025-01-26,Vancouver,Paquete,5,10,108056.39,MXN,Cancelada
R000019,C01989,V09721,,2025-01-01,2025-01-20,2025-01-23,Guadalajara,Vuelo,2,20,5097.89,MXN,Completada
R000020,C02593,,H0018,2025-01-01,2025-01-20,2025-01-26,Guadalajara,Hotel,3,5,17358.44,MXN,Completada
R000021,C01281,V07827,H0014,2025-01-01,2025-01-21,2025-01-28,Nueva York,Paquete,5,20,79200.58,MXN,Completada
R000022,C00216,V00091,H0808,2025-01-01,2025-01-22,2025-01-28,Vancouver,Paquete,5,20,68242.52,MXN,Completada
R000023,C02505,V04881,H0875,2025-01-01,2025-01-22,2025-01-29,Miami,Paquete,5,0,54411.87,MXN,Cancelada
R000024,C02636,,H0150,2025-01-01,2025-01-23,2025-01-31,Mérida,Hotel,1,10,20287.8,MXN,Completada
R000025,C01215,,H0837,2025-01-01,2025-01-23,2025-02-01,Huatulco,Hotel,5,10,76397.74,MXN,Completada
R000026,C00609,V08931,H0247,2025-01-01,2025-01-24,2025-02-03,Cancún,Paquete,2,0,39596.06,MXN,Completada
R000027,C03204,V01877,H0397,2025-01-01,2025-01-24,2025-01-26,Cancún,Paquete,5,0,19686.11,MXN,Completada
R000028,C01789,V01390,H0094,2025-01-01,2025-01-25,2025-02-04,Puerto Vallarta,Paquete,1,10,36856.07,MXN,Completada
R000029,C01099,V03992,H0641,2025-01-01,2025-01-26,2025-01-28,Acapulco,Paquete,3,10,13936.1,MXN,Completada
R000030,C02100,V07851,,2025-01-01,2025-01-27,2025-02-01,Miami,Vuelo,3,0,27776.64,MXN,Completada
R000031,C01233,,H0297,2025-01-01,2025-01-28,2025-02-02,Huatulco,Hotel,4,20,16988.72,MXN,Completada
R000032,C03064,V09491,H0101,2025-01-01,2025-01-29,2025-02-03,Acapulco,Paquete,3,5,16527.57,MXN,Completada
R000033,C00538,,H0455,2025-01-01,2025-01-29,2025-02-06,Miami,Hotel,3,0,35781.76,MXN,Completada
R000034,C00682,,H0211,2025-01-01,2025-01-30,2025-02-05,Madrid,Hotel,3,10,56463.8,MXN,Completada
R000035,C02638,,H0875,2025-01-01,2025-01-30,2025-02-08,Miami,Hotel,3,15,25105.31,MXN,Completada
R000036,C01680,V02064,,2025-01-01,2025-01-31,2025-02-06,Madrid,Vuelo,4,20,39992.8,MXN,Completada
R000037,C01145,V02271,H0976,2025-01-01,2025-02-01,2025-02-04,Madrid,Paquete,4,15,72837.69,MXN,Completada
R000038,C00001,V05980,H0851,2025-01-01,2025-02-01,2025-02-06,Acapulco,Paquete,4,10,33966.86,MXN,Completada
R000039,C01764,V07373,H0745,2025-01-01,2025-02-02,2025-02-05,Monterrey,Paquete,1,5,10517.38,MXN,Completada
R000040,C00309,V08095,,2025-01-01,2025-02-02,2025-02-10,Vancouver,Vuelo,2,10,11623.81,MXN,Completada
R000041,C01145,V05094,H0117,2025-01-01,2025-02-02,2025-02-05,Huatulco,Paquete,3,15,27068.25,MXN,Completada
R000042,C02420,,H0722,2025-01-01,2025-02-03,2025-02-05,Orlando,Hotel,2,0,3255.48,MXN,Completada
R000043,C02904,V06139,H0654,2025-01-01,2025-02-03,2025-02-11,Las Vegas,Paquete,3,0,65698.2,MXN,Cancelada
R000044,C01174,V00437,,2025-01-01,2025-02-04,2025-02-09,Vancouver,Vuelo,4,20,20814.37,MXN,Completada
R000045,C01935,V09443,H0642,2025-01-01,2025-02-05,2025-02-10,Huatulco,Paquete,4,5,39279.97,MXN,Completada
R000046,C01592,V04746,H0565,2025-01-01,2025-02-05,2025-02-15,Monterrey,Paquete,4,0,47160.76,MXN,Completada
R000047,C02070,V08864,H0429,2025-01-01,2025-02-07,2025-02-13,Las Vegas,Paquete,2,15,35255.81,MXN,Completada
R000048,C00502,V01520,H0202,2025-01-01,2025-02-08,2025-02-12,Cancún,Paquete,2,10,14428.03,MXN,Completada
R000049,C02339,V02981,H0818,2025-01-01,2025-02-09,2025-02-17,Los Cabos,Paquete,4,0,28208.24,MXN,Cancelada
R000050,C00880,V07993,,2025-01-01,2025-02-11,2025-02-16,Nueva York,Vuelo,3,5,10948.65,MXN,Completada
R000051,C01398,V05282,H0013,2025-01-01,2025-02-12,2025-02-19,Vancouver,Paquete,1,5,16149.17,MXN,Completada
R000052,C01222,V09123,H0118,2025-01-01,2025-02-12,2025-02-17,Vancouver,Paquete,4,5,50450.98,MXN,Completada
R000053,C01842,V01494,H0240,2025-01-01,2025-02-13,2025-02-18,Mérida,Paquete,1,10,9981.71,MXN,Completada
R000054,C01160,V05741,H0435,2025-01-01,2025-02-14,2025-02-17,Mérida,Paquete,1,10,11067.46,MXN,Completada
R000055,C00272,V00301,H0303,2025-01-01,2025-02-14,2025-02-22,Guadalajara,Paquete,2,15,14556.32,MXN,Completada
R000056,C02671,V04261,H0126,2025-01-01,2025-02-15,2025-02-19,París,Paquete,1,15,27537.19,MXN,Completada
R000057,C02189,V00295,H0270,2025-01-01,2025-02-18,2025-02-24,Mérida,Paquete,5,5,38813.41,MXN,Completada
R000058,C00967,V01904,H0206,2025-01-01,2025-02-19,2025-02-28,Acapulco,Paquete,4,15,43874.67,MXN,Completada
R000059,C01779,V01904,H0626,2025-01-01,2025-02-19,2025-02-28,Acapulco,Paquete,3,0,48537.57,MXN,Completada
R000060,C03155,V05419,H0134,2025-01-01,2025-02-20,2025-02-23,Nueva York,Paquete,3,20,29813.28,MXN,Completada
R000061,C00409,V09401,,2025-01-01,2025-02-20,2025-03-01,París,Vuelo,5,5,86632.49,MXN,Completada
R000062,C01805,V05089,H0984,2025-01-01,2025-02-23,2025-02-25,Las Vegas,Paquete,3,10,35920.12,MXN,Completada
R000063,C02293,V05221,H0258,2025-01-01,2025-02-24,2025-03-05,Guadalajara,Paquete,1,15,19189.45,MXN,Completada
R000064,C01986,,H0291,2025-01-01,2025-02-25,2025-03-02,París,Hotel,3,0,23763.4,MXN,Completada
R000065,C00174,,H0072,2025-01-01,2025-02-25,2025-03-01,Huatulco,Hotel,3,0,21434.4,MXN,Completada
R000066,C00632,,H0981,2025-01-01,2025-02-26,2025-03-06,París,Hotel,5,0,55108.8,MXN,Completada
R000067,C01330,,H0219,2025-01-01,2025-02-26,2025-03-03,Las Vegas,Hotel,4,10,19954.08,MXN,Completada
R000068,C00609,V07937,H0316,2025-01-01,2025-02-26,2025-03-02,Madrid,Paquete,4,5,87344.67,MXN,Cancelada
R000069,C01792,V00504,H0462,2025-01-01,2025-02-28,2025-03-07,Huatulco,Paquete,3,20,19749.7,MXN,Completada
R000070,C00705,,H0349,2025-01-01,2025-02-28,2025-03-04,Puerto Vallarta,Hotel,3,10,7307.64,MXN,Completada
R000071,C02177,V00265,H0418,2025-01-01,2025-03-01,2025-03-05,Vancouver,Paquete,4,5,58708.29,MXN,Completada
R000072,C02143,V00739,H0012,2025-01-01,2025-03-02,2025-03-07,Huatulco,Paquete,3,0,30463.54,MXN,Completada
R000073,C01664,,H0711,2025-01-01,2025-03-02,2025-03-05,París,Hotel,5,0,47713.14,MXN,Completada
R000074,C00949,V07342,H0903,2025-01-01,2025-03-04,2025-03-11,Guadalajara,Paquete,2,0,21636.0,MXN,Completada
R000075,C02955,V01610,H0392,2025-01-01,2025-03-06,2025-03-16,Orlando,Paquete,2,10,30318.89,MXN,Cancelada
R000076,C01260,V01478,H0776,2025-01-01,2025-03-08,2025-03-17,Acapulco,Paquete,1,10,24673.02,MXN,Completada
R000077,C01422,,H0387,2025-01-01,2025-03-10,2025-03-13,Huatulco,Hotel,3,10,5560.6,MXN,Completada
R000078,C01840,V05472,H0441,2025-01-01,2025-03-10,2025-03-17,París,Paquete,4,20,97128.53,MXN,Completada
R000079,C00316,V08227,,2025-01-01,2025-03-10,2025-03-19,Orlando,Vuelo,1,5,7358.92,MXN,Completada
R000080,C00369,V02949,H0235,2025-01-01,2025-03-12,2025-03-19,Monterrey,Paquete,3,20,38332.32,MXN,Completada
R000081,C00909,V08341,H0176,2025-01-01,2025-03-13,2025-03-16,Acapulco,Paquete,3,5,19154.85,MXN,Completada
R000082,C02344,V07259,H0203,2025-01-01,2025-03-13,2025-03-15,Los Cabos,Paquete,5,0,31363.97,MXN,Completada
R000083,C00135,,H0347,2025-01-01,2025-03-15,2025-03-21,Orlando,Hotel,4,20,32997.22,MXN,Completada
R000084,C03140,V01810,H0064,2025-01-01,2025-03-15,2025-03-25,Puerto Vallarta,Paquete,4,15,39291.42,MXN,Completada
R000085,C01871,V06039,H0620,2025-01-01,2025-03-18,2025-03-20,Miami,Paquete,3,0,25699.76,MXN,Completada
R000086,C02042,V05699,,2025-01-01,2025-03-18,2025-03-21,Acapulco,Vuelo,1,15,3336.11,MXN,Completada
R000087,C01104,V01219,H0026,2025-01-01,2025-04-09,2025-04-13,Acapulco,Paquete,2,5,15674.45,MXN,Completada
R000088,C00296,V01976,H0625,2025-01-01,2025-04-10,2025-04-16,Monterrey,Paquete,5,5,49342.65,MXN,Cancelada
R000089,C01030,,H0520,2025-01-01,2025-04-12,2025-04-17,Monterrey,Hotel,4,0,32675.5,MXN,Completada
R000090,C02181,V01210,H0615,2025-01-01,2025-04-16,2025-04-21,Mérida,Paquete,1,15,9005.72,MXN,Completada
R000091,C01616,,H0496,2025-01-01,2025-04-17,2025-04-22,Madrid,Hotel,3,20,36045.6,MXN,Completada
R000092,C01850,V05040,H0041,2025-01-01,2025-04-22,2025-04-28,Acapulco,Paquete,1,15,17465.7,MXN,Completada
R000093,C02151,V09821,,2025-01-03,2025-01-14,2025-01-16,Huatulco,Vuelo,4,10,5164.45,MXN,Completada
R000094,C00926,V08700,H0653,2025-01-03,2025-03-08,2025-03-16,Los Cabos,Paquete,1,20,10942.76,MXN,Completada
R000095,C01431,V01453,H0214,2025-01-03,2025-04-21,2025-04-27,Puerto Vallarta,Paquete,1,0,15997.74,MXN,Completada
R000096,C00051,,H0205,2025-01-04,2025-03-04,2025-03-08,Monterrey,Hotel,4,5,12977.53,MXN,Completada
R000097,C00239,V02796,H0612,2025-01-04,2025-04-01,2025-04-11,Huatulco,Paquete,2,5,22237.94,MXN,Completada
R000098,C02448,V05173,H0572,2025-01-06,2025-01-18,2025-01-28,Orlando,Paquete,3,0,67400.3,MXN,Completada
R000099,C01881,V00741,H0418,2025-01-06,2025-02-22,2025-02-24,Vancouver,Paquete,1,10,17884.79,MXN,Completada
R000100,C00180,V05354,H0906,2025-01-07,2025-02-03,2025-02-06,París,Paquete,3,5,58723.94,MXN,Completada
R000101,C00894,V08250,H0789,2025-01-07,2025-03-27,2025-04-02,Las Vegas,Paquete,1,5,24996.06,MXN,Cancelada
R000102,C00266,V03908,H0122,2025-01-08,2025-03-12,2025-03-17,Orlando,Paquete,5,20,77116.68,MXN,Completada
R000103,C03090,V05552,H0088,2025-01-08,2025-03-19,2025-03-23,Vancouver,Paquete,5,0,80938.14,MXN,Completada
R000104,C00067,V08861,,2025-01-08,2025-04-05,2025-04-11,Nueva York,Vuelo,2,5,15649.12,MXN,Completada
R000105,C01509,V05564,H0073,2025-01-10,2025-01-20,2025-01-26,Vancouver,Paquete,5,10,79709.11,MXN,Completada
R000106,C03119,V00331,H0271,2025-01-10,2025-03-19,2025-03-26,Madrid,Paquete,5,10,159751.02,MXN,Cancelada
R000107,C01330,V04660,H0724,2025-01-11,2025-02-13,2025-02-17,Puerto Vallarta,Paquete,2,10,9644.58,MXN,Cancelada
R000108,C01197,V01731,H0219,2025-01-11,2025-03-21,2025-03-24,Las Vegas,Paquete,4,10,26398.4,MXN,Completada
R000109,C01955,,H0769,2025-01-11,2025-04-15,2025-04-22,Puerto Vallarta,Hotel,4,0,25145.96,MXN,Completada
R000110,C00635,V04365,H0570,2025-01-12,2025-03-13,2025-03-19,Mérida,Paquete,2,15,13084.17,MXN,Completada
R000111,C01336,,H0696,2025-01-12,2025-03-19,2025-03-24,París,Hotel,3,0,51937.8,MXN,Cancelada
R000112,C02536,V04942,,2025-01-12,2025-03-23,2025-04-01,Orlando,Vuelo,4,10,21638.52,MXN,Completada
R000113,C02304,V00405,H0468,2025-01-12,2025-04-03,2025-04-11,Guadalajara,Paquete,3,20,25157.41,MXN,Completada
R000114,C00473,V03119,H0709,2025-01-12,2025-05-04,2025-05-13,Puerto Vallarta,Paquete,1,15,22412.43,MXN,Cancelada
R000115,C01454,V04881,H0320,2025-01-13,2025-01-22,2025-02-01,Miami,Paquete,1,10,39412.01,MXN,Completada
R000116,C00999,,H0391,2025-01-13,2025-03-31,2025-04-03,Madrid,Hotel,4,20,13132.46,MXN,Completada
R000117,C01808,V02331,H0955,2025-01-13,2025-05-02,2025-05-09,Monterrey,Paquete,4,10,38663.42,MXN,Completada
R000118,C00736,,H0097,2025-01-13,2025-05-03,2025-05-05,Cancún,Hotel,3,10,5116.5,MXN,Completada
R000119,C00441,V01259,H0131,2025-01-13,2025-05-05,2025-05-10,Acapulco,Paquete,4,0,46487.18,MXN,Completada
R000120,C02865,V03798,,2025-01-14,2025-04-25,2025-04-27,Nueva York,Vuelo,4,0,19391.24,MXN,Completada
R000121,C01913,,H0732,2025-01-15,2025-05-02,2025-05-10,Huatulco,Hotel,2,5,13994.11,MXN,Completada
R000122,C01075,V06799,,2025-01-16,2025-02-03,2025-02-10,Madrid,Vuelo,3,10,46266.69,MXN,Completada
R000123,C01981,V00524,H0185,2025-01-16,2025-04-12,2025-04-14,Miami,Paquete,3,0,38497.19,MXN,Cancelada
R000124,C01036,V06638,H0345,2025-01-16,2025-05-06,2025-05-14,Mérida,Paquete,4,0,42916.28,MXN,Completada
R000125,C02012,V04893,H0812,2025-01-16,2025-05-07,2025-05-15,Orlando,Paquete,1,0,47176.87,MXN,Completada
R000126,C00401,V03613,H0205,2025-01-17,2025-03-17,2025-03-25,Monterrey,Paquete,1,15,13851.43,MXN,Completada
R000127,C01332,V02946,H0208,2025-01-17,2025-03-21,2025-03-31,Vancouver,Paquete,5,5,98873.58,MXN,Completada
R000128,C01602,V03986,H0045,2025-01-18,2025-02-05,2025-02-13,Mérida,Paquete,1,15,27280.62,MXN,Completada
R000129,C03140,V01585,H0871,2025-01-18,2025-03-03,2025-03-07,Madrid,Paquete,4,10,57299.15,MXN,Completada
R000130,C00868,,H0180,2025-01-18,2025-04-26,2025-05-06,Mérida,Hotel,4,10,23033.34,MXN,Completada
R000131,C02413,V02201,H0111,2025-01-18,2025-05-07,2025-05-09,París,Paquete,2,5,38984.05,MXN,Cancelada
R000132,C01348,V08864,H0039,2025-01-19,2025-02-07,2025-02-13,Las Vegas,Paquete,4,20,46193.79,MXN,Completada
R000133,C03141,V02841,H0732,2025-01-19,2025-03-23,2025-04-02,Huatulco,Paquete,1,10,17774.22,MXN,Completada
R000134,C00655,V01359,,2025-01-20,2025-02-15,2025-02-21,Acapulco,Vuelo,2,0,2995.42,MXN,Completada
R000135,C03148,,H0382,2025-01-20,2025-04-05,2025-04-12,Cancún,Hotel,2,0,13834.31,MXN,Completada
R000136,C02870,V09412,H0075,2025-01-21,2025-03-29,2025-04-03,Mérida,Paquete,2,20,12138.91,MXN,Completada
R000137,C02010,,H0208,2025-01-22,2025-04-20,2025-04-30,Vancouver,Hotel,5,0,51693.9,MXN,Cancelada
R000138,C00393,V05211,H0477,2025-01-24,2025-03-12,2025-03-15,Huatulco,Paquete,4,15,20422.56,MXN,Cancelada
R000139,C01979,V06070,H0290,2025-01-24,2025-03-22,2025-04-01,Miami,Paquete,2,10,46647.07,MXN,Completada
R000140,C02402,V05441,,2025-01-25,2025-02-02,2025-02-11,Cancún,Vuelo,3,15,11414.64,MXN,Completada
R000141,C03221,V01528,H0056,2025-01-25,2025-05-03,2025-05-10,Acapulco,Paquete,1,5,17157.52,MXN,Completada
R000142,C00056,,H0488,2025-01-27,2025-03-17,2025-03-19,Los Cabos,Hotel,5,5,9018.94,MXN,Cancelada
R000143,C01498,V08995,H0201,2025-01-27,2025-05-10,2025-05-17,París,Paquete,1,5,37345.97,MXN,Completada
R000144,C00078,V00050,H0237,2025-01-28,2025-02-20,2025-02-23,Huatulco,Paquete,2,5,14940.78,MXN,Completada
R000145,C01412,V05017,,2025-01-29,2025-03-31,2025-04-06,Los Cabos,Vuelo,2,15,2355.33,MXN,Completada
R000146,C01598,,H0044,2025-01-29,2025-04-01,2025-04-07,Nueva York,Hotel,1,20,18790.42,MXN,Completada
R000147,C00696,V00594,H0591,2025-01-29,2025-04-16,2025-04-23,París,Paquete,1,5,28132.82,MXN,Completada
R000148,C02063,,H0108,2025-01-29,2025-05-16,2025-05-26,Guadalajara,Hotel,2,10,18034.92,MXN,Completada
R000149,C03116,V01324,,2025-02-01,2025-03-24,2025-03-26,Cancún,Vuelo,3,0,4474.65,MXN,Completada
R000150,C00966,V08647,,2025-02-01,2025-05-10,2025-05-12,Los Cabos,Vuelo,3,15,5543.47,MXN,Completada
R000151,C03058,,H0802,2025-02-01,2025-05-29,2025-06-06,Cancún,Hotel,4,10,31640.54,MXN,Completada
R000152,C00727,V03274,H0132,2025-02-03,2025-04-26,2025-05-01,Huatulco,Paquete,5,10,34901.64,MXN,Completada
R000153,C00960,V07988,H0834,2025-02-03,2025-05-01,2025-05-05,Las Vegas,Paquete,2,10,23794.79,MXN,Completada
R000154,C00812,V07468,H0568,2025-02-04,2025-02-12,2025-02-17,Vancouver,Paquete,3,10,46766.24,MXN,Completada
R000155,C01561,,H0718,2025-02-04,2025-04-06,2025-04-09,Vancouver,Hotel,3,20,20608.27,MXN,Completada
R000156,C01036,V01994,H0336,2025-02-05,2025-02-21,2025-03-02,París,Paquete,3,5,91797.73,MXN,Completada
R000157,C02086,V06935,H0886,2025-02-05,2025-02-22,2025-03-04,Madrid,Paquete,5,20,118786.8,MXN,Cancelada
R000158,C01071,V06690,H0147,2025-02-06,2025-04-29,2025-05-07,Huatulco,Paquete,1,20,18350.12,MXN,Completada
R000159,C01277,V00798,H0327,2025-02-08,2025-04-07,2025-04-14,Huatulco,Paquete,2,15,13476.85,MXN,Completada
R000160,C02278,V04537,H0268,2025-02-08,2025-05-11,2025-05-13,Vancouver,Paquete,2,20,23617.34,MXN,Completada
R000161,C00559,V04175,H0535,2025-02-10,2025-05-19,2025-05-26,Monterrey,Paquete,5,20,53797.13,MXN,Completada
R000162,C00629,V03377,H0741,2025-02-10,2025-05-23,2025-05-30,París,Paquete,3,0,101301.47,MXN,Completada
R000163,C02667,V03657,H0858,2025-02-10,2025-06-03,2025-06-12,Guadalajara,Paquete,4,10,45529.79,MXN,Completada
R000164,C01315,,H0219,2025-02-11,2025-02-26,2025-02-28,Las Vegas,Hotel,4,0,8868.48,MXN,Completada
R000165,C03006,V02854,,2025-02-11,2025-04-08,2025-04-10,Mérida,Vuelo,2,10,7436.66,MXN,Cancelada
R000166,C01125,V05584,H0165,2025-02-11,2025-04-14,2025-04-22,Mérida,Paquete,5,15,56274.5,MXN,Completada
R000167,C01440,V06914,H0287,2025-02-11,2025-05-12,2025-05-15,Orlando,Paquete,5,0,63647.28,MXN,Completada
R000168,C02429,,H0419,2025-02-12,2025-04-25,2025-05-04,Nueva York,Hotel,5,10,71944.04,MXN,Cancelada
R000169,C00525,V07521,H0227,2025-02-13,2025-03-28,2025-04-07,Orlando,Paquete,3,15,55796.32,MXN,Completada
R000170,C00859,V04729,,2025-02-13,2025-04-26,2025-04-28,Acapulco,Vuelo,2,15,2380.36,MXN,Completada
R000171,C01684,,H0874,2025-02-14,2025-02-27,2025-03-08,Puerto Vallarta,Hotel,4,10,24477.23,MXN,Completada
R000172,C01752,V07682,,2025-02-14,2025-04-25,2025-05-01,Puerto Vallarta,Vuelo,5,10,17146.58,MXN,Completada
R000173,C03070,,H0023,2025-02-15,2025-05-25,2025-05-28,Los Cabos,Hotel,3,10,12344.02,MXN,Completada
R000174,C01966,V05101,H0212,2025-02-18,2025-03-16,2025-03-18,Orlando,Paquete,4,0,34543.04,MXN,Cancelada
R000175,C02848,V02193,,2025-02-18,2025-03-17,2025-03-24,Monterrey,Vuelo,1,15,1726.55,MXN,Completada
R000176,C00340,V06447,H0018,2025-02-18,2025-03-18,2025-03-21,Guadalajara,Paquete,2,10,10028.24,MXN,Completada
R000177,C01219,,H0921,2025-02-18,2025-06-04,2025-06-06,París,Hotel,5,0,22994.64,MXN,Completada
R000178,C00775,V09905,H0634,2025-02-18,2025-06-14,2025-06-21,Puerto Vallarta,Paquete,4,0,53307.96,MXN,Completada
R000179,C03247,V04942,H0362,2025-02-19,2025-03-23,2025-03-30,Orlando,Paquete,5,0,90012.91,MXN,Completada
R000180,C03081,V02335,H0131,2025-02-19,2025-04-05,2025-04-10,Acapulco,Paquete,4,10,33223.77,MXN,Completada
R000181,C02105,,H0825,2025-02-20,2025-03-08,2025-03-12,Mérida,Hotel,2,10,5173.7,MXN,Completada
R000182,C02286,V08250,H0399,2025-02-20,2025-03-27,2025-04-04,Las Vegas,Paquete,3,20,78662.02,MXN,Completada
R000183,C02679,V06913,H0806,2025-02-20,2025-05-25,2025-06-02,Acapulco,Paquete,2,5,26885.08,MXN,Completada
R000184,C02612,,H0903,2025-02-22,2025-04-23,2025-05-02,Guadalajara,Hotel,1,5,21696.31,MXN,Completada
R000185,C00445,V07156,,2025-02-22,2025-05-02,2025-05-05,Monterrey,Vuelo,4,5,15740.47,MXN,Completada
R000186,C02037,V03058,H0689,2025-02-22,2025-05-25,2025-05-27,Nueva York,Paquete,3,5,22556.79,MXN,Cancelada
R000187,C02109,V08482,H0989,2025-02-22,2025-05-28,2025-06-06,Nueva York,Paquete,5,10,70053.54,MXN,Cancelada
R000188,C01434,,H0187,2025-02-23,2025-03-21,2025-03-31,Cancún,Hotel,4,0,36578.8,MXN,Completada
R000189,C03174,V03770,H0818,2025-02-23,2025-05-06,2025-05-14,Los Cabos,Paquete,4,0,39439.64,MXN,Completada
R000190,C02334,V02777,H0121,2025-02-23,2025-05-14,2025-05-23,Madrid,Paquete,4,20,103549.39,MXN,Completada
R000191,C02932,V04216,H0746,2025-02-24,2025-06-18,2025-06-28,Acapulco,Paquete,3,0,25049.98,MXN,Completada
R000192,C02804,V02456,H0587,2025-02-25,2025-04-10,2025-04-13,Orlando,Paquete,2,20,20157.82,MXN,Completada
R000193,C02996,V05057,H0728,2025-02-26,2025-05-13,2025-05-16,Los Cabos,Paquete,1,0,8890.43,MXN,Cancelada
R000194,C03359,V06381,,2025-02-27,2025-03-20,2025-03-24,Puerto Vallarta,Vuelo,4,0,7673.16,MXN,Completada
R000195,C02161,V05312,H0136,2025-02-27,2025-06-06,2025-06-11,Madrid,Paquete,1,0,35533.3,MXN,Completada
R000196,C02860,V07765,,2025-03-02,2025-04-10,2025-04-20,Los Cabos,Vuelo,3,5,3815.12,MXN,Completada
R000197,C03047,V07271,H0713,2025-03-02,2025-06-13,2025-06-15,Los Cabos,Paquete,5,0,33723.59,MXN,Completada
R000198,C00285,,H0101,2025-03-03,2025-06-04,2025-06-13,Acapulco,Hotel,1,0,12365.37,MXN,Completada
R000199,C02725,V07407,,2025-03-03,2025-06-19,2025-06-23,Puerto Vallarta,Vuelo,3,0,4491.93,MXN,Completada
R000200,C01716,V09111,H0441,2025-03-05,2025-05-03,2025-05-12,París,Paquete,1,20,32746.31,MXN,Completada
R000201,C02313,V00594,,2025-03-06,2025-04-16,2025-04-19,París,Vuelo,1,15,11094.55,MXN,Cancelada
R000202,C00052,V08400,,2025-03-06,2025-06-28,2025-07-05,Cancún,Vuelo,2,20,2412.38,MXN,Completada
R000203,C01935,V00637,H0951,2025-03-07,2025-06-10,2025-06-19,París,Paquete,2,15,84036.08,MXN,Completada
R000204,C03022,V08440,H0297,2025-03-08,2025-04-27,2025-04-29,Huatulco,Paquete,3,10,15180.57,MXN,Completada
R000205,C01823,V04668,H0937,2025-03-08,2025-04-27,2025-05-03,Cancún,Paquete,3,5,37858.35,MXN,Cancelada
R000206,C01392,V01470,H0465,2025-03-08,2025-05-15,2025-05-21,Mérida,Paquete,5,15,41130.2,MXN,Completada
R000207,C03192,,H0319,2025-03-09,2025-05-19,2025-05-29,Puerto Vallarta,Hotel,4,10,50918.4,MXN,Completada
R000208,C00336,,H0804,2025-03-11,2025-06-24,2025-06-29,Las Vegas,Hotel,3,20,23958.0,MXN,Completada
R000209,C02634,,H0388,2025-03-13,2025-05-23,2025-06-02,Vancouver,Hotel,2,5,27255.69,MXN,Completada
R000210,C01256,V05152,,2025-03-13,2025-06-03,2025-06-08,Las Vegas,Vuelo,3,5,12275.43,MXN,Completada
R000211,C02669,V08037,H0005,2025-03-13,2025-06-13,2025-06-21,Miami,Paquete,3,20,72816.42,MXN,Completada
R000212,C00172,V05581,H0547,2025-03-13,2025-06-18,2025-06-23,Cancún,Paquete,3,10,19133.76,MXN,Cancelada
R000213,C02234,V08524,H0055,2025-03-14,2025-04-26,2025-05-05,Monterrey,Paquete,3,0,61510.62,MXN,Completada
R000214,C00209,V05862,H0459,2025-03-15,2025-06-20,2025-06-27,Las Vegas,Paquete,5,5,137418.99,MXN,Completada
R000215,C02299,V00425,H0896,2025-03-15,2025-06-23,2025-06-27,Acapulco,Paquete,5,5,29960.83,MXN,Completada
R000216,C03119,V00388,,2025-03-15,2025-06-29,2025-07-03,Acapulco,Vuelo,1,20,3038.01,MXN,Completada
R000217,C00297,V01073,H0090,2025-03-16,2025-04-15,2025-04-23,Mérida,Paquete,4,10,34910.06,MXN,Completada
R000218,C00222,V04593,H0869,2025-03-16,2025-06-11,2025-06-19,Nueva York,Paquete,5,10,126541.58,MXN,Completada
R000219,C01414,V02519,H0489,2025-03-17,2025-04-24,2025-04-29,Las Vegas,Paquete,2,20,23908.83,MXN,Completada
R000220,C00536,V08762,H0698,2025-03-17,2025-06-05,2025-06-09,Los Cabos,Paquete,4,0,26032.52,MXN,Completada
R000221,C00735,V07273,,2025-03-17,2025-06-11,2025-06-18,Nueva York,Vuelo,3,5,23900.27,MXN,Cancelada
R000222,C00396,V03855,H0325,2025-03-18,2025-04-21,2025-05-01,Monterrey,Paquete,3,5,71449.69,MXN,Completada
R000223,C03143,V08585,H0819,2025-03-18,2025-05-13,2025-05-20,Las Vegas,Paquete,5,10,104552.66,MXN,Completada
R000224,C01689,V04274,H0838,2025-03-19,2025-04-09,2025-04-14,Vancouver,Paquete,2,5,36034.4,MXN,Cancelada
R000225,C01012,V03089,H0572,2025-03-19,2025-05-07,2025-05-11,Orlando,Paquete,1,10,14040.83,MXN,Completada
R000226,C03012,V02796,H0042,2025-03-20,2025-04-01,2025-04-03,Huatulco,Paquete,1,5,6619.88,MXN,Completada
R000227,C01629,V04807,H0843,2025-03-20,2025-04-13,2025-04-17,Guadalajara,Paquete,5,10,36643.79,MXN,Completada
R000228,C00639,V02557,H0769,2025-03-20,2025-05-30,2025-06-06,Puerto Vallarta,Paquete,4,15,32961.27,MXN,Completada
R000229,C02819,,H0550,2025-03-20,2025-06-05,2025-06-09,Monterrey,Hotel,4,10,17777.23,MXN,Completada
R000230,C00341,V01564,H0004,2025-03-22,2025-07-09,2025-07-14,Puerto Vallarta,Paquete,2,10,14262.46,MXN,Completada
R000231,C02518,,H0520,2025-03-23,2025-07-14,2025-07-23,Monterrey,Hotel,3,5,55875.1,MXN,Completada
R000232,C02756,,H0163,2025-03-25,2025-04-17,2025-04-25,Vancouver,Hotel,2,20,23132.42,MXN,Cancelada
R000233,C02766,V01970,,2025-03-26,2025-06-05,2025-06-15,Miami,Vuelo,2,15,12086.0,MXN,Completada
R000234,C00488,V08063,H0812,2025-03-27,2025-04-12,2025-04-20,Orlando,Paquete,2,20,45230.56,MXN,Completada
R000235,C02082,V09837,H0867,2025-03-27,2025-05-29,2025-05-31,Huatulco,Paquete,5,10,26526.22,MXN,Completada
R000236,C02142,V01372,H0979,2025-03-28,2025-04-04,2025-04-12,Puerto Vallarta,Paquete,2,5,21428.73,MXN,Completada
R000237,C01732,V07350,H0512,2025-03-29,2025-05-29,2025-06-03,Orlando,Paquete,3,10,31164.8,MXN,Cancelada
R000238,C00755,V03943,H0027,2025-03-29,2025-07-19,2025-07-26,Huatulco,Paquete,4,10,28742.99,MXN,Completada
R000239,C00040,V02883,H0472,2025-03-30,2025-07-06,2025-07-14,Cancún,Paquete,2,10,23556.55,MXN,Cancelada
R000240,C00934,V04298,H0972,2025-03-30,2025-07-28,2025-07-31,Huatulco,Paquete,3,5,22584.2,MXN,Completada
R000241,C02593,V01011,H0578,2025-03-31,2025-04-29,2025-05-06,Los Cabos,Paquete,4,15,33537.7,MXN,Completada
R000242,C01756,V09536,H0899,2025-04-01,2025-04-20,2025-04-27,Nueva York,Paquete,1,0,30654.22,MXN,Completada
R000243,C02289,V09744,H0347,2025-04-01,2025-05-20,2025-05-29,Orlando,Paquete,5,10,111839.28,MXN,Completada
R000244,C02595,V00632,,2025-04-01,2025-07-01,2025-07-08,Acapulco,Vuelo,3,5,3682.06,MXN,Completada
R000245,C01328,,H0076,2025-04-04,2025-05-08,2025-05-12,Madrid,Hotel,1,5,8196.98,MXN,Completada
R000246,C03453,V01687,H0665,2025-04-05,2025-06-16,2025-06-26,Miami,Paquete,1,0,40582.27,MXN,Completada
R000247,C00889,V07407,H0799,2025-04-05,2025-06-19,2025-06-28,Puerto Vallarta,Paquete,2,5,19676.76,MXN,Cancelada
R000248,C00167,V02465,H0828,2025-04-05,2025-07-18,2025-07-23,Guadalajara,Paquete,3,20,24219.22,MXN,Completada
R000249,C00331,V03599,H0571,2025-04-06,2025-07-12,2025-07-22,Madrid,Paquete,3,15,82684.98,MXN,Completada
R000250,C01191,V06417,H0049,2025-04-06,2025-08-04,2025-08-06,Puerto Vallarta,Paquete,2,20,9155.25,MXN,Cancelada
R000251,C03076,V00456,H0608,2025-04-07,2025-05-04,2025-05-12,Los Cabos,Paquete,4,15,33232.01,MXN,Completada
R000252,C03094,V01989,H0187,2025-04-07,2025-07-02,2025-07-10,Cancún,Paquete,1,0,15879.32,MXN,Completada
R000253,C02731,V02105,H0072,2025-04-08,2025-08-02,2025-08-09,Huatulco,Paquete,4,5,41418.1,MXN,Completada
R000254,C02464,V08717,H0252,2025-04-09,2025-07-10,2025-07-12,Huatulco,Paquete,2,5,12919.89,MXN,Completada
R000255,C01547,V01189,H0529,2025-04-10,2025-05-11,2025-05-17,Puerto Vallarta,Paquete,4,15,33489.73,MXN,Completada
R000256,C01160,V09200,H0316,2025-04-10,2025-05-14,2025-05-22,Madrid,Paquete,4,10,122673.2,MXN,Completada
R000257,C02448,V04017,H0841,2025-04-10,2025-05-19,2025-05-21,Madrid,Paquete,5,5,92470.02,MXN,Completada
R000258,C01314,,H0593,2025-04-11,2025-04-21,2025-04-28,Los Cabos,Hotel,1,10,16508.27,MXN,Completada
R000259,C00520,V09799,H0498,2025-04-11,2025-05-11,2025-05-18,Guadalajara,Paquete,3,15,35989.26,MXN,Completada
R000260,C00579,V02594,,2025-04-13,2025-06-27,2025-07-06,Los Cabos,Vuelo,1,0,4167.37,MXN,Completada
R000261,C00994,V01710,H0031,2025-04-13,2025-07-13,2025-07-17,Madrid,Paquete,5,15,103677.29,MXN,Completada
R000262,C01829,V06853,H0444,2025-04-14,2025-05-19,2025-05-24,Las Vegas,Paquete,4,10,59299.07,MXN,Completada
R000263,C00702,V01247,,2025-04-14,2025-06-06,2025-06-12,Los Cabos,Vuelo,1,10,1712.92,MXN,Completada
R000264,C01020,V08776,H0401,2025-04-15,2025-05-21,2025-05-30,Acapulco,Paquete,5,0,77972.6,MXN,Completada
R000265,C01548,V05055,,2025-04-15,2025-08-05,2025-08-09,Nueva York,Vuelo,2,5,12643.04,MXN,Completada
R000266,C00547,,H0800,2025-04-16,2025-05-04,2025-05-07,Miami,Hotel,1,0,10351.26,MXN,Completada
R000267,C02431,V07712,H0517,2025-04-16,2025-05-13,2025-05-21,Cancún,Paquete,3,5,34744.97,MXN,Completada
R000268,C03428,V03088,H0129,2025-04-16,2025-07-27,2025-08-04,Las Vegas,Paquete,4,0,74541.12,MXN,Completada
R000269,C01618,V07361,,2025-04-19,2025-05-13,2025-05-15,París,Vuelo,3,20,29529.7,MXN,Completada
R000270,C01777,V09281,H0015,2025-04-19,2025-06-02,2025-06-10,Mérida,Paquete,4,0,46765.08,MXN,Cancelada
R000271,C00041,V09690,H0106,2025-04-22,2025-06-12,2025-06-14,Madrid,Paquete,4,15,87111.84,MXN,Completada
R000272,C01417,V05092,H0534,2025-04-22,2025-07-11,2025-07-19,Las Vegas,Paquete,5,10,91654.0,MXN,Completada
R000273,C01107,V07757,H0744,2025-04-23,2025-05-30,2025-06-01,Las Vegas,Paquete,5,15,46190.41,MXN,Completada
R000274,C03489,V06189,H0435,2025-04-23,2025-06-30,2025-07-06,Mérida,Paquete,3,20,33363.38,MXN,Completada
R000275,C02187,,H0017,2025-04-23,2025-07-15,2025-07-23,Orlando,Hotel,5,20,75173.95,MXN,Cancelada
R000276,C02766,V08836,,2025-04-25,2025-07-14,2025-07-18,Nueva York,Vuelo,2,5,15119.52,MXN,Completada
R000277,C02572,V08633,H0436,2025-04-26,2025-06-30,2025-07-02,Madrid,Paquete,5,0,120268.44,MXN,Completada
R000278,C03444,V05899,H0449,2025-04-26,2025-08-02,2025-08-04,Nueva York,Paquete,3,10,31630.24,MXN,Completada
R000279,C00187,V02595,H0014,2025-04-26,2025-08-22,2025-08-30,Nueva York,Paquete,3,10,48484.48,MXN,Completada
R000280,C01014,V01190,H0479,2025-04-27,2025-06-16,2025-06-26,Nueva York,Paquete,3,0,64196.91,MXN,Completada
R000281,C03094,V00591,H0251,2025-04-29,2025-05-21,2025-05-26,Acapulco,Paquete,2,0,19334.41,MXN,Completada
R000282,C02118,V09543,H0824,2025-05-01,2025-08-02,2025-08-06,Nueva York,Paquete,5,5,56674.26,MXN,Completada
R000283,C03447,V03321,H0936,2025-05-01,2025-08-05,2025-08-10,París,Paquete,2,5,53543.98,MXN,Completada
R000284,C02709,,H0941,2025-05-01,2025-08-18,2025-08-21,Acapulco,Hotel,4,20,15638.64,MXN,Cancelada
R000285,C02554,V02101,,2025-05-02,2025-06-28,2025-07-06,Nueva York,Vuelo,1,10,4315.04,MXN,Completada
R000286,C01546,,H0008,2025-05-03,2025-06-20,2025-06-25,Los Cabos,Hotel,2,15,5149.26,MXN,Completada
R000287,C00004,V08474,,2025-05-03,2025-07-03,2025-07-09,Puerto Vallarta,Vuelo,4,10,13849.38,MXN,Completada
R000288,C02447,V06580,H0032,2025-05-03,2025-08-17,2025-08-22,Orlando,Paquete,3,10,55255.68,MXN,Completada
R000289,C02013,V08314,H0087,2025-05-04,2025-06-04,2025-06-07,Huatulco,Paquete,2,5,11315.06,MXN,Completada
R000290,C00561,V08159,H0468,2025-05-04,2025-08-18,2025-08-21,Guadalajara,Paquete,1,5,8107.45,MXN,Completada
R000291,C01558,,H0920,2025-05-07,2025-08-19,2025-08-22,Miami,Hotel,2,15,9256.27,MXN,Completada
R000292,C02358,V05489,H0577,2025-05-07,2025-08-21,2025-08-30,Cancún,Paquete,4,10,46153.42,MXN,Cancelada
R000293,C02716,,H0697,2025-05-08,2025-05-30,2025-06-04,Cancún,Hotel,5,5,23971.06,MXN,Completada
R000294,C02929,,H0582,2025-05-08,2025-07-23,2025-08-02,Huatulco,Hotel,1,20,13071.52,MXN,Completada
R000295,C00015,V01593,,2025-05-09,2025-05-27,2025-06-05,Cancún,Vuelo,3,0,11203.92,MXN,Completada
R000296,C01902,V01395,H0854,2025-05-09,2025-08-11,2025-08-19,Nueva York,Paquete,3,5,91386.49,MXN,Completada
R000297,C00240,V06539,H0335,2025-05-10,2025-05-27,2025-06-05,Miami,Paquete,4,0,82173.22,MXN,Cancelada
R000298,C03007,V00627,H0661,2025-05-11,2025-07-06,2025-07-13,Madrid,Paquete,1,5,31940.45,MXN,Completada
R000299,C01706,V03547,H0047,2025-05-12,2025-05-24,2025-06-01,Orlando,Paquete,3,15,67540.48,MXN,Cancelada
R000300,C01827,V02180,H0365,2025-05-12,2025-08-28,2025-08-31,Miami,Paquete,4,15,46343.92,MXN,Completada
R000301,C00849,V05997,H0600,2025-05-13,2025-06-21,2025-06-23,Mérida,Paquete,5,10,18261.31,MXN,Completada
R000302,C03054,,H0377,2025-05-13,2025-07-09,2025-07-18,Orlando,Hotel,3,0,61244.1,MXN,Completada
R000303,C03508,,H0172,2025-05-13,2025-07-26,2025-07-29,Cancún,Hotel,3,10,6764.36,MXN,Completada
R000304,C02148,V09048,H0072,2025-05-14,2025-08-06,2025-08-10,Huatulco,Paquete,4,5,34018.4,MXN,Completada
R000305,C02220,V09544,H0038,2025-05-15,2025-06-06,2025-06-15,Los Cabos,Paquete,5,10,70598.2,MXN,Completada
R000306,C03558,,H0575,2025-05-16,2025-06-10,2025-06-17,Miami,Hotel,4,0,35979.86,MXN,Completada
R000307,C02294,V01338,H0246,2025-05-16,2025-07-02,2025-07-04,París,Paquete,5,15,86797.99,MXN,Completada
R000308,C01933,V07714,,2025-05-16,2025-07-24,2025-08-01,Las Vegas,Vuelo,2,0,8025.56,MXN,Completada
R000309,C02472,V09856,H0801,2025-05-17,2025-09-13,2025-09-17,París,Paquete,3,0,65479.64,MXN,Completada
R000310,C03042,,H0901,2025-05-20,2025-06-11,2025-06-17,Madrid,Hotel,2,0,23209.08,MXN,Completada
R000311,C01588,V00710,H0722,2025-05-20,2025-07-21,2025-07-30,Orlando,Paquete,3,10,42009.62,MXN,Cancelada
R000312,C03073,V05265,H0083,2025-05-21,2025-06-13,2025-06-20,Los Cabos,Paquete,5,10,60206.95,MXN,Completada
R000313,C03142,V00016,,2025-05-23,2025-06-20,2025-06-23,Mérida,Vuelo,2,20,4465.28,MXN,Completada
R000314,C01983,,H0525,2025-05-23,2025-08-23,2025-08-26,Mérida,Hotel,5,10,25497.75,MXN,Completada
R000315,C01760,V04653,H0508,2025-05-23,2025-09-01,2025-09-08,Vancouver,Paquete,4,15,52169.75,MXN,Completada
R000316,C00347,V05831,,2025-05-24,2025-08-07,2025-08-12,Huatulco,Vuelo,2,20,5432.05,MXN,Completada
R000317,C00926,V03763,H0056,2025-05-25,2025-06-14,2025-06-23,Acapulco,Paquete,1,15,17285.23,MXN,Completada
R000318,C02879,,H0902,2025-05-25,2025-07-03,2025-07-10,Orlando,Hotel,1,10,24632.68,MXN,Completada
R000319,C02913,V01356,H0931,2025-05-25,2025-07-26,2025-07-29,Madrid,Paquete,5,10,115065.35,MXN,Cancelada
R000320,C01776,V03633,H0184,2025-05-25,2025-09-07,2025-09-12,Puerto Vallarta,Paquete,4,0,29373.54,MXN,Completada
R000321,C00809,V03416,H0767,2025-05-26,2025-06-02,2025-06-06,Orlando,Paquete,5,15,62669.96,MXN,Cancelada
R000322,C00323,V03734,H0328,2025-05-26,2025-08-22,2025-08-26,Vancouver,Paquete,3,10,50823.59,MXN,Completada
R000323,C02987,V01771,H0110,2025-05-28,2025-09-22,2025-09-30,Miami,Paquete,5,10,64255.19,MXN,Completada
R000324,C01581,V08882,H0294,2025-05-29,2025-06-22,2025-06-27,Las Vegas,Paquete,1,0,27472.04,MXN,Completada
R000325,C00157,V03247,H0289,2025-05-29,2025-07-10,2025-07-12,Puerto Vallarta,Paquete,5,10,21717.32,MXN,Completada
R000326,C02851,V08930,H0833,2025-05-29,2025-08-18,2025-08-27,Los Cabos,Paquete,2,10,19185.68,MXN,Completada
R000327,C02129,V03013,,2025-05-30,2025-07-09,2025-07-17,Acapulco,Vuelo,5,5,17147.17,MXN,Completada
R000328,C02381,V07792,H0823,2025-05-30,2025-08-26,2025-08-28,Vancouver,Paquete,4,15,42745.34,MXN,Completada
R000329,C02361,V06781,H0781,2025-06-01,2025-08-18,2025-08-20,Madrid,Paquete,5,5,114983.75,MXN,Completada
R000330,C02640,V09392,H0295,2025-06-01,2025-08-19,2025-08-22,Monterrey,Paquete,4,10,27791.71,MXN,Completada
R000331,C02357,,H0548,2025-06-02,2025-07-24,2025-07-29,Los Cabos,Hotel,3,0,34834.2,MXN,Completada
R000332,C01850,,H0999,2025-06-03,2025-07-14,2025-07-20,Las Vegas,Hotel,1,10,22048.52,MXN,Completada
R000333,C03321,V01730,H0064,2025-06-04,2025-07-14,2025-07-20,Puerto Vallarta,Paquete,5,0,50913.18,MXN,Completada
R000334,C03013,V07058,H0338,2025-06-05,2025-07-01,2025-07-11,Los Cabos,Paquete,4,15,39537.51,MXN,Completada
R000335,C03235,V05662,H0106,2025-06-05,2025-08-11,2025-08-21,Madrid,Paquete,4,10,132961.18,MXN,Completada
R000336,C01677,V00800,H0415,2025-06-06,2025-08-08,2025-08-16,Monterrey,Paquete,4,0,63809.76,MXN,Cancelada
R000337,C02053,V05916,H0036,2025-06-06,2025-08-24,2025-08-26,París,Paquete,3,10,38607.18,MXN,Completada
R000338,C00917,,H0111,2025-06-07,2025-08-12,2025-08-21,París,Hotel,1,10,34889.37,MXN,Completada
R000339,C02631,V09465,,2025-06-07,2025-08-23,2025-08-29,Monterrey,Vuelo,1,10,2420.68,MXN,Completada
R000340,C03510,V03705,H0171,2025-06-07,2025-09-16,2025-09-26,París,Paquete,4,5,127937.94,MXN,Completada
R000341,C03292,V05489,H0322,2025-06-08,2025-08-21,2025-08-24,Cancún,Paquete,4,5,18116.2,MXN,Completada
R000342,C01239,V02827,H0162,2025-06-11,2025-07-24,2025-07-26,Huatulco,Paquete,5,10,16622.72,MXN,Completada
R000343,C00910,,H0862,2025-06-12,2025-07-01,2025-07-10,Cancún,Hotel,2,10,9173.74,MXN,Completada
R000344,C01556,V07117,H0923,2025-06-12,2025-07-22,2025-07-29,Los Cabos,Paquete,4,20,36039.25,MXN,Completada
R000345,C01299,V07216,H0988,2025-06-14,2025-06-25,2025-06-28,Vancouver,Paquete,5,10,68698.12,MXN,Cancelada
R000346,C01769,V02689,,2025-06-14,2025-07-24,2025-07-27,Acapulco,Vuelo,3,0,9018.06,MXN,Completada
R000347,C01661,V00818,H0972,2025-06-15,2025-10-05,2025-10-09,Huatulco,Paquete,3,5,21829.16,MXN,Completada
R000348,C00087,V01519,H0676,2025-06-17,2025-07-05,2025-07-10,Madrid,Paquete,2,20,36273.79,MXN,Completada
R000349,C01305,V07723,H0802,2025-06-17,2025-07-24,2025-07-28,Cancún,Paquete,4,10,20674.33,MXN,Completada
R000350,C00308,V05761,H0035,2025-06-18,2025-09-13,2025-09-17,Miami,Paquete,2,0,25680.32,MXN,Cancelada
R000351,C01055,V05973,,2025-06-20,2025-07-26,2025-08-02,Miami,Vuelo,2,15,13774.61,MXN,Completada
R000352,C03665,V00172,H0543,2025-06-21,2025-07-28,2025-07-31,Guadalajara,Paquete,2,10,13633.0,MXN,Completada
R000353,C03220,,H0668,2025-06-21,2025-09-19,2025-09-22,Los Cabos,Hotel,1,5,7550.65,MXN,Cancelada
R000354,C01021,V09131,H0736,2025-06-22,2025-07-28,2025-08-02,Madrid,Paquete,4,0,82384.28,MXN,Completada
R000355,C02432,V01885,H0303,2025-06-22,2025-08-07,2025-08-17,Guadalajara,Paquete,5,20,47812.24,MXN,Completada
R000356,C02637,,H0629,2025-06-22,2025-08-28,2025-08-30,Nueva York,Hotel,5,15,12710.32,MXN,Completada
R000357,C01081,V05680,H0973,2025-06-22,2025-09-08,2025-09-14,Vancouver,Paquete,3,20,58117.1,MXN,Completada
R000358,C03259,V00227,H0380,2025-06-23,2025-09-05,2025-09-15,Miami,Paquete,1,10,45570.41,MXN,Completada
R000359,C01703,V00805,H0842,2025-06-24,2025-08-12,2025-08-22,Orlando,Paquete,1,10,41554.11,MXN,Completada
R000360,C01226,V03825,H0069,2025-06-24,2025-10-14,2025-10-20,Las Vegas,Paquete,2,5,21880.46,MXN,Completada
R000361,C02101,V03146,,2025-06-26,2025-10-01,2025-10-06,Miami,Vuelo,4,0,35411.44,MXN,Completada
R000362,C00247,V05540,,2025-06-27,2025-09-03,2025-09-11,Nueva York,Vuelo,5,15,34318.54,MXN,Completada
R000363,C01241,V01771,H0665,2025-06-27,2025-09-22,2025-09-25,Miami,Paquete,5,0,61571.82,MXN,Completada
R000364,C03611,,H0914,2025-06-28,2025-07-28,2025-07-31,Nueva York,Hotel,2,10,10863.23,MXN,Completada
R000365,C00424,V03364,H0612,2025-07-01,2025-07-25,2025-08-01,Huatulco,Paquete,4,10,29295.32,MXN,Completada
R000366,C03705,V03740,H0095,2025-07-01,2025-10-16,2025-10-23,Miami,Paquete,2,5,32822.43,MXN,Completada
R000367,C01252,,H0471,2025-07-03,2025-07-19,2025-07-21,París,Hotel,3,10,5838.59,MXN,Completada
R000368,C00976,V09725,H0133,2025-07-03,2025-09-05,2025-09-12,Vancouver,Paquete,2,10,26833.92,MXN,Completada
R000369,C02728,,H0547,2025-07-04,2025-09-20,2025-09-26,Cancún,Hotel,1,0,9493.86,MXN,Cancelada
R000370,C00618,,H0524,2025-07-04,2025-10-11,2025-10-17,Nueva York,Hotel,2,0,27113.22,MXN,Completada
R000371,C02613,V05322,,2025-07-04,2025-10-21,2025-10-25,Vancouver,Vuelo,5,5,39444.66,MXN,Completada
R000372,C02089,V03498,H0118,2025-07-05,2025-07-27,2025-08-02,Vancouver,Paquete,2,5,30242.49,MXN,Completada
R000373,C03740,,H0018,2025-07-05,2025-08-10,2025-08-12,Guadalajara,Hotel,5,10,8222.42,MXN,Completada
R000374,C00271,,H0502,2025-07-05,2025-08-30,2025-09-02,Cancún,Hotel,1,0,8693.22,MXN,Completada
R000375,C02545,,H0551,2025-07-05,2025-10-08,2025-10-10,Acapulco,Hotel,2,0,5176.44,MXN,Completada
R000376,C02759,,H0455,2025-07-06,2025-08-07,2025-08-13,Miami,Hotel,4,15,22810.87,MXN,Completada
R000377,C01781,V07782,,2025-07-06,2025-08-19,2025-08-24,Acapulco,Vuelo,4,10,5421.56,MXN,Cancelada
R000378,C02131,V00964,H0204,2025-07-07,2025-08-19,2025-08-28,Las Vegas,Paquete,1,10,34535.34,MXN,Completada
R000379,C01691,V07409,H0469,2025-07-07,2025-09-03,2025-09-05,Puerto Vallarta,Paquete,4,10,15856.2,MXN,Cancelada
R000380,C01784,V07618,H0442,2025-07-08,2025-08-24,2025-08-29,Cancún,Paquete,1,0,18526.64,MXN,Completada
R000381,C02096,V06559,H0974,2025-07-08,2025-09-04,2025-09-12,Nueva York,Paquete,4,10,66802.14,MXN,Cancelada
R000382,C03643,V05437,H0334,2025-07-08,2025-11-04,2025-11-09,Puerto Vallarta,Paquete,2,15,14342.09,MXN,Completada
R000383,C00822,V00270,H0662,2025-07-09,2025-09-08,2025-09-16,Orlando,Paquete,2,15,23204.01,MXN,Completada
R000384,C00006,V07055,H0115,2025-07-10,2025-09-16,2025-09-25,Monterrey,Paquete,1,20,22251.02,MXN,Completada
R000385,C01820,V03146,H0155,2025-07-10,2025-10-01,2025-10-10,Miami,Paquete,3,0,70674.78,MXN,Completada
R000386,C01904,V04769,H0305,2025-07-12,2025-08-01,2025-08-09,Miami,Paquete,3,0,51941.09,MXN,Completada
R000387,C03098,V05461,H0571,2025-07-13,2025-07-25,2025-08-02,Madrid,Paquete,3,15,77936.02,MXN,Completada
R000388,C00785,V07149,,2025-07-14,2025-08-14,2025-08-19,Guadalajara,Vuelo,4,15,4350.67,MXN,Completada
R000389,C02587,V09385,H0969,2025-07-14,2025-09-13,2025-09-15,Las Vegas,Paquete,2,5,20555.85,MXN,Completada
R000390,C00131,,H0332,2025-07-15,2025-07-25,2025-07-31,Orlando,Hotel,5,20,51411.6,MXN,Completada
R000391,C00661,V07771,H0055,2025-07-15,2025-08-31,2025-09-05,Monterrey,Paquete,5,20,38237.0,MXN,Completada
R000392,C01892,V01449,H0346,2025-07-15,2025-10-07,2025-10-11,Madrid,Paquete,3,15,75632.4,MXN,Completada
R000393,C01288,V04856,H0471,2025-07-16,2025-10-18,2025-10-22,París,Paquete,4,5,60324.58,MXN,Completada
R000394,C03433,V09106,H0808,2025-07-17,2025-09-07,2025-09-15,Vancouver,Paquete,5,20,63594.28,MXN,Completada
R000395,C00055,V03338,H0602,2025-07-17,2025-09-11,2025-09-19,Orlando,Paquete,2,5,47574.71,MXN,Completada
R000396,C02413,V08410,H0997,2025-07-17,2025-10-27,2025-11-01,Cancún,Paquete,5,0,47611.65,MXN,Cancelada
R000397,C00117,V03734,H0343,2025-07-18,2025-08-22,2025-09-01,Vancouver,Paquete,3,0,67028.06,MXN,Completada
R000398,C02389,V03628,H0871,2025-07-18,2025-09-23,2025-09-30,Madrid,Paquete,5,15,121618.35,MXN,Completada
R000399,C03203,V08078,H0763,2025-07-19,2025-07-31,2025-08-02,Vancouver,Paquete,4,5,47355.14,MXN,Completada
R000400,C00758,,H0160,2025-07-19,2025-11-13,2025-11-23,Monterrey,Hotel,2,0,25902.9,MXN,Completada
R000401,C03130,V03558,H0562,2025-07-20,2025-09-28,2025-10-04,Cancún,Paquete,4,15,32859.71,MXN,Completada
R000402,C01076,,H0132,2025-07-21,2025-09-19,2025-09-25,Huatulco,Hotel,3,5,23894.17,MXN,Completada
R000403,C02653,V02702,H0478,2025-07-21,2025-10-10,2025-10-16,Vancouver,Paquete,3,0,62418.54,MXN,Completada
R000404,C00644,V08617,H0924,2025-07-25,2025-08-26,2025-09-02,Las Vegas,Paquete,1,0,27714.45,MXN,Completada
R000405,C00339,V07997,H0879,2025-07-25,2025-11-08,2025-11-16,Las Vegas,Paquete,4,5,72273.45,MXN,Completada
R000406,C01971,V05109,H0519,2025-07-26,2025-08-20,2025-08-22,Las Vegas,Paquete,2,5,27387.42,MXN,Completada
R000407,C02058,V01362,H0265,2025-07-26,2025-09-24,2025-09-28,Monterrey,Paquete,2,0,15124.46,MXN,Completada
R000408,C03160,V07761,H0250,2025-07-26,2025-11-08,2025-11-11,Monterrey,Paquete,4,0,20558.0,MXN,Completada
R000409,C03275,V05381,H0066,2025-07-27,2025-08-30,2025-09-08,París,Paquete,4,0,170017.5,MXN,Completada
R000410,C03454,,H0927,2025-07-27,2025-09-13,2025-09-20,Huatulco,Hotel,5,15,32401.68,MXN,Completada
R000411,C01626,V06540,,2025-07-28,2025-08-24,2025-08-30,Guadalajara,Vuelo,1,10,3832.47,MXN,Completada
R000412,C00029,V04741,,2025-07-28,2025-09-11,2025-09-14,París,Vuelo,4,10,57897.4,MXN,Completada
R000413,C02161,V00321,H0457,2025-07-29,2025-09-19,2025-09-23,Cancún,Paquete,4,5,23699.92,MXN,Completada
R000414,C03085,V07057,H0882,2025-07-31,2025-08-21,2025-08-30,Huatulco,Paquete,1,10,11455.95,MXN,Completada
R000415,C01844,V07933,H0104,2025-07-31,2025-08-22,2025-08-24,Nueva York,Paquete,4,20,30295.01,MXN,Completada
R000416,C03571,V05697,H0612,2025-07-31,2025-10-31,2025-11-10,Huatulco,Paquete,5,10,66176.37,MXN,Cancelada
R000417,C01174,,H0161,2025-08-01,2025-09-03,2025-09-06,Acapulco,Hotel,3,15,13309.93,MXN,Completada
R000418,C02816,V08529,H0474,2025-08-01,2025-09-24,2025-09-28,Las Vegas,Paquete,4,5,62757.95,MXN,Completada
R000419,C01867,V04119,,2025-08-02,2025-10-31,2025-11-06,Orlando,Vuelo,4,10,22169.7,MXN,Completada
R000420,C00445,V09725,H0598,2025-08-03,2025-09-05,2025-09-15,Vancouver,Paquete,2,0,44040.5,MXN,Completada
R000421,C01256,V08300,H0008,2025-08-03,2025-09-07,2025-09-10,Los Cabos,Paquete,1,15,5169.62,MXN,Completada
R000422,C00426,V05898,H0139,2025-08-03,2025-10-25,2025-10-27,Puerto Vallarta,Paquete,4,10,20214.4,MXN,Completada
R000423,C02697,V05590,,2025-08-04,2025-08-14,2025-08-16,Vancouver,Vuelo,5,0,33747.75,MXN,Completada
R000424,C01967,V07241,H0075,2025-08-04,2025-09-29,2025-10-04,Mérida,Paquete,1,15,10789.68,MXN,Completada
R000425,C00702,V03687,,2025-08-05,2025-09-15,2025-09-18,Vancouver,Vuelo,4,20,28996.16,MXN,Completada
R000426,C01324,,H0128,2025-08-05,2025-11-24,2025-11-26,Los Cabos,Hotel,3,10,9460.58,MXN,Completada
R000427,C02046,V04439,H0743,2025-08-06,2025-10-14,2025-10-20,Los Cabos,Paquete,2,0,23372.24,MXN,Completada
R000428,C00562,V04885,H0703,2025-08-06,2025-12-03,2025-12-05,Vancouver,Paquete,4,15,35582.9,MXN,Completada
R000429,C03330,,H0256,2025-08-07,2025-08-26,2025-08-28,Madrid,Hotel,4,15,17533.15,MXN,Completada
R000430,C03604,V02103,H0277,2025-08-07,2025-09-04,2025-09-07,Cancún,Paquete,3,20,22570.22,MXN,Completada
R000431,C02569,V03668,H0357,2025-08-08,2025-09-20,2025-09-25,Huatulco,Paquete,1,10,7285.58,MXN,Completada
R000432,C03314,,H0690,2025-08-08,2025-11-29,2025-12-03,Mérida,Hotel,4,15,8772.2,MXN,Completada
R000433,C02096,V02103,H0022,2025-08-09,2025-09-04,2025-09-08,Cancún,Paquete,2,10,13221.47,MXN,Completada
R000434,C00684,V04093,H0960,2025-08-10,2025-12-04,2025-12-13,Mérida,Paquete,2,15,16374.77,MXN,Completada
R000435,C03601,V06220,H0252,2025-08-10,2025-12-06,2025-12-13,Huatulco,Paquete,4,0,64380.98,MXN,Completada
R000436,C03691,,H0057,2025-08-11,2025-09-24,2025-10-03,Huatulco,Hotel,1,15,19798.81,MXN,Completada
R000437,C01953,,H0751,2025-08-11,2025-11-26,2025-11-28,Madrid,Hotel,3,20,12562.98,MXN,Completada
R000438,C02189,V07202,H0531,2025-08-13,2025-09-19,2025-09-25,París,Paquete,4,0,134686.36,MXN,Completada
R000439,C01201,V07386,H0796,2025-08-13,2025-10-24,2025-10-27,Madrid,Paquete,4,10,65289.28,MXN,Completada
R000440,C00865,V07352,,2025-08-14,2025-10-10,2025-10-19,Nueva York,Vuelo,3,15,16973.23,MXN,Completada
R000441,C03079,V04622,H0443,2025-08-14,2025-10-12,2025-10-14,Los Cabos,Paquete,5,0,34224.36,MXN,Completada
R000442,C03433,V06510,H0846,2025-08-15,2025-10-13,2025-10-19,París,Paquete,4,15,119792.78,MXN,Completada
R000443,C01536,V00132,H0256,2025-08-16,2025-09-28,2025-10-02,Madrid,Paquete,2,5,53652.94,MXN,Completada
R000444,C03106,V00151,H0364,2025-08-16,2025-10-26,2025-10-31,Puerto Vallarta,Paquete,5,20,26932.8,MXN,Completada
R000445,C00982,V08623,H0698,2025-08-17,2025-09-24,2025-10-01,Los Cabos,Paquete,3,20,21402.45,MXN,Completada
R000446,C01300,V04693,H0176,2025-08-17,2025-10-23,2025-10-29,Acapulco,Paquete,2,5,20497.48,MXN,Completada
R000447,C01767,V03371,H0734,2025-08-18,2025-11-19,2025-11-29,Nueva York,Paquete,4,5,68091.1,MXN,Completada
R000448,C03506,V07169,H0434,2025-08-19,2025-11-05,2025-11-15,Nueva York,Paquete,5,5,176123.82,MXN,Completada
R000449,C01671,V04483,H0403,2025-08-20,2025-09-22,2025-09-24,Vancouver,Paquete,4,15,31399.44,MXN,Completada
R000450,C02661,V00238,H0156,2025-08-20,2025-10-11,2025-10-17,París,Paquete,2,5,63920.46,MXN,Completada
R000451,C00952,V01262,H0417,2025-08-20,2025-10-27,2025-11-01,Huatulco,Paquete,5,0,32141.8,MXN,Completada
R000452,C03625,V05000,H0677,2025-08-20,2025-12-17,2025-12-26,Orlando,Paquete,1,5,23425.79,MXN,Cancelada
R000453,C02971,V03266,H0558,2025-08-21,2025-10-18,2025-10-28,Guadalajara,Paquete,5,15,76754.32,MXN,Completada
R000454,C02533,V06651,H0102,2025-08-22,2025-11-04,2025-11-14,Huatulco,Paquete,1,10,33116.71,MXN,Completada
R000455,C02825,V07099,H0045,2025-08-22,2025-11-12,2025-11-20,Mérida,Paquete,5,15,84380.95,MXN,Completada
R000456,C01441,V08966,H0549,2025-08-23,2025-10-06,2025-10-08,Las Vegas,Paquete,4,5,24931.27,MXN,Completada
R000457,C02234,V00503,H0357,2025-08-23,2025-11-07,2025-11-10,Huatulco,Paquete,2,10,10632.42,MXN,Cancelada
R000458,C01507,V01721,H0165,2025-08-23,2025-11-13,2025-11-22,Mérida,Paquete,3,5,42092.65,MXN,Cancelada
R000459,C03635,V08979,H0907,2025-08-24,2025-11-15,2025-11-19,Cancún,Paquete,1,15,8462.35,MXN,Completada
R000460,C02762,,H0538,2025-08-25,2025-09-10,2025-09-13,Vancouver,Hotel,3,5,20505.35,MXN,Completada
R000461,C03380,V03384,H0081,2025-08-26,2025-09-30,2025-10-04,París,Paquete,4,10,63275.08,MXN,Completada
R000462,C00281,V00752,H0928,2025-08-26,2025-12-09,2025-12-16,Vancouver,Paquete,3,5,60872.36,MXN,Cancelada
R000463,C03371,,H0135,2025-08-27,2025-09-04,2025-09-07,Mérida,Hotel,3,10,9323.75,MXN,Completada
R000464,C02398,V06661,,2025-08-28,2025-12-17,2025-12-22,Nueva York,Vuelo,1,5,3390.29,MXN,Cancelada
R000465,C03324,V07991,H0225,2025-08-29,2025-09-24,2025-09-28,Mérida,Paquete,2,0,17668.1,MXN,Completada
R000466,C00043,,H0516,2025-08-29,2025-11-29,2025-12-03,París,Hotel,1,15,13483.11,MXN,Completada
R000467,C00668,V01531,H0291,2025-08-30,2025-10-08,2025-10-13,París,Paquete,4,10,87663.2,MXN,Completada
R000468,C02797,,H0592,2025-08-30,2025-10-18,2025-10-25,Cancún,Hotel,3,10,26727.25,MXN,Cancelada
R000469,C02316,,H0661,2025-08-30,2025-10-22,2025-10-30,Madrid,Hotel,1,0,16959.92,MXN,Completada
R000470,C01633,,H0860,2025-08-30,2025-11-20,2025-11-23,Miami,Hotel,5,15,15168.19,MXN,Completada
R000471,C01713,V05253,,2025-08-30,2025-11-27,2025-12-06,Huatulco,Vuelo,1,20,2995.47,MXN,Completada
R000472,C01232,V01320,H0555,2025-08-30,2025-12-24,2025-12-27,Mérida,Paquete,4,10,27024.17,MXN,Completada
R000473,C02766,V05570,H0750,2025-08-31,2025-12-22,2025-12-24,Mérida,Paquete,2,10,11651.22,MXN,Completada
R000474,C02419,V09447,H0114,2025-09-01,2025-11-24,2025-11-27,Las Vegas,Paquete,3,5,36492.08,MXN,Completada
R000475,C01656,V02301,H0748,2025-09-01,2025-12-17,2025-12-21,Vancouver,Paquete,4,0,58241.76,MXN,Completada
R000476,C01299,V02350,H0047,2025-09-02,2025-10-02,2025-10-10,Orlando,Paquete,4,10,86521.86,MXN,Completada
R000477,C03848,V01543,H0689,2025-09-02,2025-11-13,2025-11-22,Nueva York,Paquete,5,5,104293.23,MXN,Completada
R000478,C02715,V01037,H0443,2025-09-02,2025-12-11,2025-12-18,Los Cabos,Paquete,4,10,45802.89,MXN,Completada
R000479,C01771,V02486,H0371,2025-09-03,2025-10-03,2025-10-07,Acapulco,Paquete,1,15,11602.31,MXN,Completada
R000480,C01708,V07372,H0590,2025-09-04,2025-09-20,2025-09-23,Miami,Paquete,5,15,51404.32,MXN,Completada
R000481,C02984,V03154,,2025-09-04,2025-10-18,2025-10-20,Orlando,Vuelo,4,20,12404.1,MXN,Completada
R000482,C00015,V03033,H0033,2025-09-05,2025-10-16,2025-10-22,Guadalajara,Paquete,1,10,8096.93,MXN,Cancelada
R000483,C00950,V05761,H0635,2025-09-06,2025-09-13,2025-09-18,Miami,Paquete,2,10,25538.88,MXN,Cancelada
R000484,C01882,V01118,H0722,2025-09-07,2025-11-18,2025-11-26,Orlando,Paquete,4,20,33141.66,MXN,Completada
R000485,C01138,V01690,H0026,2025-09-07,2026-01-01,2026-01-07,Acapulco,Paquete,3,20,24668.26,MXN,Cancelada
R000486,C03028,V03809,H0159,2025-09-08,2025-12-22,2025-12-25,Las Vegas,Paquete,4,0,52596.42,MXN,Completada
R000487,C01538,,H0257,2025-09-09,2025-11-10,2025-11-12,Orlando,Hotel,1,10,6102.79,MXN,Completada
R000488,C00035,,H0360,2025-09-09,2025-12-28,2026-01-04,Mérida,Hotel,2,15,10141.48,MXN,Completada
R000489,C00420,V06054,,2025-09-10,2025-09-21,2025-09-24,Los Cabos,Vuelo,5,0,17697.25,MXN,Completada
R000490,C03401,V07386,,2025-09-10,2025-10-24,2025-10-26,Madrid,Vuelo,1,5,13123.75,MXN,Completada
R000491,C00277,V00482,H0897,2025-09-10,2025-11-08,2025-11-14,Huatulco,Paquete,2,20,11029.79,MXN,Cancelada
R000492,C01699,V02367,,2025-09-10,2025-11-18,2025-11-25,Los Cabos,Vuelo,1,10,3044.64,MXN,Completada
R000493,C00837,V03384,H0426,2025-09-11,2025-09-30,2025-10-06,París,Paquete,3,15,94253.28,MXN,Completada
R000494,C00205,V02723,H0471,2025-09-11,2025-10-26,2025-11-03,París,Paquete,3,15,75472.07,MXN,Completada
R000495,C00895,V07881,H0395,2025-09-11,2025-12-09,2025-12-19,Miami,Paquete,2,5,53170.23,MXN,Completada
R000496,C01116,V06843,H0581,2025-09-12,2025-10-02,2025-10-07,Acapulco,Paquete,5,5,64135.69,MXN,Completada
R000497,C03103,V02207,H0823,2025-09-12,2025-10-21,2025-10-25,Vancouver,Paquete,2,0,30848.4,MXN,Cancelada
R000498,C01579,,H0811,2025-09-12,2025-10-30,2025-11-04,Madrid,Hotel,1,15,11537.64,MXN,Completada
R000499,C02076,V04826,H0241,2025-09-13,2025-10-07,2025-10-14,Madrid,Paquete,5,5,135057.21,MXN,Completada
R000500,C03053,V07111,H0614,2025-09-13,2025-11-23,2025-11-28,Nueva York,Paquete,4,5,42160.16,MXN,Completada
R000501,C01097,,H0539,2025-09-13,2026-01-06,2026-01-13,Nueva York,Hotel,1,10,16065.19,MXN,Completada
R000502,C03977,V08741,H0201,2025-09-14,2025-10-20,2025-10-30,París,Paquete,5,10,164010.87,MXN,Cancelada
R000503,C03910,,H0421,2025-09-14,2026-01-11,2026-01-21,Madrid,Hotel,5,5,132169.89,MXN,Completada
R000504,C03100,V01450,H0128,2025-09-15,2025-10-23,2025-10-27,Los Cabos,Paquete,5,0,41163.13,MXN,Completada
R000505,C01784,V00491,,2025-09-15,2025-12-03,2025-12-11,Nueva York,Vuelo,4,0,23081.52,MXN,Completada
R000506,C02812,V06405,H0742,2025-09-18,2025-10-14,2025-10-24,Cancún,Paquete,3,0,29752.06,MXN,Cancelada
R000507,C01694,V01303,H0893,2025-09-18,2025-11-19,2025-11-29,Los Cabos,Paquete,2,15,18013.59,MXN,Cancelada
R000508,C00365,V09098,H0574,2025-09-18,2025-12-18,2025-12-27,Puerto Vallarta,Paquete,3,5,42800.93,MXN,Completada
R000509,C01239,,H0815,2025-09-18,2026-01-02,2026-01-05,Miami,Hotel,3,0,14452.86,MXN,Cancelada
R000510,C03314,V05667,,2025-09-18,2026-01-13,2026-01-15,Acapulco,Vuelo,4,0,14896.48,MXN,Completada
R000511,C00212,V03266,H0963,2025-09-19,2025-10-18,2025-10-27,Guadalajara,Paquete,2,5,16818.03,MXN,Cancelada
R000512,C02000,V06669,H0492,2025-09-19,2025-10-19,2025-10-27,Huatulco,Paquete,4,15,43329.67,MXN,Completada
R000513,C00291,,H0402,2025-09-20,2025-09-27,2025-10-04,Huatulco,Hotel,3,10,27024.73,MXN,Completada
R000514,C01463,,H0457,2025-09-20,2025-12-10,2025-12-14,Cancún,Hotel,1,15,5644.75,MXN,Completada
R000515,C01174,V02339,H0128,2025-09-21,2025-12-13,2025-12-17,Los Cabos,Paquete,2,15,11758.12,MXN,Cancelada
R000516,C03278,,H0834,2025-09-23,2025-10-20,2025-10-30,Las Vegas,Hotel,3,0,80972.8,MXN,Completada
R000517,C00164,V04340,H0584,2025-09-23,2026-01-21,2026-01-31,Nueva York,Paquete,1,5,20599.08,MXN,Completada
R000518,C00600,V03952,H0257,2025-09-25,2025-10-27,2025-11-03,Orlando,Paquete,2,5,36638.78,MXN,Completada
R000519,C00639,,H0327,2025-09-25,2025-12-05,2025-12-08,Huatulco,Hotel,2,20,2725.58,MXN,Completada
R000520,C03265,V00152,,2025-09-26,2025-11-25,2025-12-03,Puerto Vallarta,Vuelo,4,15,8527.44,MXN,Completada
R000521,C01311,V04743,H0042,2025-09-26,2025-11-27,2025-12-01,Huatulco,Paquete,3,20,19287.13,MXN,Completada
R000522,C00980,,H0984,2025-09-27,2025-10-12,2025-10-17,Las Vegas,Hotel,3,15,26994.47,MXN,Completada
R000523,C00043,V01320,H0585,2025-09-28,2025-12-24,2026-01-02,Mérida,Paquete,2,15,15142.73,MXN,Completada
R000524,C00879,,H0678,2025-09-28,2026-01-15,2026-01-25,Guadalajara,Hotel,1,0,28607.5,MXN,Completada
R000525,C00102,V05707,H0933,2025-09-29,2025-10-28,2025-11-04,Guadalajara,Paquete,5,10,66487.98,MXN,Completada
R000526,C01402,,H0571,2025-09-29,2025-11-15,2025-11-21,Madrid,Hotel,3,10,28264.03,MXN,Completada
R000527,C02960,V07334,H0425,2025-09-29,2025-12-31,2026-01-10,Miami,Paquete,5,0,132821.7,MXN,Completada
R000528,C03743,V08270,H0847,2025-10-01,2025-10-11,2025-10-18,Cancún,Paquete,3,15,38210.29,MXN,Cancelada
R000529,C00414,,H0027,2025-10-01,2025-11-30,2025-12-04,Huatulco,Hotel,2,15,6086.65,MXN,Completada
R000530,C02897,V04192,H0404,2025-10-01,2025-12-12,2025-12-22,Nueva York,Paquete,5,0,127631.25,MXN,Cancelada
R000531,C03433,V09976,H0799,2025-10-02,2025-12-28,2026-01-03,Puerto Vallarta,Paquete,2,15,14087.97,MXN,Cancelada
R000532,C03465,V09642,H0725,2025-10-02,2026-01-26,2026-01-29,Miami,Paquete,2,5,22155.91,MXN,Cancelada
R000533,C02835,V03614,H0683,2025-10-04,2025-11-11,2025-11-19,Los Cabos,Paquete,1,10,14841.35,MXN,Cancelada
R000534,C00456,V07258,H0636,2025-10-04,2026-01-05,2026-01-11,París,Paquete,3,20,69510.22,MXN,Completada
R000535,C01321,V05586,H0728,2025-10-04,2026-01-13,2026-01-20,Los Cabos,Paquete,1,5,16326.87,MXN,Completada
R000536,C00168,V09687,H0321,2025-10-04,2026-01-31,2026-02-08,París,Paquete,1,0,52439.87,MXN,Completada
R000537,C01934,V05975,H0602,2025-10-05,2025-11-25,2025-12-01,Orlando,Paquete,3,10,63467.66,MXN,Cancelada
R000538,C02719,V06374,H0548,2025-10-05,2025-12-20,2025-12-26,Los Cabos,Paquete,3,20,37280.57,MXN,Cancelada
R000539,C01146,V03731,H0271,2025-10-06,2025-10-25,2025-10-31,Madrid,Paquete,3,0,134971.5,MXN,Completada
R000540,C02884,V01215,,2025-10-07,2026-01-25,2026-01-28,Guadalajara,Vuelo,2,10,5997.06,MXN,Completada
R000541,C02501,V05557,H0134,2025-10-08,2025-12-31,2026-01-08,Nueva York,Paquete,5,15,80502.65,MXN,Cancelada
R000542,C01964,V03065,H0814,2025-10-09,2025-11-14,2025-11-23,Puerto Vallarta,Paquete,3,20,34879.27,MXN,Completada
R000543,C02163,V09342,H0758,2025-10-10,2026-01-04,2026-01-08,Los Cabos,Paquete,1,0,9709.54,MXN,Completada
R000544,C01886,V02252,,2025-10-10,2026-01-14,2026-01-18,Miami,Vuelo,3,5,22385.13,MXN,Cancelada
R000545,C01284,,H0676,2025-10-11,2025-10-23,2025-11-02,Madrid,Hotel,3,15,39137.06,MXN,Completada
R000546,C03798,,H0501,2025-10-12,2025-10-27,2025-11-05,París,Hotel,3,0,66046.32,MXN,Cancelada
R000547,C01954,V06064,H0788,2025-10-12,2025-12-15,2025-12-23,Los Cabos,Paquete,5,0,59096.25,MXN,Completada
R000548,C00253,V08584,H0180,2025-10-12,2026-01-17,2026-01-27,Mérida,Paquete,4,0,31301.36,MXN,Cancelada
R000549,C02847,,H0721,2025-10-13,2025-10-20,2025-10-30,Madrid,Hotel,1,10,34068.51,MXN,Completada
R000550,C01237,V09993,,2025-10-13,2025-11-02,2025-11-12,Guadalajara,Vuelo,5,0,6087.85,MXN,Cancelada
R000551,C01984,,H0673,2025-10-13,2025-11-29,2025-12-05,Vancouver,Hotel,1,5,18657.87,MXN,Completada
R000552,C03161,V01398,H0251,2025-10-13,2025-12-02,2025-12-06,Acapulco,Paquete,1,0,12781.84,MXN,Completada
R000553,C03001,V03327,H0899,2025-10-13,2025-12-19,2025-12-26,Nueva York,Paquete,3,0,62489.49,MXN,Completada
R000554,C01954,V03536,H0672,2025-10-14,2025-10-26,2025-11-04,Huatulco,Paquete,1,10,19026.68,MXN,Completada
R000555,C01156,V03265,H0934,2025-10-14,2025-12-24,2025-12-27,Puerto Vallarta,Paquete,4,10,14027.62,MXN,Completada
R000556,C00078,,H0984,2025-10-16,2026-01-15,2026-01-18,Las Vegas,Hotel,4,5,18102.17,MXN,Completada
R000557,C01868,V03673,H0683,2025-10-16,2026-01-15,2026-01-20,Los Cabos,Paquete,4,15,22087.64,MXN,Completada
R000558,C03311,,H0797,2025-10-16,2026-01-21,2026-01-24,Orlando,Hotel,5,0,23184.09,MXN,Completada
R000559,C01219,V09207,H0151,2025-10-17,2025-12-27,2026-01-01,Madrid,Paquete,1,5,31049.32,MXN,Completada
R000560,C03048,V03380,H0618,2025-10-17,2026-01-28,2026-02-07,Guadalajara,Paquete,1,20,22241.21,MXN,Completada
R000561,C01343,V09009,H0670,2025-10-18,2025-11-16,2025-11-22,Monterrey,Paquete,1,5,10172.21,MXN,Completada
R000562,C02072,V07544,H0770,2025-10-19,2025-11-16,2025-11-25,Miami,Paquete,3,20,85218.91,MXN,Completada
R000563,C01653,V00752,H0733,2025-10-19,2025-12-09,2025-12-16,Vancouver,Paquete,4,0,82500.26,MXN,Completada
R000564,C01158,V04372,H0876,2025-10-19,2026-01-27,2026-01-29,París,Paquete,1,0,22263.41,MXN,Completada
R000565,C03997,V02163,H0757,2025-10-20,2025-11-02,2025-11-12,Cancún,Paquete,3,5,60809.1,MXN,Completada
R000566,C00778,V04535,H0325,2025-10-22,2025-10-29,2025-10-31,Monterrey,Paquete,1,10,7721.1,MXN,Cancelada
R000567,C00069,V06684,H0102,2025-10-23,2026-02-06,2026-02-10,Huatulco,Paquete,2,10,19567.01,MXN,Completada
R000568,C02365,,H0890,2025-10-24,2025-11-18,2025-11-25,Miami,Hotel,3,5,34822.59,MXN,Cancelada
R000569,C03728,V02245,H0121,2025-10-24,2026-02-12,2026-02-16,Madrid,Paquete,2,0,35172.1,MXN,Completada
R000570,C00478,V05904,H0063,2025-10-26,2026-02-03,2026-02-09,Guadalajara,Paquete,2,0,18470.42,MXN,Cancelada
R000571,C02067,,H0987,2025-10-27,2025-12-30,2026-01-01,Huatulco,Hotel,2,5,2782.32,MXN,Cancelada
R000572,C03689,V06844,,2025-10-28,2025-11-30,2025-12-09,Vancouver,Vuelo,2,10,14042.05,MXN,Completada
R000573,C02277,V02943,H0185,2025-10-29,2026-01-23,2026-01-27,Miami,Paquete,3,0,62436.13,MXN,Completada
R000574,C00408,V08415,H0701,2025-10-30,2025-12-30,2026-01-03,Acapulco,Paquete,3,0,27089.93,MXN,Completada
R000575,C01413,V00491,,2025-10-31,2025-12-03,2025-12-05,Nueva York,Vuelo,3,10,15580.03,MXN,Completada
R000576,C03175,V06407,H0137,2025-10-31,2026-02-06,2026-02-09,Orlando,Paquete,2,20,12616.43,MXN,Cancelada
R000577,C01889,V02548,,2025-10-31,2026-02-12,2026-02-17,Cancún,Vuelo,3,15,7208.01,MXN,Completada
R000578,C03438,V05629,H0364,2025-10-31,2026-02-22,2026-02-24,Puerto Vallarta,Paquete,2,0,10793.22,MXN,Completada
R000579,C03273,V06210,H0859,2025-11-01,2026-01-19,2026-01-21,Puerto Vallarta,Paquete,2,0,14459.1,MXN,Completada
R000580,C00581,V06721,H0713,2025-11-01,2026-01-31,2026-02-02,Los Cabos,Paquete,3,5,21765.02,MXN,Completada
R000581,C01088,,H0634,2025-11-02,2025-11-19,2025-11-29,Puerto Vallarta,Hotel,2,5,26159.58,MXN,Completada
R000582,C03756,V06178,H0159,2025-11-03,2025-12-07,2025-12-16,Las Vegas,Paquete,1,20,24755.81,MXN,Completada
R000583,C02837,,H0159,2025-11-03,2025-12-16,2025-12-18,Las Vegas,Hotel,5,0,15732.42,MXN,Cancelada
R000584,C02724,V06361,H0040,2025-11-03,2026-01-12,2026-01-18,Monterrey,Paquete,3,5,47047.14,MXN,Completada
R000585,C01808,V07120,H0984,2025-11-04,2026-02-15,2026-02-20,Las Vegas,Paquete,5,0,90059.1,MXN,Completada
R000586,C01772,V00340,H0700,2025-11-05,2026-01-03,2026-01-09,Monterrey,Paquete,1,0,15018.74,MXN,Completada
R000587,C00422,V09009,H0895,2025-11-06,2025-11-16,2025-11-21,Monterrey,Paquete,5,10,36933.66,MXN,Completada
R000588,C03723,V09149,,2025-11-07,2025-12-04,2025-12-10,París,Vuelo,3,5,43618.59,MXN,Completada
R000589,C03245,V04009,H0404,2025-11-07,2026-01-19,2026-01-26,Nueva York,Paquete,4,10,52981.45,MXN,Cancelada
R000590,C00282,V07211,,2025-11-08,2026-03-04,2026-03-06,Guadalajara,Vuelo,2,0,8862.88,MXN,Completada
R000591,C02669,V01167,H0090,2025-11-09,2025-11-26,2025-12-06,Mérida,Paquete,3,10,33067.55,MXN,Completada
R000592,C01802,V00231,H0658,2025-11-09,2025-11-28,2025-12-06,Vancouver,Paquete,2,0,31535.2,MXN,Cancelada
R000593,C00497,V00464,H0326,2025-11-09,2025-12-17,2025-12-22,Acapulco,Paquete,2,10,8165.26,MXN,Completada
R000594,C02722,V08493,H0378,2025-11-09,2026-02-21,2026-02-24,Guadalajara,Paquete,3,0,20270.1,MXN,Completada
R000595,C02075,V00859,H0711,2025-11-10,2026-01-09,2026-01-17,París,Paquete,2,0,70128.08,MXN,Completada
R000596,C01308,V02037,H0139,2025-11-10,2026-01-16,2026-01-20,Puerto Vallarta,Paquete,5,20,25443.9,MXN,Completada
R000597,C03218,V05165,H0319,2025-11-11,2026-01-10,2026-01-20,Puerto Vallarta,Paquete,3,5,64588.74,MXN,Cancelada
R000598,C01513,V00665,H0596,2025-11-11,2026-01-29,2026-02-06,Acapulco,Paquete,1,0,21332.8,MXN,Completada
R000599,C01562,V04737,H0058,2025-11-12,2026-01-28,2026-02-04,Vancouver,Paquete,2,5,26253.49,MXN,Completada
R000600,C02470,V05034,H0646,2025-11-12,2026-03-10,2026-03-15,Madrid,Paquete,2,10,41448.77,MXN,Cancelada
R000601,C01619,V00804,H0867,2025-11-13,2026-01-12,2026-01-15,Huatulco,Paquete,3,10,22400.14,MXN,Completada
R000602,C00811,V01244,,2025-11-13,2026-02-21,2026-02-26,París,Vuelo,1,0,22129.26,MXN,Completada
R000603,C01917,V06882,H0096,2025-11-13,2026-02-23,2026-03-04,París,Paquete,4,10,115704.41,MXN,Cancelada
R000604,C02367,V07111,H0194,2025-11-14,2025-11-23,2025-11-26,Nueva York,Paquete,3,20,30055.32,MXN,Completada
R000605,C03908,V07794,,2025-11-15,2026-01-30,2026-02-02,Acapulco,Vuelo,1,5,2823.89,MXN,Cancelada
R000606,C00345,V02737,H0642,2025-11-17,2025-11-24,2025-11-26,Huatulco,Paquete,1,15,6367.15,MXN,Cancelada
R000607,C03347,V04885,H0178,2025-11-17,2025-12-03,2025-12-08,Vancouver,Paquete,3,15,33462.09,MXN,Completada
R000608,C00806,V03959,H0357,2025-11-17,2026-01-17,2026-01-20,Huatulco,Paquete,1,15,4894.96,MXN,Completada
R000609,C00684,V00220,H0003,2025-11-18,2026-02-03,2026-02-12,Guadalajara,Paquete,3,10,35398.73,MXN,Completada
R000610,C00137,V06504,H0654,2025-11-19,2025-11-28,2025-11-30,Las Vegas,Paquete,4,15,32279.97,MXN,Completada
R000611,C00599,V01448,H0201,2025-11-19,2025-12-21,2025-12-30,París,Paquete,1,0,47819.74,MXN,Completada
R000612,C01857,V03771,H0617,2025-11-19,2026-01-21,2026-01-23,Orlando,Paquete,5,15,32097.97,MXN,Completada
R000613,C03237,V02958,H0202,2025-11-19,2026-02-06,2026-02-14,Cancún,Paquete,1,15,22455.27,MXN,Completada
R000614,C01207,V04828,H0782,2025-11-19,2026-03-09,2026-03-17,Orlando,Paquete,3,10,63084.76,MXN,Completada
R000615,C00245,V09769,H0632,2025-11-19,2026-03-15,2026-03-23,Orlando,Paquete,5,10,80854.55,MXN,Cancelada
R000616,C00440,,H0671,2025-11-20,2025-12-22,2025-12-31,Acapulco,Hotel,4,20,19216.94,MXN,Completada
R000617,C02987,,H0079,2025-11-20,2025-12-27,2025-12-31,Puerto Vallarta,Hotel,2,5,6202.59,MXN,Completada
R000618,C04029,V08671,H0144,2025-11-20,2026-01-09,2026-01-13,Las Vegas,Paquete,1,20,21310.82,MXN,Completada
R000619,C01317,V03210,,2025-11-21,2025-12-29,2026-01-02,Los Cabos,Vuelo,4,0,12213.56,MXN,Completada
R000620,C00150,V02054,H0739,2025-11-22,2026-02-21,2026-02-26,Puerto Vallarta,Paquete,5,5,37659.95,MXN,Completada
R000621,C03662,V09623,H0036,2025-11-23,2025-12-21,2025-12-30,París,Paquete,2,15,35773.68,MXN,Completada
R000622,C02194,,H0166,2025-11-23,2026-03-16,2026-03-18,Madrid,Hotel,5,20,21343.82,MXN,Completada
R000623,C02053,,H0709,2025-11-23,2026-03-19,2026-03-29,Puerto Vallarta,Hotel,1,15,23657.8,MXN,Completada
R000624,C02308,V07043,H0093,2025-11-24,2025-12-03,2025-12-10,Guadalajara,Paquete,3,5,33482.37,MXN,Completada
R000625,C02239,V06053,H0627,2025-11-24,2026-02-14,2026-02-18,Huatulco,Paquete,3,10,24535.92,MXN,Completada
R000626,C02663,,H0987,2025-11-24,2026-02-21,2026-02-27,Huatulco,Hotel,3,0,17572.56,MXN,Completada
R000627,C01562,V05844,,2025-11-25,2026-02-28,2026-03-06,Huatulco,Vuelo,3,5,11342.89,MXN,Completada
R000628,C00301,V02205,H0422,2025-11-26,2026-01-04,2026-01-11,Orlando,Paquete,2,10,35318.48,MXN,Cancelada
R000629,C03772,V04790,H0835,2025-11-27,2026-03-24,2026-03-31,Monterrey,Paquete,1,0,23267.13,MXN,Completada
R000630,C03558,V08921,H0846,2025-11-28,2025-12-18,2025-12-21,París,Paquete,5,0,142809.63,MXN,Completada
R000631,C01624,,H0434,2025-11-28,2026-02-11,2026-02-19,Nueva York,Hotel,1,0,40762.56,MXN,Completada
R000632,C02165,,H0607,2025-11-28,2026-03-14,2026-03-21,Cancún,Hotel,3,15,31263.56,MXN,Completada
R000633,C00489,V06936,H0883,2025-11-30,2025-12-27,2026-01-01,Vancouver,Paquete,1,10,21004.25,MXN,Cancelada
R000634,C02157,V07655,H0149,2025-11-30,2026-01-18,2026-01-22,Nueva York,Paquete,2,0,36165.46,MXN,Completada
R000635,C01011,V07136,H0562,2025-11-30,2026-02-15,2026-02-25,Cancún,Paquete,1,10,22348.46,MXN,Completada
R000636,C04017,V02850,H0390,2025-11-30,2026-02-25,2026-03-07,Mérida,Paquete,4,0,37844.52,MXN,Cancelada
R000637,C02266,V05413,H0072,2025-11-30,2026-03-30,2026-04-03,Huatulco,Paquete,4,0,34696.72,MXN,Completada
R000638,C02853,V01898,H0065,2025-12-01,2026-01-08,2026-01-15,Miami,Paquete,4,5,77827.61,MXN,Completada
R000639,C02309,,H0341,2025-12-04,2026-02-24,2026-03-05,Acapulco,Hotel,2,10,20885.2,MXN,Completada
R000640,C01767,V07489,H0874,2025-12-04,2026-03-15,2026-03-23,Puerto Vallarta,Paquete,1,5,14099.97,MXN,Cancelada
R000641,C01491,V08725,H0434,2025-12-05,2025-12-22,2025-12-28,Nueva York,Paquete,5,0,129083.86,MXN,Completada
R000642,C02631,V08035,H0210,2025-12-05,2026-02-23,2026-03-01,Mérida,Paquete,5,0,45637.63,MXN,Completada
R000643,C03404,V07559,H0455,2025-12-06,2026-03-05,2026-03-11,Miami,Paquete,3,15,32220.6,MXN,Completada
R000644,C04022,V05110,,2025-12-06,2026-03-30,2026-04-09,Miami,Vuelo,5,10,36031.19,MXN,Completada
R000645,C02637,,H0505,2025-12-07,2026-03-29,2026-04-01,Monterrey,Hotel,2,20,4708.58,MXN,Completada
R000646,C01377,V03345,H0290,2025-12-07,2026-04-02,2026-04-10,Miami,Paquete,1,15,30878.59,MXN,Completada
R000647,C03259,V07938,H0448,2025-12-08,2025-12-21,2025-12-26,Vancouver,Paquete,1,5,21456.21,MXN,Completada
R000648,C04020,,H0325,2025-12-08,2025-12-31,2026-01-05,Monterrey,Hotel,3,0,31132.9,MXN,Cancelada
R000649,C00466,V05580,H0903,2025-12-10,2026-01-16,2026-01-22,Guadalajara,Paquete,4,5,45739.31,MXN,Completada
R000650,C02940,V09873,H0455,2025-12-10,2026-01-26,2026-02-02,Miami,Paquete,3,0,56580.26,MXN,Completada
R000651,C03664,V08670,H0017,2025-12-11,2026-01-17,2026-01-22,Orlando,Paquete,4,15,57183.7,MXN,Cancelada
R000652,C04010,V09873,,2025-12-11,2026-01-26,2026-02-05,Miami,Vuelo,5,15,35800.89,MXN,Completada
R000653,C01168,V01072,H0698,2025-12-12,2026-03-28,2026-04-07,Los Cabos,Paquete,2,0,21731.92,MXN,Completada
R000654,C00855,V03038,H0138,2025-12-13,2026-04-09,2026-04-13,Guadalajara,Paquete,4,10,32957.06,MXN,Completada
R000655,C00757,V00691,H0639,2025-12-14,2026-03-11,2026-03-15,Las Vegas,Paquete,5,0,85022.07,MXN,Cancelada
R000656,C01485,V08350,H0976,2025-12-14,2026-03-15,2026-03-17,Madrid,Paquete,4,10,75707.32,MXN,Completada
R000657,C03660,V05809,,2025-12-14,2026-03-17,2026-03-23,Las Vegas,Vuelo,4,5,15693.35,MXN,Cancelada
R000658,C02663,V03973,H0214,2025-12-14,2026-04-11,2026-04-19,Puerto Vallarta,Paquete,5,10,61225.48,MXN,Cancelada
R000659,C01741,,H0805,2025-12-16,2026-01-11,2026-01-16,Monterrey,Hotel,4,5,16860.31,MXN,Completada
R000660,C00799,V06144,H0848,2025-12-18,2026-01-07,2026-01-09,Los Cabos,Paquete,5,10,31125.02,MXN,Completada
R000661,C02722,V09365,H0091,2025-12-19,2026-02-06,2026-02-08,Madrid,Paquete,5,0,125435.87,MXN,Cancelada
R000662,C02755,V02047,H0195,2025-12-19,2026-02-18,2026-02-25,Mérida,Paquete,1,5,19575.3,MXN,Completada
R000663,C04245,V04666,H0721,2025-12-20,2026-02-02,2026-02-06,Madrid,Paquete,3,5,68003.18,MXN,Completada
R000664,C04152,,H0524,2025-12-20,2026-03-28,2026-04-01,Nueva York,Hotel,3,10,32535.86,MXN,Completada
R000665,C02170,V01134,H0574,2025-12-21,2026-02-06,2026-02-16,Puerto Vallarta,Paquete,1,5,23949.54,MXN,Completada
R000666,C01549,V01818,,2025-12-21,2026-03-25,2026-04-03,Acapulco,Vuelo,2,20,4283.97,MXN,Completada
R000667,C04255,V08388,H0244,2025-12-22,2026-03-05,2026-03-11,Puerto Vallarta,Paquete,2,10,16297.07,MXN,Completada
R000668,C03127,V01387,H0935,2025-12-23,2026-01-24,2026-01-26,Miami,Paquete,2,0,20661.1,MXN,Completada
R000669,C01146,,H0113,2025-12-24,2026-01-26,2026-01-28,Los Cabos,Hotel,1,5,5504.64,MXN,Completada
R000670,C00851,V03874,,2025-12-24,2026-04-05,2026-04-13,Orlando,Vuelo,2,5,11672.63,MXN,Completada
R000671,C02155,V08116,H0049,2025-12-27,2026-02-17,2026-02-24,Puerto Vallarta,Paquete,4,20,20682.88,MXN,Completada
R000672,C02868,,H0604,2025-12-28,2026-01-30,2026-02-01,Puerto Vallarta,Hotel,3,10,12772.94,MXN,Completada
R000673,C02000,V04534,H0505,2025-12-28,2026-01-31,2026-02-03,Monterrey,Paquete,3,10,20828.88,MXN,Completada
R000674,C02173,V01485,H0767,2025-12-28,2026-04-24,2026-04-28,Orlando,Paquete,5,0,72854.21,MXN,Completada
R000675,C00133,V06166,H0258,2025-12-29,2026-03-07,2026-03-17,Guadalajara,Paquete,2,5,23425.02,MXN,Completada
R000676,C00730,V03985,H0057,2025-12-29,2026-04-07,2026-04-11,Huatulco,Paquete,5,0,49310.16,MXN,Completada
R000677,C03090,V00533,H0759,2025-12-30,2026-04-09,2026-04-11,Las Vegas,Paquete,4,10,38737.91,MXN,Completada
R000678,C01450,,H0466,2026-01-01,2026-01-08,2026-01-16,Madrid,Hotel,1,5,47458.96,MXN,Completada
R000679,C01431,V06294,H0844,2026-01-01,2026-03-12,2026-03-21,Puerto Vallarta,Paquete,5,5,112055.16,MXN,Cancelada
R000680,C01985,,H0092,2026-01-01,2026-03-22,2026-03-24,Orlando,Hotel,4,0,11004.44,MXN,Completada
R000681,C01092,V01379,H0110,2026-01-01,2026-04-05,2026-04-11,Miami,Paquete,3,0,41860.59,MXN,Completada
R000682,C03009,V04986,,2026-01-02,2026-02-15,2026-02-19,Vancouver,Vuelo,2,20,12174.51,MXN,Completada
R000683,C00847,V05272,H0091,2026-01-02,2026-04-13,2026-04-19,Madrid,Paquete,2,0,46901.1,MXN,Completada
R000684,C03397,,H0589,2026-01-03,2026-01-13,2026-01-22,Puerto Vallarta,Hotel,4,20,38931.41,MXN,Completada
R000685,C04261,V07648,H0470,2026-01-03,2026-01-14,2026-01-24,Miami,Paquete,2,10,44631.25,MXN,Completada
R000686,C03828,V05034,H0301,2026-01-03,2026-03-10,2026-03-12,Madrid,Paquete,4,0,60433.96,MXN,Cancelada
R000687,C00214,V03531,,2026-01-03,2026-04-23,2026-05-01,Cancún,Vuelo,2,5,3011.37,MXN,Cancelada
R000688,C03424,V00876,H0532,2026-01-05,2026-01-27,2026-02-03,Cancún,Paquete,2,5,17128.82,MXN,Cancelada
R000689,C00266,,H0976,2026-01-06,2026-03-22,2026-03-29,Madrid,Hotel,2,10,17957.65,MXN,Completada
R000690,C01571,V06790,H0902,2026-01-06,2026-03-30,2026-04-05,Orlando,Paquete,3,5,70291.15,MXN,Completada
R000691,C02889,,H0641,2026-01-06,2026-05-02,2026-05-10,Acapulco,Hotel,5,10,32992.27,MXN,Cancelada
R000692,C00034,V01060,,2026-01-07,2026-02-15,2026-02-24,Las Vegas,Vuelo,1,0,9012.22,MXN,Completada
R000693,C00332,,H0568,2026-01-07,2026-04-02,2026-04-12,Vancouver,Hotel,5,10,56140.29,MXN,Completada
R000694,C00405,V08534,H0696,2026-01-08,2026-01-15,2026-01-23,París,Paquete,4,15,118948.08,MXN,Cancelada
R000695,C03294,,H0892,2026-01-08,2026-04-04,2026-04-06,Cancún,Hotel,2,10,6291.0,MXN,Completada
R000696,C00445,,H0158,2026-01-09,2026-02-11,2026-02-13,Los Cabos,Hotel,1,5,2172.63,MXN,Completada
R000697,C02573,V09613,H0587,2026-01-09,2026-02-27,2026-03-01,Orlando,Paquete,4,20,40343.2,MXN,Completada
R000698,C02623,,H0358,2026-01-09,2026-04-29,2026-05-01,Vancouver,Hotel,2,5,4483.43,MXN,Completada
R000699,C03640,V00876,H0112,2026-01-11,2026-01-27,2026-02-06,Cancún,Paquete,2,15,26545.79,MXN,Completada
R000700,C03956,,H0697,2026-01-11,2026-03-15,2026-03-23,Cancún,Hotel,3,5,25569.14,MXN,Completada
R000701,C04022,V07999,H0417,2026-01-11,2026-04-19,2026-04-26,Huatulco,Paquete,2,20,15613.9,MXN,Cancelada
R000702,C03445,V04633,H0069,2026-01-11,2026-04-24,2026-04-28,Las Vegas,Paquete,4,20,40823.52,MXN,Completada
R000703,C04239,V08101,H0228,2026-01-12,2026-03-28,2026-03-30,Guadalajara,Paquete,2,15,5549.07,MXN,Completada
R000704,C00765,V09591,H0344,2026-01-12,2026-04-12,2026-04-18,Nueva York,Paquete,4,5,58261.22,MXN,Completada
R000705,C02425,V04268,H0172,2026-01-14,2026-02-02,2026-02-07,Cancún,Paquete,5,15,30561.32,MXN,Completada
R000706,C03250,V01339,H0492,2026-01-14,2026-04-20,2026-04-22,Huatulco,Paquete,2,10,11293.61,MXN,Completada
R000707,C01795,V05533,,2026-01-14,2026-05-10,2026-05-19,Puerto Vallarta,Vuelo,4,10,11850.19,MXN,Completada
R000708,C02623,V08916,H0593,2026-01-15,2026-03-20,2026-03-27,Los Cabos,Paquete,4,20,42494.78,MXN,Cancelada
R000709,C03214,V08154,H0487,2026-01-15,2026-03-28,2026-04-04,Cancún,Paquete,1,0,13077.98,MXN,Completada
R000710,C03515,V02368,H0333,2026-01-15,2026-04-16,2026-04-22,Guadalajara,Paquete,3,0,39786.09,MXN,Cancelada
R000711,C01745,,H0653,2026-01-15,2026-05-07,2026-05-09,Los Cabos,Hotel,5,5,6762.19,MXN,Completada
R000712,C03980,,H0326,2026-01-16,2026-03-26,2026-04-02,Acapulco,Hotel,3,20,12109.55,MXN,Completada
R000713,C00869,V03169,H0538,2026-01-16,2026-04-12,2026-04-16,Vancouver,Paquete,5,0,81444.31,MXN,Completada
R000714,C01179,V03268,H0730,2026-01-16,2026-05-07,2026-05-12,Monterrey,Paquete,5,5,37176.92,MXN,Completada
R000715,C00426,V06184,H0657,2026-01-19,2026-02-16,2026-02-20,Huatulco,Paquete,4,15,16543.45,MXN,Cancelada
R000716,C02864,,H0355,2026-01-20,2026-04-06,2026-04-08,Monterrey,Hotel,5,0,14310.6,MXN,Completada
R000717,C01284,V02245,H0691,2026-01-21,2026-02-12,2026-02-20,Madrid,Paquete,3,10,115847.25,MXN,Completada
R000718,C02276,V01736,H0141,2026-01-22,2026-04-29,2026-05-01,París,Paquete,3,5,68819.34,MXN,Cancelada
R000719,C01310,V02497,H0549,2026-01-23,2026-02-26,2026-03-07,Las Vegas,Paquete,5,10,114133.51,MXN,Completada
R000720,C01294,V06563,H0379,2026-01-23,2026-03-04,2026-03-06,Puerto Vallarta,Paquete,4,0,24583.6,MXN,Completada
R000721,C00451,,H0253,2026-01-23,2026-05-01,2026-05-04,Vancouver,Hotel,3,15,8199.98,MXN,Cancelada
R000722,C02294,,H0685,2026-01-23,2026-05-12,2026-05-20,Monterrey,Hotel,5,15,41893.24,MXN,Completada
R000723,C02120,V02285,H0307,2026-01-25,2026-02-13,2026-02-15,Cancún,Paquete,2,10,11400.89,MXN,Completada
R000724,C04349,V00611,H0013,2026-01-25,2026-05-03,2026-05-08,Vancouver,Paquete,5,15,46201.2,MXN,Completada
R000725,C01549,V09235,H0888,2026-01-26,2026-04-27,2026-05-01,Guadalajara,Paquete,2,10,18021.02,MXN,Completada
R000726,C04261,,H0714,2026-01-27,2026-02-09,2026-02-16,Las Vegas,Hotel,1,15,9231.07,MXN,Completada
R000727,C00692,V05507,H0436,2026-01-27,2026-03-07,2026-03-13,Madrid,Paquete,4,15,77214.27,MXN,Completada
R000728,C00611,V06469,H0497,2026-01-27,2026-05-03,2026-05-09,Orlando,Paquete,1,15,27229.96,MXN,Completada
R000729,C01806,V06184,H0957,2026-01-28,2026-02-16,2026-02-22,Huatulco,Paquete,5,5,45707.45,MXN,Completada
R000730,C00157,V06967,H0884,2026-01-28,2026-04-28,2026-05-08,Nueva York,Paquete,2,15,42267.05,MXN,Completada
R000731,C00836,V08028,,2026-01-29,2026-04-12,2026-04-18,Cancún,Vuelo,4,20,8440.7,MXN,Completada
R000732,C04152,V03932,H0687,2026-01-30,2026-03-17,2026-03-25,Huatulco,Paquete,1,5,19741.11,MXN,Completada
R000733,C02602,V03054,,2026-01-30,2026-05-10,2026-05-17,París,Vuelo,1,10,16003.3,MXN,Cancelada
R000734,C01457,V00448,H0145,2026-01-30,2026-05-30,2026-06-01,Monterrey,Paquete,3,10,17087.64,MXN,Completada
R000735,C00010,V06184,H0657,2026-02-01,2026-02-16,2026-02-19,Huatulco,Paquete,3,10,13137.44,MXN,Completada
R000736,C02749,V02072,,2026-02-01,2026-03-19,2026-03-26,Puerto Vallarta,Vuelo,4,0,14629.76,MXN,Completada
R000737,C00194,V06383,H0112,2026-02-02,2026-04-05,2026-04-09,Cancún,Paquete,2,20,11508.27,MXN,Completada
R000738,C00013,,H0804,2026-02-02,2026-04-16,2026-04-18,Las Vegas,Hotel,2,10,5390.55,MXN,Completada
R000739,C03407,V08743,H0648,2026-02-04,2026-04-13,2026-04-15,Guadalajara,Paquete,4,5,22690.48,MXN,Completada
R000740,C01383,V04257,H0939,2026-02-04,2026-04-17,2026-04-27,Las Vegas,Paquete,4,0,70881.8,MXN,Completada
R000741,C02748,V07185,H0920,2026-02-06,2026-04-18,2026-04-26,Miami,Paquete,4,5,75771.39,MXN,Completada
R000742,C03395,,H0713,2026-02-06,2026-04-21,2026-04-27,Los Cabos,Hotel,5,0,70134.12,MXN,Completada
R000743,C01949,V07820,,2026-02-06,2026-04-30,2026-05-10,Madrid,Vuelo,1,5,11043.21,MXN,Completada
R000744,C02845,V04528,H0831,2026-02-07,2026-03-01,2026-03-09,París,Paquete,3,0,127423.94,MXN,Completada
R000745,C02906,V05454,H0357,2026-02-07,2026-04-26,2026-05-04,Huatulco,Paquete,5,0,40735.79,MXN,Completada
R000746,C03656,V02684,H0761,2026-02-08,2026-03-22,2026-03-24,Acapulco,Paquete,4,10,21791.34,MXN,Completada
R000747,C00956,V08178,H0424,2026-02-09,2026-02-21,2026-03-02,Puerto Vallarta,Paquete,1,10,21327.89,MXN,Completada
R000748,C01568,V04794,H0343,2026-02-09,2026-03-02,2026-03-05,Vancouver,Paquete,3,0,32085.51,MXN,Cancelada
R000749,C02063,V04857,H0143,2026-02-09,2026-04-12,2026-04-17,Los Cabos,Paquete,2,0,18689.21,MXN,Cancelada
R000750,C01913,V03342,H0398,2026-02-09,2026-05-21,2026-05-30,Los Cabos,Paquete,4,15,26542.34,MXN,Completada
R000751,C01653,V03445,H0006,2026-02-10,2026-03-20,2026-03-27,París,Paquete,2,5,60158.0,MXN,Completada
R000752,C02758,V06522,,2026-02-10,2026-06-04,2026-06-07,Las Vegas,Vuelo,5,5,28288.24,MXN,Completada
R000753,C00980,V04878,H0811,2026-02-11,2026-03-19,2026-03-26,Madrid,Paquete,1,5,32395.67,MXN,Completada
R000754,C00262,V08336,,2026-02-11,2026-03-23,2026-03-27,Nueva York,Vuelo,1,0,5066.94,MXN,Completada
R000755,C01320,,H0267,2026-02-11,2026-04-09,2026-04-18,Huatulco,Hotel,3,0,19762.2,MXN,Completada
R000756,C00090,V08407,H0201,2026-02-12,2026-03-04,2026-03-14,París,Paquete,3,0,133217.68,MXN,Completada
R000757,C03123,V01400,H0086,2026-02-14,2026-02-26,2026-03-05,Acapulco,Paquete,1,10,19208.71,MXN,Completada
R000758,C03977,V02474,H0353,2026-02-14,2026-04-12,2026-04-22,Los Cabos,Paquete,2,0,23752.52,MXN,Completada
R000759,C03873,V04871,H0452,2026-02-15,2026-03-31,2026-04-06,Orlando,Paquete,2,15,20001.13,MXN,Completada
R000760,C01756,V08219,H0728,2026-02-15,2026-05-13,2026-05-20,Los Cabos,Paquete,5,0,52933.99,MXN,Completada
R000761,C01328,V09844,,2026-02-15,2026-05-17,2026-05-26,Acapulco,Vuelo,2,10,3492.14,MXN,Completada
R000762,C01522,,H0276,2026-02-18,2026-04-04,2026-04-09,París,Hotel,4,20,25981.12,MXN,Completada
R000763,C00770,V03243,H0870,2026-02-18,2026-06-12,2026-06-14,Mérida,Paquete,1,10,7622.38,MXN,Completada
R000764,C01030,V03970,,2026-02-19,2026-04-13,2026-04-20,París,Vuelo,4,5,82696.97,MXN,Completada
R000765,C04104,V03588,H0139,2026-02-19,2026-05-15,2026-05-20,Puerto Vallarta,Paquete,3,15,22388.42,MXN,Cancelada
R000766,C03225,V09613,,2026-02-20,2026-02-27,2026-03-07,Orlando,Vuelo,1,5,7715.34,MXN,Completada
R000767,C04354,,H0772,2026-02-20,2026-05-19,2026-05-22,Cancún,Hotel,1,0,6193.77,MXN,Completada
R000768,C04069,,H0956,2026-02-20,2026-05-31,2026-06-08,Acapulco,Hotel,1,15,17043.18,MXN,Completada
R000769,C00344,V02306,H0569,2026-02-21,2026-03-25,2026-04-04,Nueva York,Paquete,4,15,72768.16,MXN,Completada
R000770,C02247,V04369,H0256,2026-02-21,2026-03-30,2026-04-08,Madrid,Paquete,2,20,69495.78,MXN,Completada
R000771,C01636,V09783,H0466,2026-02-21,2026-04-14,2026-04-16,Madrid,Paquete,3,5,80142.07,MXN,Cancelada
R000772,C01833,V01076,H0667,2026-02-21,2026-04-16,2026-04-18,Cancún,Paquete,3,10,12437.48,MXN,Cancelada
R000773,C02749,V00953,H0439,2026-02-21,2026-04-20,2026-04-22,Puerto Vallarta,Paquete,1,0,9534.25,MXN,Completada
R000774,C03654,V04417,H0321,2026-02-21,2026-05-25,2026-05-30,París,Paquete,3,5,77586.8,MXN,Completada
R000775,C01052,V03196,H0430,2026-02-22,2026-03-14,2026-03-18,Monterrey,Paquete,3,5,17207.18,MXN,Completada
R000776,C03138,V05856,H0186,2026-02-22,2026-06-16,2026-06-24,París,Paquete,1,10,41184.53,MXN,Completada
R000777,C03593,,H0816,2026-02-23,2026-05-08,2026-05-13,París,Hotel,1,20,16405.92,MXN,Completada
R000778,C00501,V05445,H0120,2026-02-23,2026-05-27,2026-06-02,Mérida,Paquete,4,15,44454.49,MXN,Completada
R000779,C00251,V00404,H0439,2026-02-24,2026-03-21,2026-03-31,Puerto Vallarta,Paquete,2,5,27809.58,MXN,Completada
R000780,C02941,,H0396,2026-02-25,2026-04-12,2026-04-18,París,Hotel,1,15,17937.26,MXN,Completada
R000781,C02832,,H0337,2026-02-25,2026-05-16,2026-05-24,Cancún,Hotel,1,0,23742.88,MXN,Cancelada
R000782,C02497,V04127,H0646,2026-02-26,2026-03-21,2026-03-28,Madrid,Paquete,1,10,37103.06,MXN,Completada
R000783,C01123,V04614,H0845,2026-02-26,2026-04-29,2026-05-02,Miami,Paquete,2,0,22200.26,MXN,Completada
R000784,C04081,V06575,H0356,2026-02-27,2026-03-12,2026-03-17,Acapulco,Paquete,5,0,52199.0,MXN,Completada
R000785,C03692,V04247,,2026-02-27,2026-04-15,2026-04-17,Huatulco,Vuelo,1,15,2174.47,MXN,Completada
R000786,C03702,V07985,H0516,2026-02-27,2026-04-15,2026-04-23,París,Paquete,3,5,119574.87,MXN,Completada
R000787,C01763,,H0870,2026-02-27,2026-05-12,2026-05-22,Mérida,Hotel,4,15,39376.76,MXN,Completada
R000788,C00168,V06386,H0096,2026-02-28,2026-03-31,2026-04-09,París,Paquete,1,0,45954.61,MXN,Completada
R000789,C00886,V03038,H0963,2026-02-28,2026-04-09,2026-04-13,Guadalajara,Paquete,3,10,19390.68,MXN,Completada
R000790,C00137,,H0201,2026-02-28,2026-06-25,2026-06-29,París,Hotel,5,20,33312.0,MXN,Completada
R000791,C02363,V00004,H0833,2026-03-01,2026-03-09,2026-03-17,Los Cabos,Paquete,1,15,15237.86,MXN,Completada
R000792,C04163,V02200,H0146,2026-03-01,2026-04-23,2026-04-29,Acapulco,Paquete,5,10,47117.92,MXN,Cancelada
R000793,C00345,V06369,H0119,2026-03-02,2026-03-17,2026-03-19,Nueva York,Paquete,1,5,15824.87,MXN,Completada
R000794,C00866,V09289,H0034,2026-03-02,2026-06-22,2026-06-29,Puerto Vallarta,Paquete,5,20,42552.42,MXN,Completada
R000795,C02181,V04018,H0675,2026-03-03,2026-03-28,2026-04-02,Mérida,Paquete,4,15,24814.1,MXN,Completada
R000796,C03333,V00709,H0706,2026-03-03,2026-04-28,2026-05-08,Madrid,Paquete,1,10,54298.24,MXN,Completada
R000797,C04458,V05533,H0139,2026-03-03,2026-05-10,2026-05-17,Puerto Vallarta,Paquete,1,10,11961.85,MXN,Completada
R000798,C00024,V07390,,2026-03-04,2026-04-30,2026-05-03,Puerto Vallarta,Vuelo,2,5,7843.45,MXN,Completada
R000799,C03755,V09030,H0981,2026-03-05,2026-04-05,2026-04-07,París,Paquete,4,20,62317.54,MXN,Completada
R000800,C03290,V09227,H0733,2026-03-05,2026-05-01,2026-05-10,Vancouver,Paquete,5,5,123322.22,MXN,Completada
R000801,C01158,V01943,H0937,2026-03-05,2026-05-08,2026-05-10,Cancún,Paquete,5,0,23332.38,MXN,Completada
R000802,C02837,V06821,,2026-03-06,2026-04-29,2026-05-06,Miami,Vuelo,2,0,10633.02,MXN,Completada
R000803,C00288,,H0740,2026-03-06,2026-06-13,2026-06-17,Miami,Hotel,3,0,35256.24,MXN,Completada
R000804,C00264,V05120,,2026-03-07,2026-03-16,2026-03-26,París,Vuelo,3,10,54423.09,MXN,Completada
R000805,C00137,V01983,H0317,2026-03-07,2026-04-08,2026-04-17,Orlando,Paquete,5,15,126299.04,MXN,Completada
R000806,C02960,V08112,H0397,2026-03-08,2026-06-24,2026-07-03,Cancún,Paquete,1,10,16703.93,MXN,Completada
R000807,C01213,V01880,H0796,2026-03-10,2026-04-25,2026-04-29,Madrid,Paquete,1,0,31945.47,MXN,Completada
R000808,C01663,V04929,H0846,2026-03-10,2026-05-08,2026-05-11,París,Paquete,3,5,84082.52,MXN,Completada
R000809,C04066,V09878,H0767,2026-03-11,2026-05-02,2026-05-09,Orlando,Paquete,2,10,32961.1,MXN,Completada
R000810,C04463,V07073,H0219,2026-03-11,2026-05-15,2026-05-23,Las Vegas,Paquete,1,20,19025.58,MXN,Completada
R000811,C01383,V06498,H0176,2026-03-12,2026-05-08,2026-05-18,Acapulco,Paquete,5,0,101235.35,MXN,Completada
R000812,C03397,V05492,,2026-03-12,2026-06-14,2026-06-23,Madrid,Vuelo,4,5,77868.38,MXN,Completada
R000813,C04174,V03914,H0325,2026-03-12,2026-06-21,2026-06-23,Monterrey,Paquete,5,10,28274.57,MXN,Completada
R000814,C02298,V07503,H0470,2026-03-12,2026-06-25,2026-07-05,Miami,Paquete,3,5,81047.69,MXN,Cancelada
R000815,C00041,,H0595,2026-03-12,2026-07-01,2026-07-08,Monterrey,Hotel,3,20,26252.02,MXN,Completada
R000816,C01177,,H0601,2026-03-13,2026-06-03,2026-06-05,Madrid,Hotel,3,10,10203.19,MXN,Completada
R000817,C01347,V01099,,2026-03-14,2026-04-20,2026-04-26,Puerto Vallarta,Vuelo,5,10,9669.69,MXN,Completada
R000818,C03285,V00483,H0164,2026-03-15,2026-03-25,2026-03-28,Nueva York,Paquete,2,0,15409.39,MXN,Completada
R000819,C04248,V05753,H0108,2026-03-16,2026-03-27,2026-04-05,Guadalajara,Paquete,2,15,22370.47,MXN,Completada
R000820,C01960,V06001,H0966,2026-03-16,2026-07-08,2026-07-17,París,Paquete,2,5,77677.55,MXN,Completada
R000821,C04354,V03486,H0703,2026-03-17,2026-04-26,2026-04-30,Vancouver,Paquete,1,0,22193.9,MXN,Completada
R000822,C01393,V02629,H0902,2026-03-17,2026-07-10,2026-07-14,Orlando,Paquete,2,10,26475.01,MXN,Completada
R000823,C02402,V04888,H0424,2026-03-18,2026-07-06,2026-07-08,Puerto Vallarta,Paquete,4,5,15168.73,MXN,Completada
R000824,C03970,V07150,H0452,2026-03-19,2026-05-25,2026-05-28,Orlando,Paquete,3,10,23513.62,MXN,Cancelada
R000825,C02166,V09836,H0705,2026-03-19,2026-06-26,2026-06-29,Mérida,Paquete,5,5,27516.7,MXN,Completada
R000826,C03347,V06581,,2026-03-21,2026-04-03,2026-04-07,Las Vegas,Vuelo,4,15,22919.6,MXN,Completada
R000827,C02486,V05518,H0069,2026-03-21,2026-05-31,2026-06-06,Las Vegas,Paquete,1,10,21569.62,MXN,Completada
R000828,C02506,V02892,H0748,2026-03-22,2026-07-03,2026-07-06,Vancouver,Paquete,3,15,46685.99,MXN,Completada
R000829,C02720,V09715,H0851,2026-03-22,2026-07-12,2026-07-20,Acapulco,Paquete,5,5,77339.37,MXN,Completada
R000830,C00018,V00259,,2026-03-23,2026-03-31,2026-04-03,Nueva York,Vuelo,5,20,35537.08,MXN,Cancelada
R000831,C00877,V00528,H0337,2026-03-23,2026-07-08,2026-07-18,Cancún,Paquete,1,5,30307.25,MXN,Completada
R000832,C04253,V04388,H0292,2026-03-24,2026-05-22,2026-05-26,Cancún,Paquete,3,5,23433.8,MXN,Completada
R000833,C01699,V00631,,2026-03-24,2026-06-19,2026-06-25,Miami,Vuelo,4,10,14570.96,MXN,Completada
R000834,C00256,V05267,H0435,2026-03-24,2026-07-02,2026-07-08,Mérida,Paquete,2,0,20185.14,MXN,Completada
R000835,C02894,V08899,H0142,2026-03-25,2026-04-15,2026-04-24,Cancún,Paquete,4,0,65298.74,MXN,Completada
R000836,C00221,V00419,H0868,2026-03-26,2026-05-01,2026-05-04,Vancouver,Paquete,4,5,54793.17,MXN,Completada
R000837,C01199,V03648,,2026-03-26,2026-06-15,2026-06-24,Cancún,Vuelo,4,15,12902.97,MXN,Completada
R000838,C03123,V02451,H0492,2026-03-26,2026-06-24,2026-07-02,Huatulco,Paquete,2,10,26396.66,MXN,Cancelada
R000839,C02737,V02674,H0433,2026-03-27,2026-04-22,2026-04-27,Vancouver,Paquete,4,0,61259.58,MXN,Cancelada
R000840,C00716,,H0299,2026-03-27,2026-07-17,2026-07-20,Nueva York,Hotel,4,10,10183.81,MXN,Completada
R000841,C00993,V05732,H0756,2026-03-29,2026-04-28,2026-05-04,París,Paquete,3,5,73502.04,MXN,Completada
R000842,C01126,V06087,,2026-03-29,2026-07-01,2026-07-11,Madrid,Vuelo,2,0,34931.58,MXN,Completada
R000843,C01654,V05559,H0191,2026-03-30,2026-06-18,2026-06-21,Acapulco,Paquete,5,5,25761.84,MXN,Completada
R000844,C03583,V00087,H0159,2026-03-30,2026-07-16,2026-07-26,Las Vegas,Paquete,3,10,66115.94,MXN,Completada
R000845,C00133,V04350,H0951,2026-03-31,2026-06-26,2026-06-28,París,Paquete,4,5,87230.14,MXN,Completada
R000846,C01928,V03079,H0599,2026-03-31,2026-06-28,2026-07-07,Nueva York,Paquete,4,15,92786.49,MXN,Completada
R000847,C00134,V01518,H0980,2026-03-31,2026-06-30,2026-07-02,Miami,Paquete,2,20,18165.18,MXN,Cancelada
R000848,C02528,,H0640,2026-03-31,2026-07-16,2026-07-21,Monterrey,Hotel,2,0,11310.25,MXN,Completada
R000849,C00055,V07645,H0187,2026-04-01,2026-07-18,2026-07-26,Cancún,Paquete,2,15,17443.87,MXN,Completada
R000850,C02268,,H0173,2026-04-04,2026-07-22,2026-08-01,Los Cabos,Hotel,2,10,11074.23,MXN,Completada
R000851,C04449,V07479,H0486,2026-04-04,2026-07-31,2026-08-02,París,Paquete,5,15,81160.77,MXN,Cancelada
R000852,C00409,,H0305,2026-04-05,2026-06-09,2026-06-16,Miami,Hotel,5,15,28663.53,MXN,Completada
R000853,C00341,V02635,H0769,2026-04-05,2026-07-09,2026-07-19,Puerto Vallarta,Paquete,5,0,69359.55,MXN,Completada
R000854,C00704,V05671,H0760,2026-04-06,2026-05-25,2026-06-01,Monterrey,Paquete,5,10,41553.63,MXN,Completada
R000855,C01842,V08417,,2026-04-06,2026-07-18,2026-07-20,París,Vuelo,3,5,63518.29,MXN,Completada
R000856,C03855,V02273,H0402,2026-04-06,2026-07-21,2026-07-31,Huatulco,Paquete,1,10,21821.36,MXN,Completada
R000857,C00988,V02842,H0430,2026-04-08,2026-05-03,2026-05-09,Monterrey,Paquete,2,15,8198.01,MXN,Completada
R000858,C01647,,H0666,2026-04-08,2026-05-12,2026-05-16,París,Hotel,1,10,10301.87,MXN,Cancelada
R000859,C03420,,H0879,2026-04-08,2026-05-19,2026-05-21,Las Vegas,Hotel,1,5,6626.06,MXN,Completada
R000860,C02292,V04024,H0659,2026-04-09,2026-05-30,2026-06-03,Nueva York,Paquete,4,5,67138.13,MXN,Completada
R000861,C03574,V08590,H0167,2026-04-09,2026-08-01,2026-08-03,Orlando,Paquete,4,15,33321.43,MXN,Completada
R000862,C00067,V00599,,2026-04-11,2026-07-24,2026-07-28,Los Cabos,Vuelo,2,5,4245.45,MXN,Completada
R000863,C01936,V06562,H0850,2026-04-11,2026-07-26,2026-07-29,Monterrey,Paquete,4,0,25456.7,MXN,Completada
R000864,C02856,V01652,H0331,2026-04-11,2026-08-06,2026-08-13,Madrid,Paquete,1,20,36071.15,MXN,Completada
R000865,C02493,,H0637,2026-04-12,2026-05-26,2026-06-02,Cancún,Hotel,2,5,13038.26,MXN,Completada
R000866,C01678,V01444,H0419,2026-04-12,2026-06-20,2026-06-23,Nueva York,Paquete,5,10,65026.21,MXN,Completada
R000867,C03980,V07908,H0991,2026-04-14,2026-04-28,2026-05-07,Madrid,Paquete,5,15,154848.52,MXN,Cancelada
R000868,C00211,V06474,H0104,2026-04-14,2026-05-20,2026-05-30,Nueva York,Paquete,1,10,50629.38,MXN,Completada
R000869,C00275,V04353,H0417,2026-04-14,2026-07-31,2026-08-02,Huatulco,Paquete,1,10,5537.83,MXN,Completada
R000870,C00884,,H0556,2026-04-15,2026-04-25,2026-05-04,Madrid,Hotel,1,10,17843.73,MXN,Completada
R000871,C02535,V09573,H0016,2026-04-16,2026-06-03,2026-06-06,Madrid,Paquete,2,5,32882.2,MXN,Completada
R000872,C00380,V09537,H0104,2026-04-16,2026-06-03,2026-06-11,Nueva York,Paquete,3,20,68898.69,MXN,Completada
R000873,C00754,,H0745,2026-04-16,2026-06-19,2026-06-26,Monterrey,Hotel,1,15,14000.77,MXN,Completada
R000874,C03860,V06243,,2026-04-16,2026-06-29,2026-07-06,Cancún,Vuelo,3,5,3422.62,MXN,Completada
R000875,C04389,V05642,H0257,2026-04-17,2026-07-08,2026-07-18,Orlando,Paquete,5,5,115530.92,MXN,Completada
R000876,C02902,V08985,H0381,2026-04-17,2026-07-17,2026-07-19,París,Paquete,3,10,69558.09,MXN,Completada
R000877,C01784,V05900,H0563,2026-04-18,2026-04-25,2026-04-29,Los Cabos,Paquete,5,0,39159.37,MXN,Completada
R000878,C01228,V03537,H0717,2026-04-18,2026-05-25,2026-06-02,Huatulco,Paquete,1,5,20519.14,MXN,Completada
R000879,C00400,V02714,H0843,2026-04-18,2026-05-27,2026-05-29,Guadalajara,Paquete,5,20,23920.77,MXN,Cancelada
R000880,C04008,V01702,H0319,2026-04-18,2026-07-01,2026-07-10,Puerto Vallarta,Paquete,3,5,54713.59,MXN,Completada
R000881,C00858,V05493,H0212,2026-04-19,2026-06-11,2026-06-21,Orlando,Paquete,1,15,32529.95,MXN,Completada
R000882,C00452,V09232,H0525,2026-04-22,2026-05-09,2026-05-13,Mérida,Paquete,4,10,29966.04,MXN,Completada
R000883,C03305,V00729,H0799,2026-04-22,2026-07-28,2026-07-31,Puerto Vallarta,Paquete,2,0,13800.38,MXN,Completada
R000884,C04093,V00226,,2026-04-23,2026-07-16,2026-07-18,Vancouver,Vuelo,2,5,10967.79,MXN,Completada
R000885,C02604,,H0621,2026-04-24,2026-07-17,2026-07-20,París,Hotel,3,5,25685.34,MXN,Completada
R000886,C00473,V03001,H0742,2026-04-25,2026-08-12,2026-08-15,Cancún,Paquete,5,5,24208.24,MXN,Completada
R000887,C04609,V08962,H0305,2026-04-26,2026-07-05,2026-07-10,Miami,Paquete,1,5,11987.55,MXN,Completada
R000888,C03534,V02062,H0516,2026-04-26,2026-07-08,2026-07-17,París,Paquete,4,5,119887.57,MXN,Cancelada
R000889,C01268,V04102,H0244,2026-04-27,2026-07-01,2026-07-07,Puerto Vallarta,Paquete,4,15,39798.94,MXN,Completada
R000890,C03581,V09947,,2026-04-27,2026-07-28,2026-07-30,Huatulco,Vuelo,1,15,2074.92,MXN,Cancelada
R000891,C03637,V01199,H0630,2026-04-28,2026-06-16,2026-06-26,Mérida,Paquete,1,0,21651.85,MXN,Completada
R000892,C00421,,H0208,2026-04-28,2026-06-29,2026-07-03,Vancouver,Hotel,1,0,6892.52,MXN,Completada
R000893,C02651,V03983,,2026-04-28,2026-07-08,2026-07-14,Madrid,Vuelo,4,10,65712.42,MXN,Completada
R000894,C04059,V02788,H0864,2026-04-29,2026-07-22,2026-07-29,Las Vegas,Paquete,3,5,66216.18,MXN,Completada
R000895,C03007,V04722,H0733,2026-04-30,2026-07-02,2026-07-09,Vancouver,Paquete,4,5,80363.86,MXN,Completada
R000896,C02410,,H0347,2026-05-01,2026-05-27,2026-06-05,Orlando,Hotel,1,0,30934.89,MXN,Cancelada
R000897,C03961,V04964,H0462,2026-05-01,2026-06-17,2026-06-19,Huatulco,Paquete,5,20,20025.69,MXN,Completada
R000898,C01191,V07308,,2026-05-03,2026-07-19,2026-07-23,París,Vuelo,1,10,16691.07,MXN,Cancelada
R000899,C00382,V07466,H0366,2026-05-04,2026-06-13,2026-06-23,París,Paquete,3,10,127243.35,MXN,Completada
R000900,C03152,,H0503,2026-05-04,2026-06-30,2026-07-10,Los Cabos,Hotel,1,0,25896.3,MXN,Completada
R000901,C03927,V08413,H0944,2026-05-04,2026-07-12,2026-07-19,Nueva York,Paquete,3,10,60682.01,MXN,Cancelada
R000902,C03625,V08385,H0800,2026-05-04,2026-08-07,2026-08-11,Miami,Paquete,5,5,76735.43,MXN,Completada
R000903,C00394,V08371,,2026-05-05,2026-07-14,2026-07-23,Mérida,Vuelo,1,5,1388.37,MXN,Cancelada
R000904,C03569,V04694,H0623,2026-05-05,2026-08-29,2026-09-02,Los Cabos,Paquete,5,5,32172.32,MXN,Completada
R000905,C01602,V05254,H0322,2026-05-06,2026-06-23,2026-07-01,Cancún,Paquete,4,10,35362.76,MXN,Completada
R000906,C03831,V00339,,2026-05-06,2026-08-29,2026-09-08,Acapulco,Vuelo,1,5,1593.98,MXN,Completada
R000907,C01437,V06800,H0870,2026-05-07,2026-06-22,2026-06-28,Mérida,Paquete,2,0,19647.68,MXN,Cancelada
R000908,C03126,V08892,H0694,2026-05-08,2026-06-23,2026-07-02,Puerto Vallarta,Paquete,4,0,43431.28,MXN,Completada
R000909,C03101,V02794,,2026-05-08,2026-07-16,2026-07-18,Vancouver,Vuelo,2,20,9756.24,MXN,Completada
R000910,C03547,V05958,H0135,2026-05-09,2026-05-25,2026-06-03,Mérida,Paquete,5,5,62103.53,MXN,Completada
R000911,C04634,V03683,H0482,2026-05-09,2026-06-10,2026-06-15,Orlando,Paquete,5,5,57697.77,MXN,Completada
R000912,C04234,V04930,H0868,2026-05-11,2026-05-22,2026-05-25,Vancouver,Paquete,5,10,93538.22,MXN,Completada
R000913,C04008,V02604,H0600,2026-05-12,2026-08-25,2026-09-03,Mérida,Paquete,3,20,26920.06,MXN,Completada
R000914,C02950,V00339,H0911,2026-05-12,2026-08-29,2026-09-05,Acapulco,Paquete,4,5,30626.06,MXN,Completada
R000915,C04305,,H0444,2026-05-12,2026-09-05,2026-09-07,Las Vegas,Hotel,3,10,15395.94,MXN,Completada
R000916,C02549,V00376,H0383,2026-05-13,2026-07-04,2026-07-11,Los Cabos,Paquete,5,0,64290.13,MXN,Completada
R000917,C02283,,H0913,2026-05-13,2026-09-05,2026-09-13,Vancouver,Hotel,2,0,13051.04,MXN,Completada
R000918,C02621,,H0505,2026-05-14,2026-08-18,2026-08-24,Monterrey,Hotel,4,5,22365.77,MXN,Completada
R000919,C03348,V03359,H0501,2026-05-15,2026-07-21,2026-07-27,París,Paquete,1,20,35081.49,MXN,Completada
R000920,C03281,,H0484,2026-05-15,2026-07-28,2026-08-01,Puerto Vallarta,Hotel,2,20,5937.86,MXN,Completada
R000921,C03673,,H0567,2026-05-15,2026-09-01,2026-09-07,Huatulco,Hotel,3,20,27404.45,MXN,Completada
R000922,C04367,V00057,,2026-05-17,2026-06-10,2026-06-16,Vancouver,Vuelo,5,15,38273.12,MXN,Completada
R000923,C03743,,H0317,2026-05-17,2026-07-31,2026-08-08,Orlando,Hotel,4,15,64758.17,MXN,Completada
R000924,C02677,,H0599,2026-05-19,2026-06-08,2026-06-15,Nueva York,Hotel,2,15,28904.8,MXN,Completada
R000925,C03275,V07299,H0450,2026-05-19,2026-07-22,2026-07-25,Mérida,Paquete,2,5,8412.21,MXN,Completada
R000926,C04644,V01484,H0859,2026-05-20,2026-05-30,2026-06-01,Puerto Vallarta,Paquete,4,20,16909.6,MXN,Cancelada
R000927,C00613,V08986,H0914,2026-05-20,2026-08-03,2026-08-11,Nueva York,Paquete,2,10,35967.83,MXN,Completada
R000928,C02071,,H0650,2026-05-20,2026-08-20,2026-08-29,Miami,Hotel,3,0,76331.16,MXN,Completada
R000929,C02104,V09265,,2026-05-21,2026-07-14,2026-07-24,Guadalajara,Vuelo,1,0,2695.79,MXN,Completada
R000930,C01622,V00703,H0972,2026-05-21,2026-08-05,2026-08-11,Huatulco,Paquete,4,20,29720.19,MXN,Completada
R000931,C01570,,H0958,2026-05-22,2026-05-31,2026-06-06,Vancouver,Hotel,2,5,10024.76,MXN,Completada
R000932,C04109,,H0745,2026-05-22,2026-06-17,2026-06-19,Monterrey,Hotel,1,15,4000.22,MXN,Completada
R000933,C02996,V09364,H0276,2026-05-23,2026-06-21,2026-06-28,París,Paquete,5,10,144439.19,MXN,Cancelada
R000934,C01543,V03170,H0021,2026-05-23,2026-08-21,2026-08-25,París,Paquete,2,0,41439.84,MXN,Completada
R000935,C01263,V09286,H0502,2026-05-24,2026-06-11,2026-06-18,Cancún,Paquete,4,15,42904.94,MXN,Cancelada
R000936,C04493,V08628,H0134,2026-05-24,2026-08-20,2026-08-30,Nueva York,Paquete,2,10,31434.25,MXN,Completada
R000937,C00499,V09600,H0286,2026-05-27,2026-06-06,2026-06-14,Madrid,Paquete,5,5,191642.35,MXN,Completada
R000938,C01647,V08690,H0864,2026-05-27,2026-06-12,2026-06-20,Las Vegas,Paquete,1,15,28144.74,MXN,Completada
R000939,C01839,V01616,H0446,2026-05-27,2026-07-21,2026-07-26,Acapulco,Paquete,5,20,35677.4,MXN,Completada
R000940,C03355,V09319,H0010,2026-05-27,2026-09-08,2026-09-18,Monterrey,Paquete,2,10,16217.68,MXN,Cancelada
R000941,C01995,V09935,H0111,2026-05-28,2026-07-23,2026-07-26,París,Paquete,4,15,71803.9,MXN,Completada
R000942,C04711,V09049,H0311,2026-05-29,2026-06-07,2026-06-11,Acapulco,Paquete,2,10,18102.02,MXN,Completada
R000943,C01693,V01819,H0989,2026-05-30,2026-06-10,2026-06-13,Nueva York,Paquete,5,0,46965.69,MXN,Completada
R000944,C02743,V09404,H0282,2026-05-30,2026-08-27,2026-08-29,Huatulco,Paquete,2,15,7862.47,MXN,Completada
R000945,C03133,V07973,H0080,2026-05-30,2026-09-24,2026-09-28,Miami,Paquete,1,5,13224.86,MXN,Completada
R000946,C03172,V00790,H0838,2026-05-31,2026-06-30,2026-07-05,Vancouver,Paquete,3,10,59834.21,MXN,Completada
R000947,C01727,V06414,H0908,2026-06-01,2026-06-11,2026-06-17,Los Cabos,Paquete,4,20,38153.54,MXN,Completada
R000948,C00976,V05632,,2026-06-02,2026-09-15,2026-09-19,Madrid,Vuelo,3,0,52799.67,MXN,Completada
R000949,C00641,V07597,H0886,2026-06-03,2026-08-25,2026-09-02,Madrid,Paquete,4,0,107153.56,MXN,Completada
R000950,C00505,V07445,H0424,2026-06-06,2026-06-14,2026-06-24,Puerto Vallarta,Paquete,3,20,42436.78,MXN,Completada
R000951,C01180,V06483,H0293,2026-06-06,2026-08-06,2026-08-08,Los Cabos,Paquete,5,5,28233.18,MXN,Completada
R000952,C01685,V01097,H0581,2026-06-06,2026-09-06,2026-09-16,Acapulco,Paquete,1,5,35354.44,MXN,Completada
R000953,C01959,V09215,H0052,2026-06-06,2026-09-18,2026-09-28,Cancún,Paquete,1,0,28109.93,MXN,Cancelada
R000954,C00332,,H0212,2026-06-07,2026-08-08,2026-08-11,Orlando,Hotel,4,0,17805.3,MXN,Completada
R000955,C00723,V05868,H0502,2026-06-08,2026-06-26,2026-06-30,Cancún,Paquete,1,10,13686.0,MXN,Completada
R000956,C04585,V03913,H0439,2026-06-08,2026-09-24,2026-09-26,Puerto Vallarta,Paquete,5,15,27149.48,MXN,Cancelada
R000957,C03244,,H0688,2026-06-09,2026-07-10,2026-07-17,Vancouver,Hotel,5,0,74536.98,MXN,Completada
R000958,C02530,V08367,H0012,2026-06-09,2026-09-28,2026-10-05,Huatulco,Paquete,2,0,21263.37,MXN,Completada
R000959,C04268,V08333,H0969,2026-06-10,2026-08-17,2026-08-21,Las Vegas,Paquete,4,10,55828.19,MXN,Completada
R000960,C03096,,H0296,2026-06-10,2026-08-21,2026-08-24,Acapulco,Hotel,1,15,3673.4,MXN,Completada
R000961,C00897,V01239,,2026-06-11,2026-09-13,2026-09-17,Las Vegas,Vuelo,5,15,24324.54,MXN,Completada
R000962,C02719,V05132,H0035,2026-06-11,2026-10-01,2026-10-04,Miami,Paquete,5,10,52661.33,MXN,Completada
R000963,C00347,V00854,H0285,2026-06-12,2026-06-19,2026-06-29,Mérida,Paquete,2,15,19284.39,MXN,Completada
R000964,C01367,V08426,H0762,2026-06-12,2026-06-25,2026-07-05,Huatulco,Paquete,2,10,24797.29,MXN,Completada
R000965,C01191,V02445,H0852,2026-06-12,2026-07-02,2026-07-12,Huatulco,Paquete,5,15,83136.29,MXN,Completada
R000966,C00638,V01973,,2026-06-12,2026-08-27,2026-09-03,Mérida,Vuelo,4,20,11666.27,MXN,Completada
R000967,C03863,V02707,H0969,2026-06-12,2026-10-06,2026-10-11,Las Vegas,Paquete,3,5,49620.68,MXN,Pendiente
R000968,C03367,V06032,,2026-06-13,2026-08-24,2026-09-03,Madrid,Vuelo,2,10,23138.73,MXN,Cancelada
R000969,C04370,V00586,H0709,2026-06-14,2026-06-29,2026-07-08,Puerto Vallarta,Paquete,3,0,56784.93,MXN,Completada
R000970,C02034,,H0980,2026-06-14,2026-07-31,2026-08-06,Miami,Hotel,4,5,52904.66,MXN,Completada
R000971,C03301,V00339,,2026-06-14,2026-08-29,2026-09-07,Acapulco,Vuelo,2,0,3355.74,MXN,Completada
R000972,C00534,V01902,H0062,2026-06-17,2026-07-12,2026-07-22,Orlando,Paquete,3,15,52679.77,MXN,Completada
R000973,C01291,V03981,H0360,2026-06-18,2026-09-13,2026-09-21,Mérida,Paquete,4,5,35396.51,MXN,Completada
R000974,C01261,V01236,H0575,2026-06-18,2026-09-20,2026-09-29,Miami,Paquete,4,0,82657.14,MXN,Completada
R000975,C04079,V03938,H0859,2026-06-18,2026-10-09,2026-10-16,Puerto Vallarta,Paquete,4,0,45165.3,MXN,Confirmada
R000976,C01183,,H0730,2026-06-19,2026-10-14,2026-10-20,Monterrey,Hotel,1,5,7445.97,MXN,Pendiente
R000977,C01046,V02441,H0484,2026-06-20,2026-07-07,2026-07-11,Puerto Vallarta,Paquete,3,0,19234.39,MXN,Completada
R000978,C02253,V02512,H0823,2026-06-20,2026-08-05,2026-08-14,Vancouver,Paquete,2,10,31278.77,MXN,Completada
R000979,C00208,V00841,H0412,2026-06-20,2026-08-24,2026-09-03,Cancún,Paquete,2,5,35313.8,MXN,Completada
R000980,C03592,V04190,H0689,2026-06-21,2026-07-27,2026-08-06,Nueva York,Paquete,1,0,33904.95,MXN,Cancelada
R000981,C04700,V04681,H0562,2026-06-21,2026-08-07,2026-08-11,Cancún,Paquete,5,5,36898.2,MXN,Completada
R000982,C01275,V07034,,2026-06-22,2026-07-20,2026-07-23,Madrid,Vuelo,3,5,33650.55,MXN,Completada
R000983,C00817,V08511,H0775,2026-06-22,2026-09-12,2026-09-21,Monterrey,Paquete,5,15,91166.73,MXN,Completada
R000984,C02471,,H0774,2026-06-23,2026-08-02,2026-08-12,Las Vegas,Hotel,2,5,23994.06,MXN,Completada
R000985,C03997,V00338,H0942,2026-06-23,2026-08-17,2026-08-25,Huatulco,Paquete,5,0,71536.67,MXN,Completada
R000986,C04677,V08124,H0095,2026-06-23,2026-09-25,2026-09-27,Miami,Paquete,5,0,50582.63,MXN,Completada
R000987,C02849,V03803,H0960,2026-06-24,2026-07-31,2026-08-02,Mérida,Paquete,5,0,20779.49,MXN,Completada
R000988,C01061,V07478,H0913,2026-06-24,2026-07-31,2026-08-10,Vancouver,Paquete,3,15,49107.82,MXN,Cancelada
R000989,C03733,V05698,H0922,2026-06-25,2026-07-26,2026-08-05,Cancún,Paquete,4,15,52937.93,MXN,Completada
R000990,C03757,V00770,H0486,2026-06-25,2026-09-17,2026-09-21,París,Paquete,3,0,106136.09,MXN,Completada
R000991,C03423,V06140,H0113,2026-06-25,2026-09-20,2026-09-26,Los Cabos,Paquete,5,10,60896.11,MXN,Completada
R000992,C03355,V00670,H0368,2026-06-25,2026-10-09,2026-10-16,Los Cabos,Paquete,3,10,36838.69,MXN,Confirmada
R000993,C03532,,H0099,2026-06-25,2026-10-11,2026-10-15,Las Vegas,Hotel,1,15,8219.98,MXN,Confirmada
R000994,C01035,,H0252,2026-06-26,2026-10-21,2026-10-25,Huatulco,Hotel,3,10,25734.74,MXN,Confirmada
R000995,C02886,V03649,H0386,2026-06-27,2026-07-25,2026-08-01,Acapulco,Paquete,2,0,31563.01,MXN,Completada
R000996,C02078,V06706,H0193,2026-06-27,2026-08-26,2026-09-01,Vancouver,Paquete,2,10,30369.83,MXN,Cancelada
R000997,C02924,V04674,H0835,2026-06-28,2026-07-11,2026-07-14,Monterrey,Paquete,4,20,25362.56,MXN,Completada
R000998,C00496,V07859,H0963,2026-06-28,2026-09-11,2026-09-16,Guadalajara,Paquete,1,15,5793.32,MXN,Completada
R000999,C04071,,H0942,2026-06-28,2026-09-18,2026-09-26,Huatulco,Hotel,3,0,35423.68,MXN,Completada
R001000,C02856,V00552,H0969,2026-06-29,2026-07-26,2026-08-05,Las Vegas,Paquete,5,15,124570.69,MXN,Completada
R001001,C02691,,H0275,2026-06-29,2026-10-09,2026-10-17,Miami,Hotel,2,20,13260.54,MXN,Confirmada
R001002,C03071,V09972,H0014,2026-06-29,2026-10-18,2026-10-27,Nueva York,Paquete,5,15,86438.83,MXN,Pendiente
R001003,C04216,V03636,H0424,2026-06-29,2026-10-26,2026-11-01,Puerto Vallarta,Paquete,5,5,52462.64,MXN,Cancelada
R001004,C00042,V04448,,2026-07-01,2026-07-09,2026-07-11,Las Vegas,Vuelo,4,10,25259.04,MXN,Completada
R001005,C00832,V04168,H0398,2026-07-02,2026-07-20,2026-07-26,Los Cabos,Paquete,2,5,14327.46,MXN,Cancelada
R001006,C00441,V02432,H0005,2026-07-04,2026-07-14,2026-07-19,Miami,Paquete,3,5,47985.53,MXN,Completada
R001007,C00077,V07669,H0047,2026-07-04,2026-07-31,2026-08-08,Orlando,Paquete,5,20,104081.36,MXN,Completada
R001008,C01465,V02004,,2026-07-04,2026-09-15,2026-09-18,Mérida,Vuelo,3,5,10657.86,MXN,Completada
R001009,C03235,V01129,H0501,2026-07-04,2026-09-29,2026-10-02,París,Paquete,2,5,46249.5,MXN,Completada
R001010,C02584,V01207,H0518,2026-07-04,2026-10-12,2026-10-18,Los Cabos,Paquete,4,0,40665.36,MXN,Confirmada
R001011,C02624,,H0321,2026-07-07,2026-09-04,2026-09-10,París,Hotel,5,5,71139.25,MXN,Completada
R001012,C02761,V02277,H0446,2026-07-08,2026-09-20,2026-09-26,Acapulco,Paquete,2,15,17897.57,MXN,Completada
R001013,C03831,,H0208,2026-07-08,2026-10-12,2026-10-16,Vancouver,Hotel,4,15,11717.28,MXN,Confirmada
R001014,C02106,V03803,H0300,2026-07-09,2026-07-31,2026-08-02,Mérida,Paquete,1,10,7696.43,MXN,Completada
R001015,C02911,,H0779,2026-07-10,2026-09-18,2026-09-25,Nueva York,Hotel,3,15,47809.8,MXN,Completada
R001016,C03738,V01127,H0513,2026-07-10,2026-09-26,2026-10-04,Guadalajara,Paquete,4,10,32027.9,MXN,Completada
R001017,C00711,V04300,,2026-07-10,2026-10-28,2026-11-01,Las Vegas,Vuelo,3,0,25503.48,MXN,Confirmada
R001018,C02947,,H0759,2026-07-11,2026-08-31,2026-09-09,Las Vegas,Hotel,3,5,70656.69,MXN,Cancelada
R001019,C04681,,H0776,2026-07-11,2026-09-06,2026-09-14,Acapulco,Hotel,5,0,62083.2,MXN,Completada
R001020,C02305,V02967,H0297,2026-07-11,2026-10-17,2026-10-24,Huatulco,Paquete,4,10,40207.81,MXN,Confirmada
R001021,C02286,V08607,H0895,2026-07-13,2026-08-31,2026-09-07,Monterrey,Paquete,1,20,13110.56,MXN,Cancelada
R001022,C00746,V01936,H0342,2026-07-13,2026-09-26,2026-10-05,Huatulco,Paquete,4,0,48307.24,MXN,Completada
R001023,C01981,V01200,,2026-07-13,2026-10-06,2026-10-12,Monterrey,Vuelo,4,0,10435.32,MXN,Pendiente
R001024,C02587,V05434,H0128,2026-07-14,2026-08-17,2026-08-27,Los Cabos,Paquete,5,5,86715.43,MXN,Completada
R001025,C01096,,H0557,2026-07-14,2026-08-19,2026-08-25,Orlando,Hotel,5,10,39102.75,MXN,Completada
R001026,C04722,V04541,H0534,2026-07-14,2026-10-19,2026-10-21,Las Vegas,Paquete,3,10,33316.76,MXN,Confirmada
R001027,C01474,,H0101,2026-07-15,2026-07-28,2026-07-31,Acapulco,Hotel,1,10,3709.61,MXN,Completada
R001028,C02241,V08565,H0506,2026-07-15,2026-08-11,2026-08-21,Acapulco,Paquete,1,0,22823.47,MXN,Completada
R001029,C04790,V07732,H0070,2026-07-15,2026-08-24,2026-09-03,Monterrey,Paquete,3,0,60935.11,MXN,Completada
R001030,C01151,,H0234,2026-07-15,2026-10-23,2026-10-30,Las Vegas,Hotel,5,0,102464.25,MXN,Confirmada
R001031,C03091,V01855,H0700,2026-07-16,2026-07-27,2026-08-05,Monterrey,Paquete,3,0,44109.21,MXN,Completada
R001032,C00119,V06906,H0643,2026-07-16,2026-08-10,2026-08-19,Vancouver,Paquete,1,20,23446.95,MXN,Completada
R001033,C04268,V06706,H0178,2026-07-18,2026-08-26,2026-08-28,Vancouver,Paquete,3,0,32440.17,MXN,Completada
R001034,C00704,,H0546,2026-07-19,2026-10-27,2026-11-05,París,Hotel,2,20,29326.25,MXN,Cancelada
R001035,C00357,V07636,H0957,2026-07-20,2026-09-26,2026-09-28,Huatulco,Paquete,1,15,4950.77,MXN,Completada
R001036,C04708,,H0806,2026-07-20,2026-10-06,2026-10-16,Acapulco,Hotel,2,10,25253.46,MXN,Confirmada
R001037,C03824,V08503,H0640,2026-07-20,2026-10-16,2026-10-22,Monterrey,Paquete,3,0,32025.9,MXN,Confirmada
R001038,C00693,V01159,H0829,2026-07-21,2026-10-08,2026-10-16,Puerto Vallarta,Paquete,2,15,17946.58,MXN,Confirmada
R001039,C00156,V02303,H0228,2026-07-22,2026-11-01,2026-11-09,Guadalajara,Paquete,4,0,34121.16,MXN,Confirmada
R001040,C01365,V03590,H0845,2026-07-23,2026-11-11,2026-11-20,Miami,Paquete,2,5,32610.86,MXN,Confirmada
R001041,C04113,,H0445,2026-07-24,2026-08-31,2026-09-04,Monterrey,Hotel,4,10,17013.67,MXN,Completada
R001042,C04794,V07284,H0366,2026-07-26,2026-08-23,2026-08-31,París,Paquete,5,10,152389.2,MXN,Completada
R001043,C01402,V09508,H0526,2026-07-26,2026-10-31,2026-11-04,Madrid,Paquete,5,5,118163.79,MXN,Confirmada
R001044,C00827,V08390,,2026-07-27,2026-10-01,2026-10-07,París,Vuelo,4,0,65745.24,MXN,Completada
R001045,C01350,V02379,H0565,2026-07-29,2026-08-18,2026-08-21,Monterrey,Paquete,2,10,12655.95,MXN,Completada
R001046,C01233,V08210,H0365,2026-07-29,2026-10-29,2026-11-08,Miami,Paquete,1,15,39718.8,MXN,Confirmada
R001047,C04494,V08704,H0081,2026-07-30,2026-08-18,2026-08-22,París,Paquete,1,10,20633.59,MXN,Completada
R001048,C00394,,H0816,2026-07-31,2026-09-18,2026-09-24,París,Hotel,1,20,19687.1,MXN,Completada
R001049,C04597,V06705,H0418,2026-07-31,2026-11-02,2026-11-11,Vancouver,Paquete,2,5,62234.22,MXN,Confirmada
R001050,C02740,V09775,H0336,2026-07-31,2026-11-11,2026-11-17,París,Paquete,3,15,80248.6,MXN,Confirmada
R001051,C00440,V08130,H0987,2026-08-01,2026-09-18,2026-09-23,Huatulco,Paquete,3,10,22210.22,MXN,Completada
R001052,C04839,,H0156,2026-08-01,2026-11-18,2026-11-25,París,Hotel,3,0,60251.66,MXN,Confirmada
R001053,C02256,V05936,H0089,2026-08-03,2026-09-06,2026-09-09,Nueva York,Paquete,4,0,51304.54,MXN,Completada
R001054,C04887,,H0636,2026-08-03,2026-11-24,2026-11-28,París,Hotel,1,10,10055.27,MXN,Pendiente
R001055,C04423,V07511,H0463,2026-08-04,2026-10-07,2026-10-13,Vancouver,Paquete,4,10,50694.3,MXN,Confirmada
R001056,C04252,V02353,H0323,2026-08-05,2026-10-06,2026-10-12,Los Cabos,Paquete,1,10,10194.25,MXN,Confirmada
R001057,C04122,,H0457,2026-08-05,2026-10-20,2026-10-28,Cancún,Hotel,4,10,23907.17,MXN,Confirmada
R001058,C04077,V07617,H0497,2026-08-06,2026-10-28,2026-10-30,Orlando,Paquete,2,20,16478.27,MXN,Confirmada
R001059,C03824,V09674,,2026-08-07,2026-09-10,2026-09-19,París,Vuelo,4,10,63299.02,MXN,Completada
R001060,C02269,V07853,H0059,2026-08-08,2026-09-05,2026-09-13,Nueva York,Paquete,5,10,85407.8,MXN,Completada
R001061,C03076,V00305,H0747,2026-08-09,2026-08-18,2026-08-21,Huatulco,Paquete,3,10,15880.75,MXN,Completada
R001062,C00535,V02075,H0412,2026-08-10,2026-09-13,2026-09-20,Cancún,Paquete,4,20,49851.47,MXN,Completada
R001063,C02702,,H0388,2026-08-10,2026-11-10,2026-11-14,Vancouver,Hotel,5,10,30985.42,MXN,Confirmada
R001064,C00553,V07575,H0184,2026-08-11,2026-10-29,2026-11-02,Puerto Vallarta,Paquete,4,10,18210.74,MXN,Confirmada
R001065,C00564,,H0308,2026-08-13,2026-11-04,2026-11-09,Los Cabos,Hotel,4,10,13653.45,MXN,Confirmada
R001066,C03590,V01205,H0425,2026-08-14,2026-08-21,2026-08-24,Miami,Paquete,3,20,34566.5,MXN,Completada
R001067,C03641,,H0553,2026-08-15,2026-10-09,2026-10-17,Vancouver,Hotel,4,0,85915.68,MXN,Confirmada
R001068,C02412,V06528,H0287,2026-08-15,2026-12-02,2026-12-04,Orlando,Paquete,1,15,13811.08,MXN,Cancelada
R001069,C04551,V04980,H0823,2026-08-16,2026-08-29,2026-09-05,Vancouver,Paquete,5,5,99251.09,MXN,Completada
R001070,C01229,V06907,H0257,2026-08-16,2026-09-03,2026-09-08,Orlando,Paquete,4,20,54437.92,MXN,Cancelada
R001071,C02159,V07891,H0018,2026-08-16,2026-10-21,2026-10-31,Guadalajara,Paquete,5,5,54371.3,MXN,Confirmada
R001072,C01420,V08026,H0531,2026-08-16,2026-12-07,2026-12-16,París,Paquete,1,0,69564.63,MXN,Confirmada
R001073,C00033,V03490,H0997,2026-08-18,2026-11-25,2026-11-29,Cancún,Paquete,2,5,12261.14,MXN,Confirmada
R001074,C04007,V05683,H0579,2026-08-19,2026-11-11,2026-11-16,Las Vegas,Paquete,4,10,53095.81,MXN,Confirmada
R001075,C03555,V00887,H0893,2026-08-20,2026-12-01,2026-12-05,Los Cabos,Paquete,5,15,31697.94,MXN,Cancelada
R001076,C03680,V08723,H0528,2026-08-21,2026-10-08,2026-10-18,Guadalajara,Paquete,2,0,19627.14,MXN,Confirmada
R001077,C04234,V08758,H0475,2026-08-21,2026-11-03,2026-11-09,Monterrey,Paquete,4,10,32751.29,MXN,Confirmada
R001078,C00155,V07831,H0765,2026-08-23,2026-09-06,2026-09-10,Mérida,Paquete,5,5,59429.08,MXN,Completada
R001079,C03724,V01442,H0300,2026-08-24,2026-10-03,2026-10-11,Mérida,Paquete,5,5,78372.49,MXN,Confirmada
R001080,C04445,V01430,H0974,2026-08-24,2026-11-07,2026-11-09,Nueva York,Paquete,4,15,23108.0,MXN,Confirmada
R001081,C04312,V09679,H0708,2026-08-24,2026-12-05,2026-12-11,Guadalajara,Paquete,5,15,38854.1,MXN,Cancelada
R001082,C01726,V05563,H0375,2026-08-26,2026-09-11,2026-09-18,Mérida,Paquete,5,15,53531.69,MXN,Completada
R001083,C03999,V03685,,2026-08-26,2026-12-10,2026-12-18,Acapulco,Vuelo,2,5,5181.13,MXN,Confirmada
R001084,C01966,,H0293,2026-08-27,2026-09-03,2026-09-11,Los Cabos,Hotel,3,5,46698.05,MXN,Completada
R001085,C02251,,H0231,2026-08-27,2026-09-12,2026-09-20,París,Hotel,1,10,29287.58,MXN,Completada
R001086,C04452,V07734,H0093,2026-08-27,2026-11-17,2026-11-24,Guadalajara,Paquete,3,5,39221.47,MXN,Confirmada
R001087,C01010,,H0033,2026-08-27,2026-12-08,2026-12-12,Guadalajara,Hotel,3,5,8841.61,MXN,Pendiente
R001088,C02908,V09834,H0330,2026-08-28,2026-11-27,2026-11-30,Mérida,Paquete,1,10,7606.2,MXN,Cancelada
R001089,C00868,V04381,H0997,2026-08-28,2026-12-18,2026-12-23,Cancún,Paquete,3,5,25508.58,MXN,Confirmada
R001090,C01802,,H0533,2026-08-29,2026-09-16,2026-09-26,Los Cabos,Hotel,2,10,25772.76,MXN,Completada
R001091,C01740,V09461,H0982,2026-08-29,2026-09-26,2026-10-02,Cancún,Paquete,1,10,17460.89,MXN,Cancelada
R001092,C04826,V09567,H0930,2026-08-29,2026-11-28,2026-12-06,Mérida,Paquete,1,0,21399.71,MXN,Cancelada
R001093,C04327,V02857,H0755,2026-08-29,2026-12-17,2026-12-21,Miami,Paquete,3,0,66380.04,MXN,Confirmada
R001094,C04049,,H0075,2026-08-30,2026-09-10,2026-09-12,Mérida,Hotel,5,15,11146.97,MXN,Completada
R001095,C04608,V03255,H0737,2026-08-30,2026-10-12,2026-10-20,Orlando,Paquete,2,20,31065.92,MXN,Confirmada
R001096,C01359,V03488,,2026-08-30,2026-10-16,2026-10-20,Los Cabos,Vuelo,4,5,7472.62,MXN,Confirmada
R001097,C03614,V03913,H0874,2026-08-31,2026-09-24,2026-09-28,Puerto Vallarta,Paquete,5,0,34460.93,MXN,Completada
R001098,C03581,V08739,H0056,2026-08-31,2026-09-24,2026-09-29,Acapulco,Paquete,3,5,28332.25,MXN,Completada
R001099,C02421,,H0192,2026-09-03,2026-10-24,2026-11-03,Huatulco,Hotel,2,0,30689.7,MXN,Pendiente
R001100,C02815,V03112,H0621,2026-09-03,2026-11-08,2026-11-10,París,Paquete,2,10,38782.37,MXN,Confirmada
R001101,C01204,V08887,H0253,2026-09-03,2026-11-29,2026-12-06,Vancouver,Paquete,4,10,52439.69,MXN,Confirmada
R001102,C01657,V02868,,2026-09-03,2026-11-30,2026-12-07,Monterrey,Vuelo,4,5,13134.17,MXN,Confirmada
R001103,C03033,V02387,H0853,2026-09-04,2026-09-23,2026-09-26,Vancouver,Paquete,3,10,36488.04,MXN,Cancelada
R001104,C03069,,H0468,2026-09-04,2026-10-26,2026-10-30,Guadalajara,Hotel,1,5,6424.96,MXN,Confirmada
R001105,C00039,V01709,H0723,2026-09-04,2026-11-17,2026-11-21,Guadalajara,Paquete,4,0,21654.48,MXN,Confirmada
R001106,C02995,V01052,H0806,2026-09-04,2026-12-11,2026-12-13,Acapulco,Paquete,3,15,19889.47,MXN,Pendiente
R001107,C00377,,H0648,2026-09-04,2026-12-14,2026-12-19,Guadalajara,Hotel,3,0,32941.1,MXN,Confirmada
R001108,C03572,V03255,H0602,2026-09-05,2026-10-12,2026-10-22,Orlando,Paquete,3,10,97037.86,MXN,Pendiente
R001109,C00453,V07577,H0558,2026-09-07,2026-10-24,2026-10-29,Guadalajara,Paquete,1,10,12348.13,MXN,Cancelada
R001110,C03876,V04480,H0430,2026-09-07,2026-12-16,2026-12-25,Monterrey,Paquete,4,0,27282.18,MXN,Cancelada
R001111,C02809,V08642,,2026-09-08,2026-10-14,2026-10-19,Puerto Vallarta,Vuelo,3,0,6653.55,MXN,Confirmada
R001112,C03310,V05803,H0782,2026-09-08,2026-12-10,2026-12-17,Orlando,Paquete,3,5,61770.11,MXN,Confirmada
R001113,C04856,V08113,H0807,2026-09-09,2026-11-05,2026-11-12,Huatulco,Paquete,5,5,58262.26,MXN,Confirmada
R001114,C03170,V05837,,2026-09-09,2026-11-12,2026-11-21,Los Cabos,Vuelo,4,20,10040.96,MXN,Pendiente
R001115,C04050,V04994,H0554,2026-09-09,2026-12-03,2026-12-10,Nueva York,Paquete,1,0,24700.95,MXN,Confirmada
R001116,C04967,V05083,H0943,2026-09-10,2026-10-18,2026-10-26,Vancouver,Paquete,2,10,48955.68,MXN,Confirmada
R001117,C02357,V08959,H0017,2026-09-11,2026-10-24,2026-10-27,Orlando,Paquete,5,5,77283.77,MXN,Confirmada
R001118,C02724,V03068,H0476,2026-09-11,2026-12-03,2026-12-09,Acapulco,Paquete,1,0,18905.24,MXN,Confirmada
R001119,C00968,V05020,H0864,2026-09-11,2026-12-05,2026-12-15,Las Vegas,Paquete,2,10,42697.76,MXN,Confirmada
R001120,C01689,V06555,H0580,2026-09-12,2026-09-22,2026-10-02,Monterrey,Paquete,1,10,17849.12,MXN,Completada
R001121,C01746,V08940,H0720,2026-09-12,2026-11-08,2026-11-11,Mérida,Paquete,3,0,23147.67,MXN,Confirmada
R001122,C04013,V03711,H0755,2026-09-13,2026-10-12,2026-10-20,Miami,Paquete,5,10,155898.72,MXN,Confirmada
R001123,C00559,V07749,,2026-09-13,2026-11-07,2026-11-17,Monterrey,Vuelo,4,15,4692.0,MXN,Cancelada
R001124,C02366,V05955,H0886,2026-09-14,2026-11-22,2026-12-02,Madrid,Paquete,4,20,102300.58,MXN,Cancelada
R001125,C04161,V07514,H0648,2026-09-14,2026-11-24,2026-12-01,Guadalajara,Paquete,1,15,20995.88,MXN,Confirmada
R001126,C00617,V08431,H0559,2026-09-15,2026-09-29,2026-10-09,Puerto Vallarta,Paquete,4,0,34666.88,MXN,Cancelada
R001127,C03693,V05164,H0473,2026-09-15,2026-10-10,2026-10-13,Los Cabos,Paquete,5,5,33505.83,MXN,Cancelada
R001128,C00728,V01253,H0486,2026-09-15,2026-10-16,2026-10-18,París,Paquete,4,0,106996.68,MXN,Cancelada
R001129,C02483,V05839,H0830,2026-09-15,2026-10-18,2026-10-20,Miami,Paquete,2,10,10989.67,MXN,Confirmada
R001130,C01494,V06608,,2026-09-15,2026-10-20,2026-10-30,Huatulco,Vuelo,3,5,10446.7,MXN,Pendiente
R001131,C00337,V02043,,2026-09-15,2026-10-22,2026-10-25,París,Vuelo,3,10,49390.7,MXN,Confirmada
R001132,C01414,V02157,H0267,2026-09-15,2026-10-22,2026-10-30,Huatulco,Paquete,2,5,13690.22,MXN,Cancelada
R001133,C04376,V02820,H0213,2026-09-15,2026-10-22,2026-10-28,Guadalajara,Paquete,3,20,23163.34,MXN,Confirmada
R001134,C01679,V01091,H0095,2026-09-15,2026-10-24,2026-10-28,Miami,Paquete,3,10,43345.15,MXN,Cancelada
R001135,C03031,V02149,H0186,2026-09-15,2026-10-26,2026-11-05,París,Paquete,5,0,197375.2,MXN,Confirmada
R001136,C03271,,H0220,2026-09-15,2026-10-26,2026-11-01,Monterrey,Hotel,3,10,19117.4,MXN,Pendiente
R001137,C00181,V07921,H0694,2026-09-15,2026-10-28,2026-11-07,Puerto Vallarta,Paquete,3,5,44572.9,MXN,Confirmada
R001138,C04848,,H0159,2026-09-15,2026-10-28,2026-11-02,Las Vegas,Hotel,1,0,13110.35,MXN,Confirmada
R001139,C02088,V04751,H0381,2026-09-15,2026-11-06,2026-11-14,París,Paquete,1,5,48331.81,MXN,Confirmada
R001140,C01895,V04751,H0471,2026-09-15,2026-11-06,2026-11-13,París,Paquete,2,10,38913.98,MXN,Pendiente
R001141,C02227,,H0987,2026-09-15,2026-11-09,2026-11-18,Huatulco,Hotel,3,10,23722.96,MXN,Confirmada
R001142,C04439,V06597,H0247,2026-09-15,2026-11-10,2026-11-12,Cancún,Paquete,3,10,16909.85,MXN,Confirmada
R001143,C04564,V04921,H0762,2026-09-15,2026-11-10,2026-11-18,Huatulco,Paquete,3,0,36894.74,MXN,Confirmada
R001144,C04457,V05683,H0759,2026-09-15,2026-11-11,2026-11-18,Las Vegas,Paquete,2,5,37917.07,MXN,Confirmada
R001145,C03502,V02261,,2026-09-15,2026-11-12,2026-11-20,Miami,Vuelo,4,5,14852.11,MXN,Confirmada
R001146,C00946,V01495,H0040,2026-09-15,2026-11-13,2026-11-18,Monterrey,Paquete,3,10,33751.42,MXN,Cancelada
R001147,C03155,V00756,H0870,2026-09-15,2026-11-13,2026-11-17,Mérida,Paquete,2,20,13950.45,MXN,Pendiente
R001148,C00942,V02769,H0790,2026-09-15,2026-11-15,2026-11-18,Monterrey,Paquete,4,15,16288.07,MXN,Confirmada
R001149,C03965,V08786,H0091,2026-09-15,2026-11-16,2026-11-23,Madrid,Paquete,3,15,87440.52,MXN,Confirmada
R001150,C03166,V01000,,2026-09-15,2026-11-18,2026-11-23,Cancún,Vuelo,5,5,11762.38,MXN,Confirmada
R001151,C02672,V09004,,2026-09-15,2026-11-21,2026-11-24,Mérida,Vuelo,3,0,7278.36,MXN,Pendiente
R001152,C02384,V09358,H0366,2026-09-15,2026-11-27,2026-12-07,París,Paquete,2,20,65572.42,MXN,Confirmada
R001153,C04455,V08804,,2026-09-15,2026-12-02,2026-12-10,Orlando,Vuelo,3,0,25173.51,MXN,Confirmada
R001154,C03341,,H0847,2026-09-15,2026-12-02,2026-12-09,Cancún,Hotel,5,0,54705.0,MXN,Cancelada
R001155,C00061,V09174,H0451,2026-09-15,2026-12-02,2026-12-05,Madrid,Paquete,2,5,36331.27,MXN,Confirmada
R001156,C04703,V00135,H0861,2026-09-15,2026-12-04,2026-12-11,París,Paquete,3,5,97601.5,MXN,Confirmada
R001157,C04656,,H0659,2026-09-15,2026-12-04,2026-12-07,Nueva York,Hotel,2,10,14598.68,MXN,Pendiente
R001158,C02608,,H0099,2026-09-15,2026-12-07,2026-12-14,Las Vegas,Hotel,5,10,45693.4,MXN,Confirmada
R001159,C03819,V07728,H0393,2026-09-15,2026-12-07,2026-12-09,Guadalajara,Paquete,3,10,17196.05,MXN,Pendiente
R001160,C04358,,H0963,2026-09-15,2026-12-07,2026-12-16,Guadalajara,Hotel,4,10,18104.31,MXN,Confirmada
R001161,C01974,V09697,H0991,2026-09-15,2026-12-08,2026-12-11,Madrid,Paquete,5,5,119316.45,MXN,Confirmada
R001162,C03384,V01137,,2026-09-15,2026-12-08,2026-12-14,Los Cabos,Vuelo,4,15,7437.4,MXN,Pendiente
R001163,C00639,V03685,H0431,2026-09-15,2026-12-10,2026-12-16,Acapulco,Paquete,2,15,13563.2,MXN,Confirmada
R001164,C02726,V02364,H0434,2026-09-15,2026-12-11,2026-12-18,Nueva York,Paquete,1,15,35596.4,MXN,Confirmada
R001165,C03062,V02552,H0808,2026-09-15,2026-12-11,2026-12-17,Vancouver,Paquete,2,10,25430.6,MXN,Confirmada
R001166,C02799,V03630,H0639,2026-09-15,2026-12-11,2026-12-15,Las Vegas,Paquete,4,20,54373.22,MXN,Confirmada
R001167,C00378,,H0338,2026-09-15,2026-12-12,2026-12-16,Los Cabos,Hotel,3,10,12254.33,MXN,Confirmada
R001168,C01732,,H0995,2026-09-15,2026-12-13,2026-12-18,Miami,Hotel,5,10,22474.26,MXN,Confirmada
R001169,C03151,,H0022,2026-09-15,2026-12-13,2026-12-17,Cancún,Hotel,1,10,5929.13,MXN,Confirmada
R001170,C01762,,H0500,2026-09-15,2026-12-15,2026-12-25,Miami,Hotel,5,5,103122.4,MXN,Confirmada
R001171,C04139,V09829,H0951,2026-09-15,2026-12-16,2026-12-25,París,Paquete,1,5,74023.28,MXN,Confirmada
R001172,C04349,V09708,H0872,2026-09-15,2026-12-17,2026-12-22,Orlando,Paquete,3,20,28093.67,MXN,Confirmada
R001173,C03802,V07926,H0548,2026-09-15,2026-12-17,2026-12-22,Los Cabos,Paquete,4,0,52170.44,MXN,Confirmada
R001174,C04851,V09170,H0248,2026-09-15,2026-12-18,2026-12-20,Los Cabos,Paquete,3,5,15583.88,MXN,Cancelada
R001175,C03459,V05045,H0619,2026-09-15,2026-12-18,2026-12-28,Puerto Vallarta,Paquete,3,20,20684.86,MXN,Confirmada
R001176,C01448,,H0522,2026-09-15,2026-12-18,2026-12-20,Huatulco,Hotel,2,5,3051.32,MXN,Cancelada
R001177,C02976,V03678,H0702,2026-09-15,2026-12-19,2026-12-26,Huatulco,Paquete,1,0,17831.47,MXN,Confirmada
R001178,C01889,,H0956,2026-09-15,2026-12-20,2026-12-22,Acapulco,Hotel,5,5,14286.19,MXN,Confirmada
R001179,C00234,,H0525,2026-09-15,2026-12-22,2026-12-29,Mérida,Hotel,2,5,20933.34,MXN,Confirmada
R001180,C04075,V05929,H0706,2026-09-15,2026-12-22,2026-12-28,Madrid,Paquete,1,10,38921.35,MXN,Confirmada
R001181,C02668,,H0169,2026-09-15,2026-12-23,2026-12-31,Puerto Vallarta,Hotel,4,10,36943.92,MXN,Cancelada
R001182,C02525,V06154,H0532,2026-09-15,2026-12-23,2027-01-02,Cancún,Paquete,5,0,83378.2,MXN,Cancelada
R001183,C03637,V06154,,2026-09-15,2026-12-23,2027-01-02,Cancún,Vuelo,5,10,18548.28,MXN,Confirmada
R001184,C00586,V08204,,2026-09-15,2026-12-23,2026-12-26,Cancún,Vuelo,3,0,12136.59,MXN,Confirmada
R001185,C02140,V00500,H0039,2026-09-15,2026-12-23,2026-12-27,Las Vegas,Paquete,3,0,50896.63,MXN,Confirmada
R001186,C03508,V04500,,2026-09-15,2026-12-24,2027-01-01,Madrid,Vuelo,2,20,31965.28,MXN,Pendiente
R001187,C01208,V02900,H0217,2026-09-15,2026-12-24,2026-12-27,Cancún,Paquete,1,0,9475.25,MXN,Confirmada
R001188,C01547,,H0838,2026-09-15,2026-12-24,2026-12-28,Vancouver,Hotel,2,0,14244.12,MXN,Confirmada
R001189,C03839,V06004,H0381,2026-09-15,2026-12-24,2027-01-01,París,Paquete,4,10,132358.61,MXN,Confirmada
R001190,C03482,V07564,H0056,2026-09-15,2026-12-25,2026-12-27,Acapulco,Paquete,2,15,8755.92,MXN,Confirmada
R001191,C02872,V07564,H0866,2026-09-15,2026-12-25,2027-01-03,Acapulco,Paquete,1,10,31337.46,MXN,Confirmada
R001192,C01058,V08114,H0525,2026-09-15,2026-12-27,2027-01-04,Mérida,Paquete,1,5,25084.66,MXN,Confirmada
R001193,C03909,V07977,H0815,2026-09-15,2026-12-27,2027-01-05,Miami,Paquete,2,0,36576.75,MXN,Confirmada
R001194,C00105,V04903,,2026-09-15,2026-12-27,2027-01-01,Cancún,Vuelo,4,10,5073.01,MXN,Confirmada
R001195,C04603,,H0754,2026-09-15,2026-12-28,2027-01-01,Puerto Vallarta,Hotel,4,10,11733.05,MXN,Pendiente
R001196,C02838,V07480,H0628,2026-09-15,2026-12-29,2027-01-06,Vancouver,Paquete,3,15,50682.53,MXN,Cancelada
R001197,C03494,V06329,H0085,2026-09-15,2026-12-29,2027-01-02,Monterrey,Paquete,2,0,15310.94,MXN,Confirmada
R001198,C04756,V06329,H0235,2026-09-15,2026-12-29,2027-01-01,Monterrey,Paquete,5,5,41917.56,MXN,Confirmada
R001199,C01910,,H0352,2026-09-15,2026-12-29,2027-01-03,Cancún,Hotel,5,0,20633.25,MXN,Cancelada
R001200,C04608,V09499,H0979,2026-09-15,2026-12-30,2027-01-09,Puerto Vallarta,Paquete,1,5,20839.15,MXN,Confirmada
